voltage_rms_V,current_rms_A,frequency_Hz,temperature_C,irradiance_Wm2,harmonic_3rd_pct,harmonic_5th_pct,harmonic_7th_pct,THD_voltage_pct,THD_current_pct,sensor_fault_flag,disturbance_type,disturbance_label,battery_degradation_rate,battery_capacity_loss_pct,economic_cost_BDT
229.78,14.44,50.01,14.79,0,2.1,0.41,0.83,2.3,2.79,0,None,0,0.00296,0.0001,4.44
229.95,14.52,50.008,14.27,0,2.01,0.78,1.01,2.38,2.31,0,None,0,0.00283,0.0001,4.25
230.1,14.47,49.972,14.89,0,1.74,0.97,0.69,2.11,2.33,0,None,0,0.00357,0.0002,5.36
231.42,14.71,50.017,15.58,0,2,1.26,0.54,2.42,2.52,0,None,0,0.00422,0.0003,6.33
228.88,15.08,49.955,14.16,29.3,2.29,1.61,0.33,2.82,3.62,0,None,0,0.00579,0.0004,8.68
228.73,14.38,49.98,14.15,0,1.92,1.48,0.57,2.49,3.09,0,None,0,0.0043,0.0005,6.45
231.85,0,49.94,15.6,41.9,2.25,0.73,0.65,2.45,3.05,1,None,0,0.00666,0.0006,9.99
229.31,14.49,50.047,14.94,19.5,1.5,1.05,0.23,1.85,2.01,0,None,0,0.00464,0.0007,6.95
228.11,14.34,49.993,13.94,0,1.64,1.23,0.83,2.21,2.25,0,None,0,0.00379,0.0008,5.69
229.27,14.88,50.065,14.74,0,1.56,1.1,0.49,1.97,2.22,0,None,0,0.00569,0.0009,8.54
229.5,15.13,50.024,13.92,63.9,1.66,1.09,0.82,2.15,1.89,0,None,0,0.00368,0.001,5.51
232.33,14.97,50.013,13.91,29.3,2.77,0.51,0.6,2.88,3.58,0,None,0,0.00507,0.0011,7.61
231.39,14.23,49.982,14.47,0,2.44,0.74,0.67,2.63,2.46,0,None,0,0.00442,0.0012,6.63
231.72,14.4,49.969,12.74,0,1.35,1.04,0.42,1.76,2.13,0,None,0,0.00445,0.0012,6.68
231.23,14.79,50.016,12.88,0,2.26,0.04,0.51,2.32,2.2,0,None,0,0.00391,0.0013,5.86
231.42,14.6,49.998,13.8,0,1.77,1.46,0.76,2.41,2.56,0,None,0,0.00344,0.0014,5.17
228.97,14.25,49.96,13.43,0,1.59,0.65,0.57,1.81,2.15,0,None,0,0.00449,0.0015,6.74
229.7,15.09,49.954,14.49,81.7,1.11,1.47,0.32,1.87,1.87,0,None,0,0.00434,0.0016,6.51
228.52,14.39,49.971,13.5,6.2,2.58,1.44,0.63,3.02,2.96,0,None,0,0.00543,0.0017,8.14
229.68,15.16,50.055,13.09,15.9,1.18,0.98,0.7,1.69,2.1,0,None,0,0.00462,0.0018,6.94
231.03,15.13,50.066,15.39,0,1.97,1.6,0.94,2.71,2.26,0,None,0,0.0067,0.0019,10.04
230.2,14.78,50.006,14.03,0,1.43,1.5,0.89,2.25,2.75,0,None,0,0.00269,0.002,4.04
231.97,15.02,50.004,14.25,0,2.47,1.08,0.58,2.75,3.48,0,None,0,0.00426,0.002,6.39
228.29,14.57,49.99,13.05,0,1.8,1.03,0.46,2.13,2.3,0,None,0,0.00375,0.0021,5.62
230.75,15.18,49.972,13.75,91.1,1.92,1.64,0.54,2.58,2.96,0,None,0,0.00447,0.0022,6.71
228.13,15.06,50.041,14.27,0,1.94,1.29,0.47,2.38,2.93,0,None,0,0.00566,0.0023,8.49
230.14,14.64,50.056,13.25,0,2.18,1.62,0.73,2.81,2.86,0,None,0,0.00571,0.0024,8.57
231.11,14.55,49.973,14.47,0,2.01,0.24,0.86,2.2,2.72,0,None,0,0.00426,0.0025,6.39
229.68,14.28,49.998,13.68,51.5,1.97,1.24,0.91,2.5,2.47,0,None,0,0.00284,0.0026,4.25
230.83,14.57,49.987,13.92,0,1.69,0.57,0.5,1.85,1.76,0,None,0,0.00306,0.0026,4.6
228.56,14.83,49.987,13.67,0,1.06,1.19,0.47,1.66,2.14,0,None,0,0.00323,0.0027,4.84
227.5,15.17,50.036,15.62,50.2,1.33,1.49,0.49,2.05,1.67,0,None,0,0.00546,0.0028,8.19
230.84,14.87,49.961,14.12,29.2,2.43,1.9,0.12,3.09,2.96,0,None,0,0.0056,0.0029,8.4
232.62,14.49,50.014,13.28,21.5,1.82,0.82,0.3,2.02,2.08,0,None,0,0.00442,0.003,6.63
228.51,14.16,50.022,14.78,28.6,1.6,0.99,0.59,1.97,1.89,0,None,0,0.00404,0.0031,6.06
231.83,14.79,49.996,13.14,95.8,1.16,1.16,0.69,1.78,1.68,0,None,0,0.00319,0.0032,4.78
230.07,14.87,50.027,14.28,87.4,0.97,0.81,0.72,1.45,1.43,0,None,0,0.00284,0.0032,4.26
228,14.43,50.004,12.54,0,1.58,1.59,0.4,2.28,2.28,0,None,0,0.00381,0.0033,5.71
407.51,15,50.037,13.04,65,2.53,1.17,0.48,2.83,2.37,1,None,0,0.12043,0.0057,180.64
230.02,15.27,49.954,14.26,15.3,1.67,1.25,0.53,2.15,2.55,0,None,0,0.00445,0.0058,6.67
229.39,14.75,49.99,14.69,20,2.24,1.45,0.5,2.71,2.4,0,None,0,0.00363,0.0059,5.45
228.03,14.55,49.998,14.23,0,1.64,1.17,0.77,2.16,1.77,0,None,0,0.00355,0.0059,5.32
227.46,14.52,49.92,13.99,0,2.38,0.87,0.27,2.55,2.8,0,None,0,0.00822,0.0061,12.33
228.73,14.63,49.967,13.84,0,1.79,1.17,0.31,2.16,2.45,0,None,0,0.00462,0.0062,6.93
230.29,14.43,49.976,12.9,33.1,1.26,0.86,0.53,1.61,1.9,0,None,0,0.00302,0.0062,4.53
229.99,14.78,50.028,13.5,42.8,1.84,1.24,0.26,2.23,1.89,0,None,0,0.00366,0.0063,5.49
229.25,14.72,49.979,13.7,0,3.1,1.6,0.12,3.49,3.09,0,None,0,0.00504,0.0064,7.56
230.3,14.71,49.975,14.91,0,3.07,0.73,0.23,3.17,2.82,0,None,0,0.00459,0.0065,6.89
231.56,14.93,50.025,14.34,44.9,2.29,0.59,0.54,2.43,2.66,0,None,0,0.00467,0.0066,7.01
230.59,14.66,49.951,12.65,0,1.92,1.22,0.76,2.4,2.98,0,None,0,0.00521,0.0067,7.81
229.82,14.2,49.938,14.32,29.2,2.18,0.89,0.76,2.48,2.86,0,None,0,0.0057,0.0068,8.56
231.39,14.83,49.989,13.75,14,2.19,1.21,1,2.69,2.58,0,None,0,0.00414,0.0069,6.22
181.56,14.43,49.957,13.51,5.3,1.98,1.33,0.63,2.46,3.02,0,Voltage_Sag,1,0.03622,0.0076,54.33
182.44,14.3,49.958,14.54,0,2.26,0.34,0.66,2.38,2.7,0,Voltage_Sag,1,0.03552,0.0083,53.28
182.47,14.31,50.017,14.87,0,2.12,1.48,0.54,2.64,3.02,0,Voltage_Sag,1,0.0345,0.009,51.75
181.23,14.77,50.026,14.79,0,1.81,0.73,0.55,2.03,2.59,0,Voltage_Sag,1,0.03515,0.0097,52.72
182.21,14.62,50.024,13.37,11,1.28,1.19,1.12,2.08,2.65,0,Voltage_Sag,1,0.03443,0.0104,51.65
180.23,14.09,50.033,13.79,0,1.72,0.94,0.67,2.07,2.06,0,Voltage_Sag,1,0.03619,0.0111,54.29
184.98,14.76,50.037,14.31,0,2.48,0.98,0.69,2.75,3.08,0,Voltage_Sag,1,0.03397,0.0118,50.96
181.59,14.21,49.936,14.82,0,1.98,1.88,0.31,2.75,2.48,0,Voltage_Sag,1,0.03751,0.0126,56.27
184.6,14.62,50.014,13.65,0,2.18,1.33,0.7,2.65,2.66,0,Voltage_Sag,1,0.03293,0.0132,49.4
230.06,14.83,49.984,13.89,41.9,1.83,1.56,0.76,2.52,2.36,0,None,0,0.00336,0.0133,5.03
230.85,14.82,49.978,13.15,0,1.36,1.26,0.88,2.05,2.02,0,None,0,0.00373,0.0134,5.59
229.27,15.09,50.017,13.08,0,1.86,1.45,0.76,2.47,2.81,0,None,0,0.00379,0.0135,5.69
230.31,14.34,49.948,14.68,29.7,1.39,1.37,0.57,2.03,1.84,0,None,0,0.00483,0.0135,7.24
230.98,14.64,49.947,15.12,0,1.35,1.3,0.56,1.96,1.74,0,None,0,0.00522,0.0137,7.83
231,14.52,50.019,13.97,0,2.72,1.64,0.58,3.23,3.2,0,None,0,0.00483,0.0137,7.25
231.16,15.03,50.015,14.83,64.3,1.75,1.26,0.63,2.25,1.91,0,None,0,0.00374,0.0138,5.6
229.45,14.68,50.004,14.32,0,1.56,2.11,0.92,2.78,3.36,0,None,0,0.00335,0.0139,5.02
229.28,14.52,49.974,13.51,11.6,2.97,1.58,0.87,3.48,4.45,0,None,0,0.00527,0.014,7.9
227.61,14.48,50.022,14.32,0,2.49,0.74,0.79,2.71,3.26,0,None,0,0.00539,0.0141,8.09
230.78,14.33,50.02,15.26,0,1.78,1.13,1.11,2.38,2.54,0,None,0,0.00391,0.0142,5.87
231.62,14.99,50.003,14,24.4,2.26,1.36,0.06,2.63,3,0,None,0,0.00382,0.0143,5.73
232.42,14.8,49.965,15.28,0,1.86,1.22,0.48,2.27,2.74,0,None,0,0.00562,0.0144,8.43
230.46,14.8,49.987,11.94,8,1.58,1.47,0.6,2.25,1.87,0,None,0,0.00318,0.0144,4.77
228.85,14.54,50.025,14.69,0,2.28,1.52,0.43,2.78,2.8,0,None,0,0.00478,0.0145,7.18
227.45,14.41,50.04,14.1,0,1.81,0.66,0.37,1.96,1.71,0,None,0,0.00561,0.0146,8.41
231.56,14.43,49.99,13.8,41.5,2.05,1.71,0.17,2.67,2.26,0,None,0,0.00418,0.0147,6.27
227.31,14.77,49.993,14.11,13.4,2.61,1,0.52,2.85,3.36,0,None,0,0.00498,0.0148,7.47
229.49,14.45,49.995,12.45,59.1,2.55,0.96,0.82,2.84,3.5,0,None,0,0.00342,0.0149,5.13
229.66,15.15,50.008,13.86,0,1.67,0.96,0.79,2.08,1.75,0,None,0,0.00272,0.0149,4.07
229.9,14.25,49.983,14.33,5.4,2.29,1.52,0.41,2.78,2.47,0,None,0,0.00372,0.015,5.58
186.24,14.74,49.913,22.36,0,5.55,2.31,0.66,6.05,5.51,0,Combined_Weather_Electrical,1,0.03893,0.0158,58.4
186.37,15.05,50.036,21.24,0,7.07,2.32,0.94,7.5,9.22,0,Combined_Weather_Electrical,1,0.03775,0.0166,56.62
183.26,14.9,50.054,17.48,18.6,4.51,2.46,0.22,5.14,6.46,0,Combined_Weather_Electrical,1,0.03831,0.0173,57.47
230.02,15.01,49.982,13.65,93,2.23,0.48,0.56,2.35,2.78,0,None,0,0.00328,0.0174,4.92
226.66,14.35,49.968,14.78,0,1.82,0.86,0.67,2.12,2.55,0,None,0,0.00591,0.0175,8.86
231.1,14.28,49.996,14.32,20.2,3.25,0.7,0.6,3.38,3.28,0,None,0,0.0043,0.0176,6.45
184.49,14.81,49.994,13.63,0,1.46,1.09,0.81,2,2,0,Voltage_Sag,1,0.03196,0.0182,47.93
182.56,15.08,50.03,14.47,0,2.58,1.47,0.23,2.98,2.8,0,Voltage_Sag,1,0.03541,0.0189,53.12
184.18,14.48,50.002,14.14,0,1.38,1.42,0.35,2.01,2.57,0,Voltage_Sag,1,0.03198,0.0196,47.97
184.47,14.3,49.976,14.84,0,2.3,1.7,0.77,2.97,3.45,0,Voltage_Sag,1,0.03384,0.0203,50.77
186.6,13.84,49.96,13.51,0,2.35,1.61,0.17,2.85,2.77,0,Voltage_Sag,1,0.03313,0.0209,49.7
185.4,14.57,50.026,13.81,26.9,2.03,0.99,0.8,2.4,2.08,0,Voltage_Sag,1,0.03278,0.0216,49.18
185.58,14.55,50.018,13.76,0,1.7,1.21,0.71,2.21,1.98,0,Voltage_Sag,1,0.03208,0.0222,48.11
186.59,15.03,50.032,12.91,0,2.08,1.19,0.79,2.52,2.28,0,Voltage_Sag,1,0.03243,0.0229,48.64
185.05,14.96,49.971,14.32,14,2.16,0.34,0.48,2.24,2.48,0,Voltage_Sag,1,0.03301,0.0235,49.51
186.07,14.71,50.055,14.3,0,3.07,0.71,0.73,3.24,4.05,0,Voltage_Sag,1,0.03464,0.0242,51.97
185.99,14.48,49.948,14.1,0,1.48,1.13,0.31,1.89,2.33,0,Voltage_Sag,1,0.0332,0.0249,49.81
228.07,14.42,50.021,13.91,0,1.67,1.13,0.5,2.07,1.73,0,None,0,0.0044,0.025,6.6
232.21,15.13,49.943,12.97,41.2,2.17,1.4,0.61,2.66,3.07,0,None,0,0.00696,0.0251,10.44
227.87,14.73,49.976,13.77,20.1,1.85,1.39,0.38,2.34,2.07,0,None,0,0.00491,0.0252,7.37
231.38,14,50.047,13.84,9.9,1.94,0.49,0.65,2.11,2.01,0,None,0,0.00534,0.0253,8.02
227.72,14.37,50.025,13.48,0,2.64,1.41,0.31,3.01,3.23,0,None,0,0.00574,0.0254,8.61
230.9,14.41,49.984,13.99,16,0.31,1.27,0.67,1.47,1.79,0,None,0,0.00288,0.0255,4.31
232.79,14.49,49.984,14.45,8.1,1.64,1.45,1.04,2.42,2.22,0,None,0,0.00502,0.0256,7.53
229.68,14.85,50.003,15.64,0,0.95,1.63,0.29,1.91,2.36,0,None,0,0.00227,0.0256,3.4
229.62,14.58,50.015,14.28,0,1.28,1.14,0.59,1.82,2.12,0,None,0,0.00284,0.0257,4.26
230.92,14.59,50.038,14.35,0,3.44,1.7,0.2,3.84,4.37,0,None,0,0.00632,0.0258,9.48
229.51,15,49.986,14.09,0,2.36,0.84,0.39,2.54,2.2,0,None,0,0.00354,0.0259,5.31
232.73,14.32,49.952,12.62,0,2.57,0.82,0.78,2.81,2.91,0,None,0,0.007,0.026,10.51
230.29,15.57,50.005,14.14,101.6,1.95,1.37,0.49,2.44,2.28,0,None,0,0.00286,0.0261,4.29
229.52,14.41,49.986,14.22,0,2.46,1.05,0.79,2.78,3.05,0,None,0,0.00378,0.0262,5.68
229.19,14.73,49.961,16.15,0,0.94,1.3,0.69,1.75,1.99,0,None,0,0.00423,0.0262,6.34
228.6,14.52,50.009,14.03,0,2.62,2,0.58,3.35,2.79,0,None,0,0.00471,0.0263,7.06
229.06,14.74,49.994,14.43,20.8,1.51,1.36,0.34,2.06,2.31,0,None,0,0.00299,0.0264,4.49
229.47,15.01,50.009,14.17,66.9,1.68,1.28,0.77,2.25,2.36,0,None,0,0.00306,0.0265,4.58
229.27,14.69,49.973,13.27,0,2.3,0.85,0.68,2.55,3.11,0,None,0,0.00437,0.0265,6.55
229.01,14.43,50.015,15.13,0,2.19,0.52,0.22,2.26,2.71,0,None,0,0.00364,0.0266,5.45
233.15,14.43,49.96,14.82,32.7,2.05,1.17,0.36,2.39,2.4,0,None,0,0.00642,0.0267,9.63
228.45,15.39,49.975,14.86,0,1.18,1.63,0.09,2.01,2.59,0,None,0,0.00426,0.0268,6.39
230.22,14.43,49.993,13.51,0,2.06,1.07,0.26,2.34,2.55,0,None,0,0.00284,0.0269,4.27
230.89,14.88,50.052,15.37,0,2.58,1.36,0.52,2.96,3.79,0,None,0,0.00615,0.027,9.23
230.95,14.07,50.024,13.13,0,1.68,1.77,0.34,2.46,2.86,0,None,0,0.00426,0.0271,6.39
229.91,14.66,50.032,14.73,27.6,2.79,1.76,0.39,3.32,3.33,0,None,0,0.00499,0.0272,7.49
229.64,14.66,50.043,16.02,0,1.48,1.37,0.95,2.23,2.04,0,None,0,0.00459,0.0273,6.88
230.68,14.72,50.108,13.48,0,2,1.27,0.86,2.52,2.6,0,None,0,0.00837,0.0275,12.55
230.4,13.77,50.001,13.83,0,2.92,0.59,0.43,3.01,3.82,0,None,0,0.00333,0.0275,5
229.61,14.69,50.043,14.37,6,1.59,0.95,0.8,2.02,1.74,0,None,0,0.0044,0.0276,6.6
227.66,14.25,50.03,13.9,0,2.63,1.09,0.9,2.99,3.08,0,None,0,0.00604,0.0277,9.05
229.3,14.72,50.03,13.07,17.4,3.18,0.86,0.75,3.38,3.29,0,None,0,0.00534,0.0278,8
228.28,14.44,50.053,14.38,33.8,2.1,1.3,0.67,2.56,3.16,0,None,0,0.00635,0.028,9.52
229,14.38,49.987,13.48,15.7,1.68,1.96,0.87,2.73,3.28,0,None,0,0.00401,0.028,6.02
230.05,14.63,49.985,14.72,18.1,1.54,1.81,0.79,2.5,2.69,0,None,0,0.00328,0.0281,4.92
230.54,14.26,50.01,13.61,0,2.78,1.3,0.3,3.08,3.11,0,None,0,0.00392,0.0282,5.87
232.67,14.54,49.995,15.6,0,2.77,1.51,0.55,3.2,3.66,0,None,0,0.00522,0.0283,7.82
229.19,14.31,50.01,13.74,19.2,2.87,0.91,0.46,3.05,3.89,0,None,0,0.00405,0.0284,6.07
231.16,14.17,50.047,14.12,29.2,1.98,1.79,0.89,2.81,2.39,0,None,0,0.00591,0.0285,8.87
230.46,14.96,49.986,15.04,0,2.62,0.58,0.45,2.72,3.4,0,None,0,0.00374,0.0286,5.61
231.94,14.18,49.991,13.42,0,1.97,1.57,0.41,2.55,2.42,0,None,0,0.00427,0.0287,6.41
230.86,14.58,50.005,14.59,0,1.47,1.4,0.86,2.2,1.77,0,None,0,0.00303,0.0287,4.54
228.49,14.99,49.993,15.47,21.5,2.67,0.9,0.66,2.9,3.39,0,None,0,0.00423,0.0288,6.34
227.42,14.54,49.943,13.15,41.4,2.98,1.12,1.13,3.38,4.03,0,None,0,0.00793,0.029,11.9
230.47,14.38,49.983,14.59,0,1.39,0.75,0.38,1.62,1.54,0,None,0,0.0028,0.029,4.19
229.21,14.85,50.021,14.66,36.3,1.38,0.76,0.47,1.64,1.95,0,None,0,0.00319,0.0291,4.79
228.53,14.99,50.043,15.09,0,2.02,0.56,0.88,2.28,2.73,0,None,0,0.00539,0.0292,8.09
228.1,14.22,49.965,13.49,0,2.57,1.51,0.28,3,3.41,0,None,0,0.00597,0.0293,8.95
230.24,14.53,49.965,13.43,0,1.32,1.68,0.93,2.33,1.91,0,None,0,0.00423,0.0294,6.34
232.26,14.25,50.001,14.92,29.9,2.14,0.34,0.3,2.18,2.47,0,None,0,0.0037,0.0295,5.55
229.39,14.57,49.938,14.75,13,1.65,1.94,0.75,2.65,3.35,0,None,0,0.00616,0.0296,9.24
230.89,15.01,49.987,14.72,91,2.42,1.2,0.14,2.7,3,0,None,0,0.00395,0.0297,5.92
229.85,14.38,49.948,14.81,0,1.52,1.32,0.61,2.1,2.07,0,None,0,0.00481,0.0298,7.21
228.07,14.55,50.041,14,20.7,2.46,0.61,0.26,2.55,2.76,0,None,0,0.00587,0.0299,8.8
167.91,14.21,49.977,14.75,0,1.91,1.73,1.08,2.79,3.62,0,Voltage_Sag,1,0.04444,0.0308,66.65
165.92,14.66,50.05,14.81,0,1.44,1.28,0.33,1.95,2.02,0,Voltage_Sag,1,0.04622,0.0317,69.34
167.14,14.92,50.033,14.02,0,2.04,1.66,0.39,2.66,3.24,0,Voltage_Sag,1,0.04532,0.0326,67.98
166.74,14.4,49.981,16.09,1.4,0.84,1.69,0.73,2.02,1.76,0,Voltage_Sag,1,0.04425,0.0335,66.37
168.09,14.93,49.968,14.99,29.6,1.66,1.73,0.45,2.45,2.03,0,Voltage_Sag,1,0.04443,0.0344,66.65
228.41,14.73,49.994,13.67,0,2.2,0.94,0.77,2.52,2.5,0,None,0,0.00384,0.0344,5.76
230.59,15.02,49.997,15.16,0,0.94,1.12,0.42,1.52,1.32,0,None,0,0.00206,0.0345,3.09
228.74,14.19,50.01,13.87,10.9,0.46,0.96,0.4,1.13,1.09,0,None,0,0.00247,0.0345,3.71
229.23,14.61,49.977,15.3,0,0.6,1.56,0.59,1.77,2.05,0,None,0,0.00344,0.0346,5.15
224.55,14.77,50.022,15.61,0,2.8,1.33,0.3,3.11,3.18,0,None,0,0.00779,0.0348,11.68
233.14,14.57,50.008,14.04,0,1.95,1.63,0.7,2.64,2.53,0,None,0,0.00508,0.0349,7.62
230.83,14.06,49.99,15.48,31.8,1.68,1.65,0.82,2.49,3.1,0,None,0,0.00354,0.0349,5.31
228.85,14.96,49.979,15.05,38.9,2.57,0.51,0.74,2.72,2.19,0,None,0,0.00454,0.035,6.81
228.31,15.13,49.994,15.39,0,1.76,1.74,0.76,2.59,3.12,0,None,0,0.00397,0.0351,5.95
229.26,14.75,49.975,16.27,0,2.16,1.58,0.12,2.68,2.98,0,None,0,0.00439,0.0352,6.59
231.08,14.32,50.002,14.57,0,2.02,1.05,0.48,2.32,1.91,0,None,0,0.00311,0.0353,4.67
227.16,14.45,50.003,14.18,0,1.72,1.34,0.54,2.24,1.83,0,None,0,0.00422,0.0353,6.34
229.79,15.18,50.008,14.08,12.4,2.18,1.15,0.96,2.64,2.34,0,None,0,0.00317,0.0354,4.76
232.66,14.88,50.053,14.16,0,2.46,1.45,0.45,2.89,3.73,0,None,0,0.00727,0.0355,10.91
228.3,14.83,49.996,14.76,0,1.89,1.05,0.02,2.16,1.82,0,None,0,0.00347,0.0356,5.21
230.12,14.76,50.03,15.11,0,1.72,1.39,0.35,2.24,2.62,0,None,0,0.00383,0.0357,5.74
233.3,14.54,50.007,15.08,22,1.79,1.23,0.43,2.22,2.22,0,None,0,0.00472,0.0358,7.07
230.95,14.9,49.993,15.53,72.1,0.62,1.03,0.06,1.2,1.1,0,None,0,0.00218,0.0358,3.27
230.19,14.62,49.996,14.9,0,2.17,1.28,0.84,2.65,2.89,0,None,0,0.00296,0.0359,4.43
230.76,14.87,49.998,16.07,0,1.27,2.28,0.21,2.62,2.58,0,None,0,0.00321,0.036,4.81
229.4,15.09,50.008,14.71,0,2.38,0.93,0.71,2.65,2.53,0,None,0,0.00346,0.036,5.19
231.95,15.09,49.971,17.11,0,1.95,1.1,0.33,2.26,2.08,0,None,0,0.00497,0.0361,7.45
229.4,14.28,49.956,15.45,8.7,2.06,0.93,0.98,2.47,2.54,0,None,0,0.00505,0.0362,7.58
227.06,14.68,50.02,14.28,0,2.42,0.97,0.53,2.66,2.36,0,None,0,0.00556,0.0363,8.34
229.41,14.83,50.027,14.13,0,1.44,1.53,0.48,2.16,2.64,0,None,0,0.00389,0.0364,5.83
228.55,18.02,50.022,15.39,14.7,9.94,5.8,1.92,11.67,12.78,0,Harmonic_Distortion,1,0.01373,0.0367,20.59
229.58,17.66,50.005,14.84,41.6,7.4,4.51,1.55,8.81,7.32,0,Harmonic_Distortion,1,0.00931,0.0369,13.97
229.61,18.79,50.023,15.6,0,7.73,6.18,3.09,10.37,10.66,0,Harmonic_Distortion,1,0.01177,0.0371,17.66
231.8,17.26,50.021,15.43,0,6.34,3.67,2.29,7.67,8.55,0,Harmonic_Distortion,1,0.00991,0.0373,14.87
231.04,17.35,50.024,15.01,8.6,8.13,4.5,1.8,9.47,11.65,0,Harmonic_Distortion,1,0.01133,0.0375,16.99
230.39,17.75,49.974,14.41,0,10.73,3.16,2.05,11.37,9.23,0,Harmonic_Distortion,1,0.01292,0.0378,19.38
230,18.73,49.967,13.89,69.2,7.25,4.45,2.77,8.95,9.2,0,Harmonic_Distortion,1,0.0106,0.038,15.9
228.41,17.38,49.988,14.76,0,5.51,4.8,1.66,7.49,8.63,0,Harmonic_Distortion,1,0.00911,0.0382,13.66
240.05,31.25,49.999,15.82,0,8.36,5.18,2.7,10.2,9.16,1,Harmonic_Distortion,1,0.01678,0.0385,25.18
230.17,15.08,49.993,15.33,22.2,1.96,1.01,0.02,2.21,2.01,0,None,0,0.00268,0.0386,4.03
231.19,14.6,49.944,14.18,0,2.41,1.5,0.87,2.97,3.1,0,None,0,0.00656,0.0387,9.85
229.84,14.57,50.052,15.33,0,1.05,1.34,0.8,1.88,2.34,0,None,0,0.00457,0.0388,6.86
229.2,14.85,49.992,15.52,0,1.66,1.11,0.14,2,2,0,None,0,0.00293,0.0389,4.4
230.7,14.87,50.005,14.52,41.2,1.76,0.71,0.1,1.9,1.98,0,None,0,0.00261,0.0389,3.92
229.88,14.98,50.037,15.37,0,1.95,1.63,0.81,2.67,2.98,0,None,0,0.00461,0.039,6.92
232.53,15.05,49.93,15.31,0,1.22,1.44,0.79,2.05,1.96,0,None,0,0.00721,0.0391,10.82
231.85,14.86,49.985,14.37,37,1.87,1.3,0.76,2.4,2.96,0,None,0,0.00437,0.0392,6.56
231.44,14.77,49.988,15.59,0,1.81,0.14,0.24,1.84,2.35,0,None,0,0.00335,0.0393,5.03
231.14,14.75,49.99,15.77,0,1.38,1.18,1.06,2.1,2.37,0,None,0,0.00335,0.0394,5.02
228.06,14.88,49.995,16.21,6,1.93,1.1,0.41,2.26,2.53,0,None,0,0.00378,0.0394,5.67
230.99,14.85,50.043,16.2,30.8,1.68,0.95,0.66,2.04,2.32,0,None,0,0.00486,0.0395,7.28
230.56,14.99,50.02,14.28,95.3,2.3,1.5,0.66,2.82,2.53,0,None,0,0.0042,0.0396,6.3
230.91,15.12,50.029,14.65,33.1,1.47,1.49,1,2.32,2.7,0,None,0,0.00435,0.0397,6.52
230.74,15.33,50.001,15.83,46.4,2.05,1.37,0.63,2.55,2.48,0,None,0,0.0031,0.0398,4.66
230.68,14.24,49.958,15.85,0,1.51,1.62,0.7,2.32,3.01,0,None,0,0.00487,0.0399,7.3
234.05,14.7,49.938,15.87,0,1.64,0.79,0.58,1.91,2.25,0,None,0,0.00767,0.04,11.51
301.93,19.82,49.954,18.56,0,2.18,1.02,0.3,2.42,2.65,1,None,0,0.05163,0.0411,77.44
248.81,16.56,50.011,15.96,0,2.14,1.23,0.02,2.47,3.1,1,None,0,0.01528,0.0414,22.91
229.29,14.84,50.001,16.43,0,1.75,0.95,0.61,2.08,2.68,0,None,0,0.00259,0.0414,3.89
231.19,14.92,49.994,16.3,0,1.84,1.49,0.25,2.38,2.88,0,None,0,0.00347,0.0415,5.2
231.41,14.73,49.989,16.08,16,1.13,0.99,0.69,1.65,1.95,0,None,0,0.00312,0.0415,4.68
230.55,14.15,50.06,15.33,14.4,2.84,1.72,0.64,3.38,2.81,0,None,0,0.00676,0.0417,10.13
232.5,14.5,49.975,16.21,20.2,2.41,0.83,0.63,2.63,3.03,0,None,0,0.00549,0.0418,8.24
228.67,14.97,50.028,15,11.6,2.39,2.05,0.34,3.17,3.07,0,None,0,0.00543,0.0419,8.14
229.27,13.85,50,15.45,0,1.04,2.01,0.86,2.42,3.07,0,None,0,0.0029,0.042,4.35
230.32,15.02,49.998,15.28,0,1.64,1.16,0.72,2.14,2.36,0,None,0,0.00244,0.042,3.65
231.32,14.84,50.035,15.75,0,1.8,1.66,0.3,2.47,2.43,0,None,0,0.00509,0.0421,7.64
230.27,15.46,50.044,17.56,71.4,0.84,1.04,1.12,1.74,1.69,0,None,0,0.00411,0.0422,6.17
231.93,14.55,49.993,14.23,0,2.53,1.61,0.55,3.05,3.29,0,None,0,0.00467,0.0423,7
229.01,14.1,50.024,16.3,0,2.87,1.13,0.27,3.1,3.24,0,None,0,0.00494,0.0424,7.42
228.29,14.75,50.011,14.48,0,3.24,0.69,0.41,3.33,3.32,0,None,0,0.005,0.0425,7.49
230.46,15.52,50,15.42,117.4,1.37,0.21,0.22,1.41,1.27,0,None,0,0.00172,0.0425,2.58
229.88,15.01,50.006,16.69,0,2.07,1.09,0.94,2.52,3.02,0,None,0,0.0029,0.0426,4.36
230.81,14.5,49.979,15.89,0,2.79,1.31,0.87,3.21,3.26,0,None,0,0.00477,0.0427,7.15
229.96,14.74,49.991,15,16.6,1.85,1.73,0.78,2.65,2.25,0,None,0,0.00314,0.0427,4.71
229.49,14.6,49.983,15.31,24,1.66,1.21,0.74,2.19,1.84,0,None,0,0.00339,0.0428,5.08
229.89,14.63,50.027,16.45,38.3,0.88,1.6,0.91,2.04,1.88,0,None,0,0.00347,0.0429,5.2
230.04,15.24,49.997,15.34,72.3,2.68,1.02,0.54,2.92,3.14,0,None,0,0.00309,0.0429,4.63
229.54,14.43,49.961,16.12,20.2,1.99,1.07,0.71,2.36,2.07,0,None,0,0.00461,0.043,6.91
229.7,14.43,49.978,16.01,0,1.56,1.62,0.4,2.29,2.08,0,None,0,0.00357,0.0431,5.36
229.39,14.34,49.904,15.47,0,2.17,0.21,0.56,2.25,2.37,0,None,0,0.00745,0.0432,11.17
231.28,14.39,49.985,17.73,12.3,2.09,1.21,0.71,2.52,2.29,0,None,0,0.0041,0.0433,6.15
230.29,15.1,50.001,16.55,82.7,2.1,1.04,0.17,2.35,2.89,0,None,0,0.0026,0.0434,3.9
233.39,14.97,49.996,14.45,0,1.87,1.74,0.45,2.6,2.84,0,None,0,0.00501,0.0435,7.51
230.24,14.85,50.059,16.24,48.1,2.97,0.99,0.64,3.2,2.7,0,None,0,0.00633,0.0436,9.49
229.17,14.26,50.017,15.58,7.2,1.92,1.41,0.58,2.45,2.13,0,None,0,0.00385,0.0437,5.78
234.01,15.13,50.016,16.82,33.5,2.97,1.57,0.49,3.4,3.05,0,None,0,0.0068,0.0438,10.21
230.62,15.18,49.951,15.53,0,2.34,0.6,0.75,2.53,2.82,0,None,0,0.0054,0.0439,8.1
231.49,14.51,49.989,16.09,0,2.21,1.14,0.42,2.52,2.15,0,None,0,0.00404,0.044,6.06
230.89,14.71,49.985,16.61,30,1.93,1.03,0.29,2.21,1.81,0,None,0,0.00352,0.0441,5.28
230.93,15.01,49.976,16.92,26.2,2.58,1.58,0.9,3.16,3.68,0,None,0,0.00495,0.0442,7.42
230.8,15.31,49.976,15.3,38.9,2.07,1.47,0.86,2.68,2.78,0,None,0,0.0044,0.0443,6.6
228.35,14.54,49.946,16.01,0,1.44,1.11,0.45,1.87,2.29,0,None,0,0.00566,0.0444,8.49
230.55,14.3,49.962,15.92,0,1.42,0.78,0.58,1.72,2.06,0,None,0,0.004,0.0445,5.99
228.01,14.88,50.026,15.81,0,2.25,1.62,0.81,2.89,2.71,0,None,0,0.0055,0.0446,8.24
229.74,15.16,49.996,17.77,32.8,1.46,1.17,0.61,1.97,1.76,0,None,0,0.00235,0.0446,3.53
228.91,14.8,49.985,16.7,17,1.96,0.55,0.73,2.17,2.29,0,None,0,0.00364,0.0447,5.45
230.54,14.5,50,15.39,0,2.63,0.59,0.72,2.79,2.35,0,None,0,0.00315,0.0448,4.73
230.5,15.06,50.035,17.16,0,2.18,1.38,0.52,2.63,2.94,0,None,0,0.00471,0.0448,7.06
230.72,14.97,50,18.15,0,1.57,0.69,0.73,1.86,1.5,0,None,0,0.00234,0.0449,3.51
230.43,14.53,50.016,17.3,0,2.85,1.94,0.36,3.47,4.16,0,None,0,0.00456,0.045,6.84
229.09,14.68,49.975,15.29,0,2.33,0.83,0.7,2.57,3.2,0,None,0,0.00443,0.0451,6.65
229.61,14.3,49.981,16.14,0,2.61,1.2,0.58,2.93,3.81,0,None,0,0.00411,0.0452,6.17
231.38,14.98,50.011,17.57,0,0.64,1.26,0.51,1.51,1.46,0,None,0,0.00294,0.0452,4.4
231.6,14.62,50.057,16.01,0,2.2,0.91,0.29,2.4,2.59,0,None,0,0.00628,0.0453,9.42
228.28,14.62,50.043,16.96,0,2.51,0.3,0.63,2.6,3.2,0,None,0,0.00587,0.0455,8.8
227.7,15.08,50.017,17.25,80.9,3.02,1.28,0.61,3.33,3.44,0,None,0,0.00571,0.0456,8.56
228.91,14.91,50.005,15.92,50.1,1.12,0.9,0.39,1.49,1.44,0,None,0,0.00243,0.0456,3.64
231.57,15,50.042,16.64,0,2.72,1.25,0.2,3,2.47,0,None,0,0.00613,0.0457,9.19
231.82,14.83,50.024,14.12,10.9,2.99,1.15,0.19,3.21,3.2,0,None,0,0.00559,0.0459,8.38
228.61,14.72,49.931,15.92,16.7,0.79,1.31,0.54,1.62,1.36,0,None,0,0.00596,0.046,8.94
230.46,15.15,49.968,16.56,47.6,2.29,1.82,0.68,3,2.95,0,None,0,0.00488,0.0461,7.33
232.75,14.81,50.01,15.79,0,2.37,0.98,1.06,2.78,2.7,0,None,0,0.00508,0.0462,7.62
230.62,14.85,49.946,18.12,43.7,1.8,1.01,0.59,2.15,2.42,0,None,0,0.00524,0.0463,7.86
232.13,14.65,49.973,15.7,0,1.71,0.53,0.19,1.8,1.77,0,None,0,0.00453,0.0464,6.8
231.5,14.68,49.979,16.52,0,2.4,1.12,0.55,2.71,2.68,0,None,0,0.00473,0.0465,7.1
228.63,15.02,49.992,17,29,1.63,1.36,0.91,2.31,2.18,0,None,0,0.00359,0.0465,5.38
229.72,14.9,49.991,18.08,51.6,1.87,1.01,0.43,2.17,2.39,0,None,0,0.00278,0.0466,4.18
230.05,14.99,49.991,15.8,103.5,2.49,1.37,0.88,2.97,2.96,0,None,0,0.00344,0.0467,5.16
230.16,15.39,50.025,17.91,0,3.05,1.13,0.64,3.32,4.23,0,None,0,0.00466,0.0468,6.99
231.37,15.14,49.992,17.01,28,2.32,0.68,0.76,2.54,3.16,0,None,0,0.00383,0.0468,5.75
230.61,14.48,49.988,16.25,0,2.08,1.32,1.06,2.69,2.47,0,None,0,0.00366,0.0469,5.49
225.6,15.07,49.96,17.43,31.3,1.69,1.12,0.14,2.03,2.04,0,None,0,0.00693,0.047,10.39
228.03,14.8,50.031,17.25,0,1.39,1.25,0.82,2.04,2.28,0,None,0,0.00487,0.0471,7.3
226.72,14.85,49.98,16.63,0,2.67,0.97,0.58,2.9,2.34,0,None,0,0.00604,0.0473,9.06
230.26,14.8,49.967,17.2,0,1.91,0.94,0.36,2.16,1.97,0,None,0,0.00396,0.0473,5.94
230.36,15.1,50.006,16.86,0,2.69,1.26,0.57,3.03,2.85,0,None,0,0.00358,0.0474,5.37
230.42,14.87,49.977,17.29,0,1.8,1.11,1.02,2.35,2.35,0,None,0,0.00378,0.0475,5.67
228.56,14.87,49.984,17.75,26.4,1.61,1.89,0.93,2.65,3.3,0,None,0,0.00438,0.0476,6.57
231.01,15.3,50.008,18.52,41.1,2.25,1.52,0.1,2.72,2.31,0,None,0,0.00377,0.0476,5.65
231.07,14.88,49.99,16.29,24,1.95,1.42,0.41,2.45,2.04,0,None,0,0.00364,0.0477,5.46
228.12,15.15,50.069,19.02,64.8,1.28,1.13,0.84,1.9,2.15,0,None,0,0.00659,0.0479,9.89
227.8,14.85,49.998,15.78,16.6,3.09,0.39,0.59,3.17,3.11,0,None,0,0.00472,0.0479,7.08
230,14.73,50.019,17.24,0,1.62,0.88,0.6,1.94,1.72,0,None,0,0.00287,0.048,4.3
232.69,15.01,49.942,17.87,54.5,2.56,0.94,0.21,2.73,3.14,0,None,0,0.0074,0.0482,11.1
232.55,14.61,49.974,17.65,0,2.51,1.09,0.41,2.76,2.55,0,None,0,0.00572,0.0483,8.58
230.85,14.67,49.967,16.95,36.4,1.24,1.19,0.26,1.74,1.88,0,None,0,0.00392,0.0483,5.88
187.63,14.72,49.971,24.88,38.5,3.43,3.63,0.19,5,5.02,0,Combined_Weather_Electrical,1,0.03406,0.049,51.09
189.62,14.41,50.012,24.01,11.2,4.36,2.4,0.29,4.99,4.89,0,Combined_Weather_Electrical,1,0.03195,0.0497,47.92
187.97,14.49,50.031,22.97,0,5.64,4.59,0.37,7.28,8.45,0,Combined_Weather_Electrical,1,0.03625,0.0504,54.37
187.58,14.76,50.01,22.41,0,7.58,2.8,0.41,8.09,8.96,0,Combined_Weather_Electrical,1,0.03627,0.0511,54.41
185.89,15.04,49.993,25.63,32.3,6.03,3.63,0.39,7.05,7.45,0,Combined_Weather_Electrical,1,0.03616,0.0518,54.23
188.65,14.67,49.981,22.09,0,6.11,3.67,0.86,7.18,6.2,0,Combined_Weather_Electrical,1,0.03509,0.0525,52.64
187.75,14.11,50.033,22.12,0,7.26,2.41,0.37,7.66,8.37,0,Combined_Weather_Electrical,1,0.03688,0.0533,55.33
188.65,15.39,50.062,21.04,18.6,6.55,3.24,0.96,7.37,8.45,0,Combined_Weather_Electrical,1,0.03745,0.054,56.17
185.7,15.26,50.004,26.12,17,5.43,3.83,0.48,6.66,8.04,0,Combined_Weather_Electrical,1,0.03576,0.0547,53.63
230.25,14.99,50.028,18.25,11.2,2.74,0.67,0.71,2.91,2.76,0,None,0,0.00449,0.0548,6.73
226.35,15.33,50.01,17.11,0,1.5,1.15,0.72,2.03,1.89,0,None,0,0.00492,0.0549,7.38
231.63,14.47,50.023,17.36,0,3.04,1.19,0.38,3.28,3.86,0,None,0,0.00548,0.055,8.22
230.78,15.53,49.965,18.43,34.3,1.23,2.06,0.52,2.45,2.54,0,None,0,0.00471,0.0551,7.07
181.13,14.62,49.985,18.35,8.6,2.47,1.07,0.47,2.73,2.74,0,Voltage_Sag,1,0.03534,0.0558,53
182.12,14.87,50.012,17.88,0,1.16,0.81,0.69,1.57,1.38,0,Voltage_Sag,1,0.03339,0.0565,50.08
180.3,14.59,50.036,18.02,16.7,1.81,1.38,0.57,2.34,2.38,0,Voltage_Sag,1,0.03657,0.0572,54.86
181.54,14.85,49.975,18.98,0,2.06,1.4,0.41,2.52,2.93,0,Voltage_Sag,1,0.03535,0.0579,53.02
231.19,14.89,49.939,17.51,0,1.71,1.17,0.63,2.16,2.22,0,None,0,0.00599,0.0581,8.99
225.36,14.78,49.985,18.45,0,1.89,1.11,0.68,2.3,2.84,0,None,0,0.00607,0.0582,9.11
229.33,15.01,50.03,17.88,0,1.17,1.58,1.06,2.23,1.79,0,None,0,0.00419,0.0583,6.28
229.97,14.82,49.952,17.9,0,1.41,0.86,0.62,1.76,1.57,0,None,0,0.00416,0.0584,6.24
229.71,14.89,49.965,18.98,49.3,2.3,1.06,0.6,2.6,2.88,0,None,0,0.00456,0.0584,6.84
232.19,14.67,50.005,18.8,0,2.02,0.99,0.71,2.36,2.68,0,None,0,0.00402,0.0585,6.02
228.31,15.11,49.997,18.82,7.5,1.59,1.64,0.36,2.31,2.16,0,None,0,0.00358,0.0586,5.37
229.07,14.67,50.018,19.24,0,2.79,1.31,0.17,3.09,3.93,0,None,0,0.00459,0.0587,6.89
227.13,15.09,49.963,18.25,0,1.27,0.77,0.52,1.57,1.52,0,None,0,0.00529,0.0588,7.94
232.27,15.21,49.99,18.8,0,1.78,0.81,0.87,2.14,2.16,0,None,0,0.00411,0.0589,6.16
229.63,14.3,50.036,18.04,0,1.7,1.95,0.91,2.74,3.53,0,None,0,0.00477,0.059,7.16
229.34,15.17,49.964,18.58,0,2.37,1.63,0.13,2.88,2.99,0,None,0,0.0051,0.0591,7.65
229.92,15.52,50.044,18.25,21.6,2.03,1.54,0.77,2.66,2.94,0,None,0,0.00492,0.0592,7.39
230.95,14.93,49.968,18.46,8.9,1.94,1.2,0.05,2.28,2.44,0,None,0,0.0045,0.0593,6.76
230.52,15.02,50.025,18.89,0,0.89,1.8,0.71,2.14,1.9,0,None,0,0.00375,0.0593,5.62
233.97,15.27,49.989,17.79,43.4,2.52,0.76,0.7,2.72,3.53,0,None,0,0.00587,0.0595,8.81
230.68,14.86,49.966,20.15,8.4,1.87,1.5,0.17,2.4,1.99,0,None,0,0.00456,0.0595,6.85
229.3,14.87,49.985,17.7,7.9,2.07,1.02,0.85,2.46,3.18,0,None,0,0.00366,0.0596,5.49
229.16,14.38,50.016,17.57,0,1.55,1.1,1.04,2.17,2.24,0,None,0,0.00353,0.0597,5.3
229.41,14.92,50,19.5,0,1.46,1.49,0.58,2.16,1.94,0,None,0,0.00256,0.0597,3.84
227.75,15.05,50.034,19.24,8.7,2.9,1.14,0.64,3.18,2.81,0,None,0,0.00633,0.0599,9.49
230.06,15.09,50.043,19.14,19,0.94,1.03,0.97,1.69,1.91,0,None,0,0.00389,0.0599,5.83
231.18,15.18,49.965,19.17,0,1.37,1,0.32,1.72,1.99,0,None,0,0.00427,0.06,6.4
229.08,14.6,49.962,18.69,0,2.89,0.41,0.32,2.93,3.67,0,None,0,0.00542,0.0601,8.13
228.79,14.64,49.961,18.01,0,2.38,1.51,0.39,2.85,2.61,0,None,0,0.00559,0.0603,8.39
232.27,15.45,49.973,18.82,10.2,1.8,0.8,0.61,2.06,2.1,0,None,0,0.0049,0.0604,7.35
227.86,14.96,50.033,18.25,47.7,2.75,1.94,0.61,3.42,4.4,0,None,0,0.00647,0.0605,9.71
178.3,14.94,50.017,19.61,0,2.27,1.08,0.46,2.56,2.59,0,Voltage_Sag,1,0.03711,0.0612,55.67
179.38,14.82,49.984,18.74,0,2.14,1.72,0.52,2.8,2.88,0,Voltage_Sag,1,0.03663,0.062,54.94
178.92,14.57,50,18.23,0,2.14,0.48,0.47,2.24,2.11,0,Voltage_Sag,1,0.03556,0.0627,53.34
181.2,15.32,50.042,18.67,0,2.28,1.49,0.48,2.77,3.42,0,Voltage_Sag,1,0.0367,0.0634,55.05
180.32,14.71,50.057,19.29,0,2.3,1.6,0.41,2.83,2.78,0,Voltage_Sag,1,0.0381,0.0642,57.14
180.48,14.61,50.008,18.54,11.5,3.32,1.72,0.41,3.76,4.2,0,Voltage_Sag,1,0.03644,0.0649,54.67
182.1,14.68,49.92,18.36,0,1.88,0.59,0.1,1.98,1.76,0,Voltage_Sag,1,0.0372,0.0656,55.81
228.96,14.33,50.009,19.25,17.1,1.9,0.92,0.54,2.18,2.42,0,None,0,0.0033,0.0657,4.95
231.16,14.67,50.028,19.28,0,1.26,1.43,0.11,1.91,2.42,0,None,0,0.00407,0.0658,6.1
232.27,14.55,50.007,18.71,0,1.97,1.26,0.79,2.47,2.93,0,None,0,0.00428,0.0659,6.42
229.32,0,50.022,18.78,0,3.12,1.32,0.46,3.42,2.85,1,None,0,0.00495,0.066,7.43
231.11,14.93,50.011,19.37,67,2.59,1.06,0.57,2.86,3.19,0,None,0,0.00411,0.066,6.17
229.64,15.07,49.963,18.06,0,1.67,1.82,0.51,2.52,2.72,0,None,0,0.00461,0.0661,6.92
231.39,15.23,49.973,18.13,0,2.02,2.24,0.54,3.07,2.97,0,None,0,0.0053,0.0662,7.95
227.64,15.07,49.99,18.71,0,1.22,1.24,0.92,1.97,2.4,0,None,0,0.00399,0.0663,5.98
227.53,14.79,50.032,19.15,0,1.42,1.38,0.26,2,2.39,0,None,0,0.00521,0.0664,7.81
229.41,15.02,49.977,19.6,24.6,2.09,1.22,0.19,2.43,2.73,0,None,0,0.00396,0.0665,5.94
228.67,14.53,50.014,20.56,15,1.7,1.71,0.63,2.5,2.93,0,None,0,0.00405,0.0666,6.08
229.22,14.89,50.009,20.1,6.7,1.37,1.53,0.48,2.11,1.89,0,None,0,0.00307,0.0667,4.61
229.67,14.79,50.048,19.32,46.5,2.29,0.77,0.69,2.52,3.17,0,None,0,0.00511,0.0668,7.67
231.08,15.08,49.999,19.47,0,1.95,0.95,0.78,2.31,2.62,0,None,0,0.00307,0.0668,4.61
229.39,15.75,49.947,18.72,35.8,1.06,0.8,0.32,1.36,1.41,0,None,0,0.0044,0.0669,6.59
228.76,15.03,50.019,19.54,0,0.75,2.28,0.75,2.51,2.25,0,None,0,0.00429,0.067,6.44
229.47,14.27,50.064,19.35,0,1.66,1.45,0.34,2.23,2.55,0,None,0,0.00578,0.0671,8.67
228.85,14.79,50.021,19.88,0,1.05,0.96,0.62,1.55,1.32,0,None,0,0.00337,0.0672,5.06
228.6,14.89,49.976,18.99,0,0.88,0.93,0.29,1.31,1.26,0,None,0,0.00341,0.0672,5.11
227.58,14.93,49.968,20.1,0,2.68,1.52,0.63,3.14,3.42,0,None,0,0.00635,0.0674,9.52
230.1,15.21,49.971,20.94,120.1,1.94,1.56,0.59,2.56,2.88,0,None,0,0.00406,0.0674,6.09
229.15,15.43,50.06,19.67,119.4,1.84,1.52,0.32,2.41,1.95,0,None,0,0.00597,0.0676,8.95
231.45,14.86,49.99,20.11,81.2,1.89,1.03,0.26,2.17,1.74,0,None,0,0.0036,0.0676,5.4
227.83,15.08,49.98,20.37,112.2,1.32,1.32,0.79,2.03,1.73,0,None,0,0.00444,0.0677,6.65
229.19,15.32,49.995,19.53,61.3,2.25,1.24,0.49,2.61,3.1,0,None,0,0.00338,0.0678,5.07
232.72,15.31,49.99,20.07,177.2,1.92,0.83,0.85,2.26,2.45,0,None,0,0.00451,0.0679,6.76
228.59,15.51,50.047,19.93,112,1.55,0.83,0.46,1.81,2,0,None,0,0.00509,0.068,7.63
229.65,14.91,49.97,20.03,106,1.64,1.36,0.93,2.32,2.56,0,None,0,0.00408,0.0681,6.11
228.18,0,50.035,19.37,190.6,1.26,1.28,0.36,1.83,1.5,1,None,0,0.00479,0.0682,7.19
227.98,14.99,50.004,20.04,78.9,1.76,1.42,0.97,2.46,2.18,0,None,0,0.00396,0.0682,5.94
232.32,15.2,50.036,20.46,85.1,1.86,1.52,0.64,2.48,2.89,0,None,0,0.00581,0.0684,8.71
230.26,15.41,50.047,21.25,87.8,1.74,1.8,0.7,2.6,2.92,0,None,0,0.00514,0.0685,7.71
230.2,15.3,50.003,20.89,130.4,2.03,0.89,0.35,2.25,2.3,0,None,0,0.0025,0.0685,3.76
227.46,15.65,49.991,21.88,152,1.95,1.45,0.78,2.56,2.07,0,None,0,0.00469,0.0686,7.03
230.54,15.72,50.002,19.58,165.9,2.14,1.5,0.79,2.73,2.75,0,None,0,0.00318,0.0687,4.77
231.74,16.2,49.997,20.93,240.7,2.57,1.08,0.52,2.83,2.61,0,None,0,0.0041,0.0688,6.16
231.72,15.36,49.95,20.41,49.5,2.36,1.25,0.07,2.67,3.06,0,None,0,0.00628,0.0689,9.42
231,15.61,50.047,22.05,165.4,2.57,1.09,0.32,2.81,3.41,0,None,0,0.00579,0.069,8.69
228.31,15.32,50.007,19.69,120.4,1.49,2.04,0.32,2.55,2.68,0,None,0,0.00402,0.0691,6.04
230.47,16.07,49.965,19.69,120.9,1.69,1.24,0.71,2.22,2.22,0,None,0,0.00427,0.0692,6.4
231,15.67,49.938,19.92,121.2,2.39,1.38,0.48,2.8,2.63,0,None,0,0.00656,0.0693,9.84
152.77,15.01,49.93,18.74,50.7,2.4,1.09,0.49,2.69,2.27,0,Voltage_Sag,1,0.05654,0.0704,84.82
153.45,15.8,50.023,20.05,98.7,1.59,1.01,0.46,1.94,1.91,0,Voltage_Sag,1,0.05302,0.0715,79.53
155.47,15.53,49.981,19.9,84.1,2.37,0.68,0.97,2.65,3.01,0,Voltage_Sag,1,0.05218,0.0725,78.27
155.46,15.51,49.986,20.66,70,1.43,1.64,0.61,2.26,2.56,0,Voltage_Sag,1,0.05156,0.0736,77.34
153.02,15.41,50.015,20.85,94.9,2.29,1.51,0.65,2.82,2.83,0,Voltage_Sag,1,0.05376,0.0746,80.63
115.68,15.26,49.985,22.11,12,1.98,1.08,0.45,2.3,2.95,0,Voltage_Sag,1,0.07763,0.0762,116.45
115.16,15.93,50.016,21.4,13.2,1.17,0.84,0.59,1.56,1.98,0,Voltage_Sag,1,0.07727,0.0777,115.91
115.67,15.37,50.003,20.22,9.1,1.74,1.27,0.36,2.18,2.7,0,Voltage_Sag,1,0.07689,0.0793,115.33
170.53,14.69,49.997,19.99,36.9,3.31,1,0.69,3.52,3.59,0,Voltage_Sag,1,0.04244,0.0801,63.65
170.53,14.69,49.953,21.14,46.9,2.12,1.11,0.31,2.42,2.83,1,Voltage_Sag,1,0.04356,0.081,65.34
172.18,15.89,49.975,19.73,46.8,3.38,0.69,0.79,3.54,4.48,0,Voltage_Sag,1,0.04248,0.0818,63.72
170.85,15.6,50.018,22.28,47.8,1.13,1.29,0.42,1.76,2.06,0,Voltage_Sag,1,0.04125,0.0827,61.87
171.26,15.65,49.98,21.79,31,2.45,1.29,0.84,2.9,2.77,0,Voltage_Sag,1,0.04223,0.0835,63.34
229.03,15.48,50.036,20.51,202.7,0.48,1.64,1.08,2.02,1.68,0,None,0,0.00446,0.0836,6.69
232.48,15.46,50.07,19.55,182,2,1.14,0.6,2.38,3.04,0,None,0,0.00751,0.0837,11.27
229.82,16.27,50.02,22.04,203.6,2.38,1.07,0.93,2.77,3.59,0,None,0,0.00387,0.0838,5.8
228.62,15.27,50.045,20.9,100.5,2.5,0.58,0.79,2.69,3.08,0,None,0,0.00583,0.0839,8.74
228.93,15.2,50.022,22.02,190.6,1.52,1.64,0.24,2.25,2.15,0,None,0,0.00403,0.084,6.05
230.19,15.4,49.984,19.79,132.5,2.62,1.56,0.63,3.11,3.84,0,None,0,0.00404,0.0841,6.06
231.13,15.57,50.006,20.62,166.1,1.68,1.21,0.73,2.19,2.8,0,None,0,0.00323,0.0842,4.85
228,16.14,50.06,21.14,205.3,1.9,0.67,0.75,2.15,2.26,0,None,0,0.00648,0.0843,9.72
232.77,15.72,49.984,21.2,189.5,1.74,0.71,0.64,1.99,1.9,0,None,0,0.00458,0.0844,6.87
230.46,15.43,49.969,20.84,153.8,1.32,0.98,0.64,1.76,1.77,0,None,0,0.00362,0.0845,5.44
230.7,16.06,49.966,21.73,190.1,2.94,1.59,0.6,3.4,2.84,0,None,0,0.00555,0.0846,8.33
229.85,15.48,49.993,20.42,130.6,2.03,1.32,0.63,2.5,2.71,0,None,0,0.00292,0.0846,4.38
230.03,15.69,49.97,21.19,239.9,2.65,0.6,0.29,2.74,2.71,0,None,0,0.00426,0.0847,6.39
229.78,16.07,50.05,21.44,187.7,2.63,1.36,0.54,3.01,3.74,0,None,0,0.00566,0.0848,8.5
231.53,16.02,50.006,21.79,242.7,1.42,0.86,0.24,1.68,1.57,0,None,0,0.003,0.0849,4.5
229.99,15.72,50.029,21.98,179,2.73,0.99,0.48,2.94,2.37,0,None,0,0.00441,0.085,6.61
231.15,15.71,49.991,20.55,181.2,2.3,1.59,0.45,2.83,3.31,0,None,0,0.00403,0.0851,6.05
191.38,15.29,49.966,23.69,60.3,5.64,3.93,0.44,6.89,5.54,0,Combined_Weather_Electrical,1,0.03379,0.0857,50.69
192.16,15.83,49.961,26.15,83.8,6.98,4.42,0.34,8.27,8.87,0,Combined_Weather_Electrical,1,0.03491,0.0864,52.36
190.91,15.71,49.973,29.8,62.6,4.89,2.38,0.67,5.48,4.88,0,Combined_Weather_Electrical,1,0.03233,0.0871,48.5
193.44,15.84,50.01,25.35,82.1,7.22,2.81,0.52,7.77,8.58,0,Combined_Weather_Electrical,1,0.03213,0.0877,48.2
190.88,16.21,50.016,28.25,68.6,6.88,2.28,0.49,7.26,6.53,0,Combined_Weather_Electrical,1,0.03356,0.0884,50.34
191.51,15.6,50.018,28.86,47.2,6.8,2.39,0.25,7.21,7.57,0,Combined_Weather_Electrical,1,0.03321,0.0891,49.82
229.53,16.07,49.955,22.64,194.3,2.76,1.07,0.53,3.01,2.91,0,None,0,0.00555,0.0892,8.32
229.47,15.68,50,21.78,172.2,1.05,1.21,0.89,1.83,1.63,0,None,0,0.00218,0.0892,3.27
231.08,16.28,49.969,23.41,222.9,1.55,0.69,0.89,1.91,2.11,0,None,0,0.00416,0.0893,6.24
229.53,15.88,50.012,23.2,176.2,1.85,1.11,0.69,2.26,1.91,0,None,0,0.00318,0.0894,4.77
232.09,16.04,50.014,21.64,263.1,3.34,1.78,0.53,3.82,4.86,0,None,0,0.0059,0.0895,8.86
228.77,15.93,49.965,22.65,224.7,1.36,0.76,0.74,1.72,2.05,0,None,0,0.00428,0.0896,6.42
230.25,15.63,50.029,22.42,223.5,0.98,0.67,0.43,1.26,1.58,0,None,0,0.00288,0.0896,4.32
228.84,16.24,50.07,23.04,259.1,1.13,0.7,0.53,1.43,1.18,0,None,0,0.0057,0.0897,8.55
230.63,16.04,50.025,21.2,273.7,2.54,2.26,0.41,3.43,2.75,0,None,0,0.0051,0.0898,7.64
229.98,15.82,49.995,22.56,236.7,1.64,1.39,0.83,2.3,2.26,0,None,0,0.00256,0.0899,3.84
229.77,16.21,49.991,22.89,209,1.9,1.09,0.8,2.33,2.59,0,None,0,0.00296,0.0899,4.44
231.78,15.24,49.994,20.68,171.2,2.46,1.23,0.59,2.81,2.59,0,None,0,0.00429,0.09,6.43
229.02,15.7,49.977,21.17,217.1,1.91,1.29,1.03,2.52,2.71,0,None,0,0.0043,0.0901,6.46
187.47,16.12,50.008,20.52,122.7,2.12,0.94,0.7,2.43,2.68,0,Voltage_Sag,1,0.03054,0.0907,45.81
185.82,16.11,49.966,21.97,140.1,2.32,0.99,0.69,2.62,2.29,0,Voltage_Sag,1,0.03314,0.0914,49.71
186.89,15.98,49.943,22.8,131.4,1.74,1.14,0.66,2.18,2.59,0,Voltage_Sag,1,0.03313,0.0921,49.7
185.3,16.28,50.007,23.46,155.6,1.9,0.91,0.28,2.13,2.7,0,Voltage_Sag,1,0.03161,0.0927,47.41
185.95,16,50.001,22.35,128.2,2.15,1.04,0.38,2.41,2.7,0,Voltage_Sag,1,0.03117,0.0933,46.76
186.66,15.65,49.983,23.63,141.8,2.52,1.34,0.59,2.92,3.71,0,Voltage_Sag,1,0.03204,0.094,48.06
188.97,16.09,49.962,21.26,170.6,1.52,0.8,0.59,1.82,1.68,0,Voltage_Sag,1,0.03051,0.0946,45.76
246.63,20.57,50.009,21.04,277.7,0.19,2.24,0.75,2.37,1.94,1,None,0,0.01366,0.0948,20.48
232.48,15.88,49.97,22.39,264.1,2.41,1.5,0.43,2.87,2.65,0,None,0,0.00597,0.095,8.96
230.33,15.92,49.996,22.78,245,2.56,0.69,0.62,2.72,3.06,0,None,0,0.00314,0.095,4.72
229.42,15.85,50.053,22.48,246.3,2.12,0.21,0.62,2.22,2.44,0,None,0,0.00525,0.0951,7.87
232.31,15.88,50.02,20.89,240.1,2.16,0.92,0.63,2.43,2.27,0,None,0,0.00492,0.0952,7.38
230.66,15.87,49.959,22.51,255.1,1.66,1.47,0.6,2.3,2.31,0,None,0,0.00478,0.0953,7.17
199.39,16.36,49.962,29.48,112.3,6.75,4.36,0.25,8.04,7.91,0,Combined_Weather_Electrical,1,0.02991,0.0959,44.87
200.84,16.21,50.005,27.78,99,7.07,3.69,0.03,7.97,10.16,0,Combined_Weather_Electrical,1,0.02721,0.0965,40.82
199.85,16.2,49.959,29.87,83.6,5.09,2.68,0.36,5.76,5.51,0,Combined_Weather_Electrical,1,0.02749,0.097,41.23
197.63,16.11,49.94,26.86,129.8,6.53,2.95,0.47,7.18,6.43,0,Combined_Weather_Electrical,1,0.03129,0.0976,46.93
201.45,16.13,50.016,30.09,109.7,5.8,3.38,0.31,6.72,7.28,0,Combined_Weather_Electrical,1,0.02614,0.0982,39.21
201.66,15.87,50.01,27.94,85.6,5.29,2.18,0.59,5.75,4.96,0,Combined_Weather_Electrical,1,0.02472,0.0987,37.07
202.63,16.28,50.014,27.85,100.6,5.42,2.61,0.87,6.07,6.4,0,Combined_Weather_Electrical,1,0.0246,0.0991,36.9
200.78,16.05,50.008,27.51,109.6,5.66,4.34,0.78,7.17,8.2,0,Combined_Weather_Electrical,1,0.02662,0.0997,39.94
199.9,16.75,49.998,26.38,133.7,5.24,3.78,0.72,6.51,8.27,0,Combined_Weather_Electrical,1,0.02623,0.1002,39.35
168.2,16.46,49.98,38.09,35.3,8.62,4.28,0.85,9.66,12.04,0,Combined_Weather_Electrical,1,0.05096,0.1012,76.44
168.22,16.11,50.015,33.61,47,8.19,5.49,0.37,9.86,12.04,0,Combined_Weather_Electrical,1,0.05093,0.1022,76.4
194.22,16.33,50.046,27.49,137.1,5.22,3.41,0.49,6.26,6.24,0,Combined_Weather_Electrical,1,0.03189,0.1029,47.83
192.11,18.7,49.985,28.18,107.6,13.22,8.9,1.8,16.04,20,0,Combined_Weather_Electrical,1,0.0415,0.1037,62.25
191.96,19.85,49.969,28.95,113.9,14.24,7.91,2.97,16.56,19.18,0,Combined_Weather_Electrical,1,0.0429,0.1046,64.35
191.27,18.67,49.966,28.14,103.5,10.55,8.14,3.36,13.75,14.03,0,Combined_Weather_Electrical,1,0.04071,0.1054,61.07
192.84,19.55,49.974,26.75,117.1,11.95,6.09,2.95,13.73,14.86,0,Combined_Weather_Electrical,1,0.03927,0.1062,58.9
227.68,18.71,50.006,24.75,320.9,7.83,4.87,1.75,9.39,9.56,0,Harmonic_Distortion,1,0.01121,0.1064,16.81
231.16,18.87,49.936,23.24,351.6,9.76,5.71,3.52,11.84,10.64,0,Harmonic_Distortion,1,0.01581,0.1067,23.72
230.88,19.03,50.013,22.69,371.7,7.74,4.83,2.88,9.57,9.82,0,Harmonic_Distortion,1,0.0108,0.1069,16.2
230.88,18.69,50.019,23.45,301,10.6,4.04,2.09,11.53,13.88,0,Harmonic_Distortion,1,0.01307,0.1072,19.6
189.02,16,49.946,23.23,71.3,2.29,1.18,0.7,2.67,2.5,0,Voltage_Sag,1,0.0321,0.1078,48.14
190.74,16.19,49.971,23.17,93.8,1.42,1.61,0.62,2.23,2.5,0,Voltage_Sag,1,0.02931,0.1084,43.96
189.93,16.25,50.002,23.88,98.1,2.15,0.38,0.09,2.19,2.36,0,Voltage_Sag,1,0.02844,0.109,42.67
188.1,16.86,49.996,24.03,98.5,2.32,1.14,0.54,2.64,3.33,0,Voltage_Sag,1,0.03018,0.1096,45.27
188.13,16.75,50.016,23.03,92.8,1.59,0.37,1.22,2.03,2.39,0,Voltage_Sag,1,0.03012,0.1102,45.18
187.77,16.75,49.996,23.03,98.7,1.37,1.26,0.66,1.98,1.94,0,Voltage_Sag,1,0.02973,0.1108,44.6
189.53,16.87,50.038,23.31,115.1,2.05,1.11,0.75,2.45,2.65,0,Voltage_Sag,1,0.03074,0.1114,46.11
187.62,16.49,49.99,21.72,103.2,1.78,1.74,0.44,2.53,3.18,0,Voltage_Sag,1,0.03065,0.112,45.98
190.19,16.24,49.971,22.38,95.6,2.89,1.48,0.66,3.31,3.03,0,Voltage_Sag,1,0.03075,0.1126,46.13
161.58,16.21,49.968,32,48.9,5.54,2.04,0.6,5.94,6.16,0,Combined_Weather_Electrical,1,0.05215,0.1137,78.23
159.28,16.68,50.022,28.15,51.2,6.13,2.67,0.88,6.74,6.14,0,Combined_Weather_Electrical,1,0.05396,0.1147,80.94
160.01,16.45,50.001,28.92,62,6.62,3.16,0.87,7.39,7.45,0,Combined_Weather_Electrical,1,0.05308,0.1158,79.62
160.22,16.26,50.019,27.47,52,5.28,2.32,0.7,5.81,4.82,0,Combined_Weather_Electrical,1,0.05227,0.1169,78.41
189.94,16.93,50.018,24.02,103.7,1.16,1.19,0.62,1.77,2.2,0,Voltage_Sag,1,0.02882,0.1174,43.23
232.41,17.21,49.939,26.27,355.8,1.39,1.73,0.18,2.22,2.86,0,None,0,0.00683,0.1176,10.24
227.47,16.94,49.966,24.73,422.1,1.99,0.87,0.17,2.18,2.36,0,None,0,0.00554,0.1177,8.31
229.52,17.26,49.969,23.77,459.6,2.02,1.02,0.62,2.35,2.53,0,None,0,0.00419,0.1178,6.29
229.6,16.59,49.976,23.14,402.3,1.97,1.08,0.82,2.39,3.05,0,None,0,0.00387,0.1178,5.81
227.9,16.19,49.987,22.66,390.6,1.81,2.46,0.93,3.2,3.19,0,None,0,0.0052,0.1179,7.8
229.27,16.86,50.03,24.14,391.9,1.8,1.44,0.38,2.34,2.6,0,None,0,0.00431,0.118,6.47
230.64,16.43,50.036,23.41,298.1,2.23,1.65,0.22,2.79,3.39,0,None,0,0.005,0.1181,7.5
168.46,16.77,49.991,22.91,183.7,2.68,1.51,0.83,3.19,3.35,0,Voltage_Sag,1,0.04376,0.119,65.64
167.06,16.63,49.992,23.56,174.6,1.71,1.53,0.4,2.33,2.12,0,Voltage_Sag,1,0.04376,0.1199,65.63
171.93,17.03,49.979,23.25,181,3.46,1.39,0.21,3.74,4.51,0,Voltage_Sag,1,0.04267,0.1207,64
169.06,16.39,50.003,25.5,162.7,3.18,1.35,0.48,3.48,3.26,0,Voltage_Sag,1,0.04336,0.1216,65.04
168.89,16.49,50.006,24.89,169.7,2.8,0.62,0.47,2.9,3.55,0,Voltage_Sag,1,0.04307,0.1225,64.6
167.55,16.39,50.024,24.21,170.6,2.37,1.34,0.93,2.88,3.67,0,Voltage_Sag,1,0.04482,0.1234,67.23
169.05,17.02,50.024,25.43,196.7,3.2,1.16,0.82,3.5,3.76,0,Voltage_Sag,1,0.04445,0.1242,66.68
168.58,16.41,49.931,24.35,173.9,1.83,1.42,0.42,2.35,1.94,0,Voltage_Sag,1,0.04586,0.1252,68.79
166.68,16.9,49.995,23.63,217.7,1.5,1.17,0.95,2.13,2.72,0,Voltage_Sag,1,0.04365,0.126,65.47
167.58,16.74,50.042,25.57,190.6,1.68,1.51,0.63,2.35,2.85,0,Voltage_Sag,1,0.04513,0.1269,67.69
169.64,16.57,49.987,24.82,162.6,1.4,1.58,0.87,2.28,1.96,0,Voltage_Sag,1,0.0423,0.1278,63.45
170.9,16.34,50.034,23.59,183.8,2.07,0.04,0.93,2.27,2.53,0,Voltage_Sag,1,0.04252,0.1286,63.79
169.17,16.78,49.991,24.3,176.1,2.18,1.03,0.53,2.47,2.36,0,Voltage_Sag,1,0.0426,0.1295,63.9
231.65,16.87,50.005,23.79,350.3,2.12,0.46,0.74,2.29,2.21,0,None,0,0.00363,0.1296,5.45
229.77,17.13,49.966,23.42,505.4,1.99,1.3,0.5,2.43,2.65,0,None,0,0.00429,0.1296,6.43
229.87,17.52,49.967,25.3,472.8,2.08,1.08,0.83,2.49,2.87,0,None,0,0.00422,0.1297,6.33
231.64,17.48,50.022,26.12,469.3,3.04,1.74,0.62,3.56,2.87,0,None,0,0.00572,0.1298,8.57
232.49,17.14,50.026,23.51,457.8,2.37,1.28,0.84,2.82,2.48,0,None,0,0.00577,0.13,8.66
231.95,16.77,50.001,25.11,399.2,2.55,1.01,0.98,2.91,3.65,0,None,0,0.00423,0.13,6.34
228.4,16.87,49.963,24.17,438.5,2.11,1.58,0.74,2.74,2.87,0,None,0,0.00562,0.1302,8.43
229.9,17.33,50.001,24.34,494.8,1.03,1.07,0.58,1.6,1.67,0,None,0,0.00173,0.1302,2.59
230.42,16.69,50.038,24.29,422.4,0.91,1,0.58,1.47,1.8,0,None,0,0.00363,0.1303,5.45
229.61,16.01,50.052,24.1,366.5,3.25,1.36,0.14,3.52,3.05,0,None,0,0.00639,0.1304,9.59
230.58,17.14,49.99,24.86,462.1,1.68,1.85,0.42,2.53,2.93,0,None,0,0.00339,0.1305,5.08
231.23,16.65,49.95,24.19,468.8,1.63,1.54,0.83,2.39,2.52,0,None,0,0.00569,0.1306,8.53
231.5,16.8,50.025,25.11,483.3,2.15,1.43,0.84,2.71,3.18,0,None,0,0.00495,0.1307,7.43
232.53,17.19,49.992,24.89,510.4,2.33,2.3,0.42,3.3,3.76,0,None,0,0.00536,0.1308,8.05
229.51,17.15,50.028,24.77,510.1,2.41,0.91,0.64,2.65,3,0,None,0,0.00439,0.1309,6.58
227.95,16.68,50.008,24.27,498.3,3.06,0.9,0.55,3.24,3.98,0,None,0,0.005,0.131,7.5
230.54,17.33,49.973,24.56,539.2,2.9,1.26,0.77,3.25,3.5,0,None,0,0.00493,0.1311,7.4
232.83,17.21,50.002,25.66,434,1.51,1.81,1.15,2.62,2.63,0,None,0,0.00455,0.1312,6.83
229.28,16.91,50.039,25.49,518.3,2.58,0.82,0.78,2.82,2.53,0,None,0,0.00525,0.1313,7.87
231.03,17.61,49.996,24.34,526.6,1.77,1.9,0.43,2.63,2.56,0,None,0,0.00353,0.1313,5.29
231.04,16.52,49.969,25.24,455.4,1.92,0.62,0.58,2.1,2.59,0,None,0,0.00433,0.1314,6.5
230.29,17.62,49.952,25.79,448.3,1.34,1.15,0.95,2.01,1.95,0,None,0,0.00458,0.1315,6.87
230.01,16.9,49.977,23.89,482,0.98,1.27,0.25,1.63,2.1,0,None,0,0.00279,0.1316,4.19
200.84,17.18,49.988,29.25,223.6,5.79,2.42,0.45,6.3,6.95,0,Combined_Weather_Electrical,1,0.02593,0.1321,38.9
199.05,16.77,50.025,29.68,251.1,4.09,2.65,0.78,4.93,5.95,0,Combined_Weather_Electrical,1,0.02635,0.1326,39.52
200.59,17.16,49.966,32.03,227.6,6.62,3.23,0.92,7.42,7.77,0,Combined_Weather_Electrical,1,0.02829,0.1332,42.43
201.54,17.17,50.047,32.59,224.7,3.97,3.91,0.75,5.62,6.33,0,Combined_Weather_Electrical,1,0.02651,0.1337,39.77
165.58,17.09,49.96,37.1,152.7,8.89,3.95,0.45,9.74,12.61,0,Combined_Weather_Electrical,1,0.05375,0.1348,80.63
164.3,17.25,50.07,37.38,174.7,10.05,4.08,0.73,10.87,11.42,0,Combined_Weather_Electrical,1,0.05722,0.1359,85.83
163.85,17.04,50.052,36.5,162.4,6.98,4.89,0.7,8.55,7.97,0,Combined_Weather_Electrical,1,0.05428,0.137,81.42
163.45,17.65,50.004,35.92,161.1,10.25,4.47,0.69,11.2,12.6,0,Combined_Weather_Electrical,1,0.05482,0.1381,82.22
165.11,17.3,49.951,34.11,163,9.09,3.82,0.58,9.88,12.44,0,Combined_Weather_Electrical,1,0.05467,0.1392,82
165.86,18.06,49.998,33.39,181,10.72,4.97,0.61,11.83,9.56,0,Combined_Weather_Electrical,1,0.05374,0.1403,80.61
165.55,17.03,49.988,33.34,157.4,9.42,4.34,0.37,10.38,13.46,0,Combined_Weather_Electrical,1,0.053,0.1413,79.5
165.06,17.47,49.962,33.72,183.4,8.76,6.26,1.22,10.83,11.62,0,Combined_Weather_Electrical,1,0.0551,0.1424,82.65
135.44,17.64,50.009,43.64,103.4,11.67,7.45,0.64,13.86,16.63,0,Combined_Weather_Electrical,1,0.07597,0.144,113.96
136.44,16.89,49.975,44.5,101.3,12.5,6.58,0.74,14.15,12.16,0,Combined_Weather_Electrical,1,0.07641,0.1455,114.61
157.64,17.48,49.979,35.62,265.5,10.49,4.31,0.55,11.36,10.74,0,Combined_Weather_Electrical,1,0.05962,0.1467,89.43
156.8,17.58,49.994,35.45,210,7.67,4.04,0.81,8.71,11.22,0,Combined_Weather_Electrical,1,0.05675,0.1478,85.12
227.69,17.05,49.983,25.46,556.6,1.91,1.34,0.28,2.35,2.22,0,None,0,0.00471,0.1479,7.07
229.92,16.78,50.062,26.61,525,2.15,1.51,0.16,2.63,2.65,0,None,0,0.0058,0.148,8.71
230.54,18.19,49.984,25.37,615.9,2.28,1.26,0.59,2.67,2.51,0,None,0,0.00382,0.1481,5.74
228.86,17.4,50.013,26.54,648.8,1.45,1.17,1.11,2.17,2.24,0,None,0,0.00357,0.1482,5.36
226.54,17.81,50.004,25,651.6,1.24,1.25,0.9,1.98,1.74,0,None,0,0.00446,0.1483,6.69
230.15,17.79,50.011,26.35,637.2,1.86,0.86,0.4,2.09,2.2,0,None,0,0.00271,0.1483,4.07
228.82,16.75,50.013,27.11,583.9,3.18,1,0.73,3.41,3.24,0,None,0,0.00483,0.1484,7.24
228.82,17.34,50.026,24.02,580.7,1.51,1.13,0.44,1.94,2.34,0,None,0,0.00403,0.1485,6.04
229.47,17.43,50.008,25.39,532,2.7,1.48,0.71,3.16,3.15,0,None,0,0.00391,0.1486,5.86
229.8,18.07,50.007,26.52,683.8,2.95,1.75,0.73,3.51,4.2,0,None,0,0.00398,0.1486,5.96
229.99,17.97,50.002,25.92,624.6,2.03,1.11,0.83,2.46,2.75,0,None,0,0.00255,0.1487,3.83
228.67,17.46,49.996,26.41,589.7,1.59,0.78,0.21,1.79,2.25,0,None,0,0.00286,0.1488,4.29
229.67,18.06,49.973,25.67,666,2.31,1.21,0.28,2.62,3.16,0,None,0,0.00421,0.1488,6.31
229.67,18.06,49.998,26.25,577.4,2.12,2,0.58,2.97,3.72,1,None,0,0.00328,0.1489,4.92
230.47,17.33,50.007,26.09,636.1,1.48,0.82,0.34,1.73,1.84,0,None,0,0.00239,0.149,3.59
225.72,17.34,50.012,27.17,616.5,1.6,1.55,0.32,2.26,2.84,0,None,0,0.00565,0.1491,8.48
229.57,17.39,50.005,26.47,652.4,2.27,1.73,0.67,2.94,2.58,0,None,0,0.00349,0.1491,5.23
231.38,18.04,49.993,26.57,627.8,2.56,1.06,0.37,2.79,2.35,0,None,0,0.00404,0.1492,6.06
228.41,17.05,49.998,26,575.9,1.81,0.92,1.16,2.34,2.48,0,None,0,0.00346,0.1493,5.19
231.07,17.84,49.983,25.97,640.4,1.96,1.43,0.47,2.47,3,0,None,0,0.004,0.1494,6
231.73,17.85,50.009,26.05,682.8,2.4,1.34,0.53,2.8,2.54,0,None,0,0.0044,0.1495,6.6
225.04,17.78,49.993,26.74,643.2,1.9,1.48,0.67,2.5,3.21,0,None,0,0.00606,0.1496,9.1
229.77,18.33,50.005,26.12,678.9,1.82,2.03,0.22,2.74,2.44,0,None,0,0.00315,0.1496,4.73
225.69,17.54,50.03,26.72,609.6,1.55,1.27,0.73,2.13,2.46,0,None,0,0.00644,0.1498,9.66
229.82,18.11,49.979,28.17,653.8,1.54,0.72,0.69,1.83,2.3,0,None,0,0.00301,0.1498,4.52
229.99,17.81,50.018,27.24,633.4,3.6,1.23,0.51,3.84,4.92,0,None,0,0.00474,0.1499,7.11
226.28,17.94,50.001,26.31,691.7,1.88,1.3,0.67,2.38,2.69,0,None,0,0.00486,0.15,7.29
232.89,18.63,50.061,27.56,666.6,2.82,1.71,0.71,3.37,3.66,0,None,0,0.00829,0.1502,12.43
230.43,17.57,49.994,26.31,696.4,3.01,1.12,0.96,3.35,2.83,0,None,0,0.00396,0.1503,5.94
228.73,18.4,50.021,25.03,715.8,1.89,1.04,1.23,2.48,2.01,0,None,0,0.00435,0.1504,6.53
232.2,18.2,50,25.89,703.4,2.22,0.65,0.33,2.34,3.02,0,None,0,0.0038,0.1504,5.69
227.31,17.78,49.958,25.22,690.1,2.06,1.42,0.28,2.52,2.36,0,None,0,0.00636,0.1506,9.54
228.16,18.28,49.984,26.47,642.7,1.03,2.54,0.63,2.81,2.35,0,None,0,0.0048,0.1507,7.19
226.55,17.43,50.026,26.79,686,1.07,1.11,0.08,1.54,1.65,0,None,0,0.00511,0.1508,7.67
232.7,17.82,49.987,28.15,668.2,2.03,1.38,0.76,2.57,2.46,0,None,0,0.00498,0.1509,7.47
230.5,17.61,49.933,27.1,679.2,1.75,0.98,0.63,2.1,2.05,0,None,0,0.00575,0.151,8.63
230.99,18.08,49.999,26.69,681.4,3.13,0.69,0.69,3.28,3.21,0,None,0,0.00398,0.151,5.96
230.45,17.59,49.967,27.56,660.6,1.86,1.37,0.52,2.37,2.19,0,None,0,0.0043,0.1511,6.45
230.86,17.79,50.004,25.16,624.9,3.17,1.21,0.66,3.46,4.44,0,None,0,0.00422,0.1512,6.33
230.12,17.92,50.047,27.14,679.9,1.71,0.25,0.72,1.87,1.75,0,None,0,0.00428,0.1513,6.42
230.41,18.01,50.023,27.6,717.8,3.15,1.84,0.65,3.71,4,0,None,0,0.00512,0.1514,7.69
230.16,17.95,50.046,25.83,659.5,2.3,1.37,0.26,2.69,2.47,0,None,0,0.0051,0.1515,7.65
229.09,20.71,49.983,27.95,717.5,8.69,6.09,2,10.8,12.76,0,Harmonic_Distortion,1,0.01224,0.1518,18.36
186.06,20.76,49.996,27.34,184.6,7.69,6.56,3.93,10.84,9.92,0,Voltage_Sag,1,0.03971,0.1525,59.57
186.45,21.92,49.969,26.76,177.2,9.75,5.73,3.16,11.74,13,0,Voltage_Sag,1,0.04171,0.1534,62.56
186.25,20.96,49.979,27.63,183.7,8.46,4.94,2.13,10.02,12.19,0,Voltage_Sag,1,0.03958,0.1542,59.36
184.33,17.67,49.972,28.97,172.9,1.91,1.36,0.99,2.55,2.38,0,Voltage_Sag,1,0.03373,0.1548,50.59
227.98,18.14,49.961,27.33,780.4,1.8,1.63,0.41,2.46,2.95,0,None,0,0.00573,0.155,8.6
231.62,17.72,50.041,27.41,708,1.85,1.72,0.82,2.66,2.25,0,None,0,0.00576,0.1551,8.65
229.54,18.35,49.937,26.87,714.5,2.97,2,0.47,3.61,3.1,0,None,0,0.00705,0.1552,10.58
230.88,17.86,50.041,26.58,634.1,2.51,0.87,0.87,2.8,2.8,0,None,0,0.00542,0.1553,8.14
228.36,18.59,50.037,27.96,794.4,2.87,0.97,0.8,3.13,3.14,0,None,0,0.00607,0.1554,9.1
227.79,18.37,50.015,26.63,811.9,2.19,1.34,0.5,2.62,2.77,0,None,0,0.00481,0.1555,7.21
228.73,18.11,49.967,27.4,731.4,2.02,0.89,0.53,2.27,1.85,0,None,0,0.00477,0.1556,7.16
229.67,18.12,49.953,26.99,746.6,2.25,0.95,0.84,2.59,2.22,0,None,0,0.00518,0.1557,7.77
229,18.18,49.984,27.78,729.9,2.64,1.39,0.14,2.99,2.41,0,None,0,0.00446,0.1558,6.69
231.94,18.65,50.019,27.69,778.6,1.85,1.56,0.49,2.47,3.16,0,None,0,0.00467,0.1559,7.01
193.69,18.66,50,32.84,426.6,6.21,4.7,0.76,7.82,7.48,0,Combined_Weather_Electrical,1,0.0315,0.1566,47.26
177.35,18.2,49.969,36.56,242.6,7.8,5.77,0.52,9.72,11.12,0,Combined_Weather_Electrical,1,0.04562,0.1575,68.43
175.7,18.57,50.034,39.25,273.5,7.65,5.5,0.63,9.44,10.43,0,Combined_Weather_Electrical,1,0.04658,0.1584,69.87
172.48,18.56,50.051,37.11,265.1,10.05,3.94,0.09,10.79,12.55,0,Combined_Weather_Electrical,1,0.05083,0.1594,76.25
176.45,18.48,49.993,38.1,271.6,6.8,6.22,0.39,9.22,11.45,0,Combined_Weather_Electrical,1,0.04449,0.1603,66.74
173.51,18.61,50.003,40.33,277.5,9.67,5.89,0.77,11.35,10.4,0,Combined_Weather_Electrical,1,0.04835,0.1613,72.53
208.64,18.78,49.955,32.11,513,6.21,2.81,0.41,6.83,6.92,0,Combined_Weather_Electrical,1,0.02302,0.1617,34.53
207.28,18.18,49.988,30.48,517.3,6.44,3.09,0.27,7.15,6.9,0,Combined_Weather_Electrical,1,0.02259,0.1622,33.89
211.24,18.2,50.015,34.95,516.5,5.4,3.86,0.87,6.69,5.63,0,Combined_Weather_Electrical,1,0.01969,0.1626,29.54
210.29,18.32,50.011,36.02,549.8,5.86,1.62,0.73,6.13,5,0,Combined_Weather_Electrical,1,0.01951,0.163,29.27
429.61,18.62,49.985,34.66,537.3,6.13,2.61,0.33,6.67,7.88,1,Combined_Weather_Electrical,1,0.13761,0.1657,206.41
208.16,18.05,49.992,36.81,534.1,5.28,4.55,0.63,7,6.05,0,Combined_Weather_Electrical,1,0.02165,0.1662,32.48
208.66,18.41,49.987,34.6,496.8,5.84,1.68,0.34,6.09,4.92,0,Combined_Weather_Electrical,1,0.02067,0.1666,31.01
166.08,18.38,49.992,33.69,255.7,5.1,3.72,0.56,6.34,6.46,0,Combined_Weather_Electrical,1,0.04844,0.1675,72.66
182.37,18.95,50.013,26.4,414.4,1.34,1.47,0.64,2.09,2.01,0,Voltage_Sag,1,0.03379,0.1682,50.68
181.11,18.41,49.941,29.04,399,2.25,0.47,0.4,2.33,1.94,0,Voltage_Sag,1,0.03716,0.169,55.74
228.92,18.63,49.998,28.4,843,1.42,1.11,0.79,1.97,1.63,0,None,0,0.00278,0.169,4.18
229.99,21.88,50.01,27.85,890.3,9.96,5.92,3.1,11.99,15.07,0,Harmonic_Distortion,1,0.01252,0.1693,18.78
231.85,21.86,49.983,28.15,864.1,7.05,5.83,2.41,9.46,12.01,0,Harmonic_Distortion,1,0.01152,0.1695,17.28
230.64,20.93,49.986,27.05,829.3,8.7,3.86,2.33,9.79,10.2,0,Harmonic_Distortion,1,0.01093,0.1697,16.4
164.1,21.3,49.986,29.93,361.1,8.6,3.7,2.51,9.69,11.86,0,Voltage_Sag,1,0.05334,0.1708,80.02
165.63,20.87,49.986,28.1,325.9,10.62,2.83,3.6,11.57,13.88,0,Voltage_Sag,1,0.05427,0.1719,81.4
164.52,18.73,50,28.11,369.9,1.92,1.18,0.58,2.32,2.53,0,Voltage_Sag,1,0.04504,0.1728,67.56
165.89,18.55,50.004,28.63,368.3,2.13,2.09,0.37,3,3.53,0,Voltage_Sag,1,0.04501,0.1737,67.51
167.65,19.13,49.937,28.46,382.4,1.48,1.5,0.64,2.21,2.79,0,Voltage_Sag,1,0.04602,0.1746,69.03
164.55,18.09,50.02,28.28,374,1.57,1.6,0.79,2.38,2.57,0,Voltage_Sag,1,0.04604,0.1755,69.06
165.8,18.48,49.991,27.49,372.3,2.67,1.52,0.73,3.16,3.33,0,Voltage_Sag,1,0.04546,0.1764,68.2
164.13,18.57,50.058,28.52,347.5,1.67,0.92,0.33,1.94,1.55,0,Voltage_Sag,1,0.04779,0.1774,71.69
164.81,18.78,49.964,29.67,363.7,2.71,1.32,0.79,3.12,3.34,0,Voltage_Sag,1,0.04742,0.1783,71.13
164.97,19.26,49.974,29.27,390.3,2.36,1.64,0.58,2.94,3.55,0,Voltage_Sag,1,0.04665,0.1793,69.98
229.71,19.44,49.994,29.49,925.6,1.07,1.53,0.73,2,2.37,0,None,0,0.0025,0.1793,3.75
233.69,18.63,50.012,27.83,855.8,2.32,1.28,0.4,2.68,3.01,0,None,0,0.00571,0.1794,8.56
229.54,19.17,49.941,27.47,875.6,2.31,1.41,0.86,2.84,2.31,0,None,0,0.00607,0.1795,9.1
230.88,18.71,49.975,28.19,903.3,2.25,2.19,0.65,3.2,4.05,0,None,0,0.00502,0.1796,7.53
185.23,18.94,50.018,36.18,303.5,3.97,2.98,0.9,5.05,5.12,0,Combined_Weather_Electrical,1,0.03514,0.1803,52.71
188.12,19.44,49.972,35.58,321.6,4.7,3.99,0.22,6.17,6.7,0,Combined_Weather_Electrical,1,0.0349,0.181,52.36
188.98,18.99,50.041,32.06,306.5,7.69,4.12,0.25,8.73,8.72,0,Combined_Weather_Electrical,1,0.03753,0.1818,56.3
186.94,19.05,49.986,37.19,330.7,4.47,2.63,0.54,5.21,5.08,0,Combined_Weather_Electrical,1,0.03398,0.1825,50.96
184.52,18.75,49.973,32.43,321.3,5.43,3.96,0.97,6.79,7.17,0,Combined_Weather_Electrical,1,0.0378,0.1832,56.7
187.54,18.42,50.018,35.91,324.4,6.65,3.74,1.09,7.71,8.07,0,Combined_Weather_Electrical,1,0.03631,0.184,54.47
187.61,18.78,50.048,30.86,309.6,6.36,3.16,0.38,7.11,6.95,0,Combined_Weather_Electrical,1,0.03716,0.1847,55.75
188.47,18.58,50.012,33.35,332.2,6.05,4.76,0.61,7.72,9.28,0,Combined_Weather_Electrical,1,0.03542,0.1854,53.14
190.05,19.01,50.038,32.24,353.1,5.8,3.31,0.64,6.71,5.54,0,Combined_Weather_Electrical,1,0.03466,0.1861,51.99
187.12,18.37,50.05,32.6,309.1,5.73,3.79,0.78,6.92,5.94,0,Combined_Weather_Electrical,1,0.0374,0.1868,56.1
186.54,18.66,49.972,32.83,319.7,4.48,3.95,0.82,6.03,5.07,0,Combined_Weather_Electrical,1,0.03576,0.1876,53.64
228.25,23.76,50.028,27.52,905.2,8.09,6.31,1.32,10.35,11.2,0,Harmonic_Distortion,1,0.0129,0.1878,19.34
161.86,24.05,49.954,28.31,470.8,7.65,3.55,1.77,8.61,8.67,0,Harmonic_Distortion,1,0.05534,0.1889,83
162.16,23.57,50.013,29.94,444.7,8.35,6.44,2.71,10.89,11.17,0,Harmonic_Distortion,1,0.05577,0.19,83.65
128.55,23.65,49.998,28.42,173.6,8.07,5.73,3.28,10.43,11.35,0,Harmonic_Distortion,1,0.0767,0.1916,115.05
129.66,23.97,50.037,27.45,211,7.86,6.62,2.06,10.48,10.09,0,Harmonic_Distortion,1,0.07779,0.1931,116.68
129.4,23.7,50.035,28.47,206.2,8.22,5.57,2.49,10.23,9.12,0,Harmonic_Distortion,1,0.0776,0.1947,116.4
129.04,23.59,50.017,28.47,184.7,9.18,7.63,2.75,12.25,11.68,0,Harmonic_Distortion,1,0.07894,0.1963,118.41
128.25,19.37,50.009,26.55,195.2,2.32,2.09,0.51,3.16,4.1,0,Voltage_Sag,1,0.06997,0.1977,104.95
117.82,19.34,50.015,34.03,150.1,6.33,4.26,0.92,7.68,9.81,0,Combined_Weather_Electrical,1,0.08161,0.1993,122.41
165.49,19.12,50.002,31.71,295.7,6.47,2.89,0.38,7.09,9.07,0,Combined_Weather_Electrical,1,0.04926,0.2003,73.89
168.42,0,49.998,34.48,290.2,4.48,3.22,1.16,5.64,4.59,1,Combined_Weather_Electrical,1,0.0459,0.2012,68.85
168.19,19,50.043,36.78,277.3,4.76,2.45,0.81,5.41,4.57,0,Combined_Weather_Electrical,1,0.04789,0.2022,71.84
168.36,19.16,50.047,33.88,281.1,6.43,1.59,0.92,6.68,5.5,0,Combined_Weather_Electrical,1,0.04923,0.2031,73.84
211.41,18.9,49.996,35.67,643,6.09,3.98,0.34,7.28,8.79,0,Combined_Weather_Electrical,1,0.01962,0.2035,29.43
211.24,18.69,50.007,31.24,679.6,6.21,1.64,1.05,6.51,8.43,0,Combined_Weather_Electrical,1,0.01909,0.2039,28.64
210.56,18.77,50.002,34.11,625.1,5.45,4,0.3,6.77,7.26,0,Combined_Weather_Electrical,1,0.01957,0.2043,29.36
210.78,19.38,49.952,32.08,628.5,6.65,3.2,0.55,7.4,8.52,0,Combined_Weather_Electrical,1,0.02235,0.2048,33.53
208.78,19.67,49.99,33.33,680.6,5.6,3.06,0.93,6.45,6.3,0,Combined_Weather_Electrical,1,0.02079,0.2052,31.19
209.91,18.82,50.048,34.25,652.5,6.78,3.67,0.73,7.74,9.16,0,Combined_Weather_Electrical,1,0.02324,0.2056,34.86
210.78,19.53,49.978,32.65,693.7,5.31,3.27,0.29,6.24,7.04,0,Combined_Weather_Electrical,1,0.0199,0.206,29.85
228.9,18.64,50.063,28.86,912.7,2.1,1.15,0.88,2.55,3.07,0,None,0,0.00645,0.2062,9.67
231.29,19.51,50.035,28.54,939.3,1.76,0.8,0.68,2.05,2.15,0,None,0,0.00465,0.2063,6.97
229.01,19.03,50.012,28.58,906.5,2.47,0.49,0.5,2.57,2.3,0,None,0,0.00381,0.2063,5.72
230.32,19.42,50.017,29.01,945.5,2.11,0.5,0.21,2.17,2.26,0,None,0,0.00323,0.2064,4.84
230.17,18.37,49.972,28.62,887.9,1.83,1.41,0.71,2.42,2.31,0,None,0,0.00391,0.2065,5.87
231.12,19.25,49.992,28.5,929.3,0.84,1.03,0.56,1.44,1.65,0,None,0,0.00257,0.2065,3.85
231.35,18.93,50.043,29.18,893.2,2.15,1.06,0.64,2.48,2.15,0,None,0,0.00552,0.2066,8.28
231.04,19.52,49.982,28.91,980.1,1.81,1.03,0.2,2.1,2.02,0,None,0,0.0037,0.2067,5.54
226.84,19.62,50.032,30.33,982.7,1.96,1.14,0.5,2.33,1.87,0,None,0,0.00598,0.2068,8.97
231.79,18.82,49.959,27.03,886.5,1.29,0.71,0.72,1.64,1.98,0,None,0,0.00487,0.2069,7.31
203.28,19.26,49.964,35.89,634.2,6.5,3.89,1.07,7.65,7.68,0,Combined_Weather_Electrical,1,0.02687,0.2075,40.31
200.65,19.88,50.057,37.24,664.4,5.04,2.63,0.55,5.71,6.78,0,Combined_Weather_Electrical,1,0.0277,0.208,41.56
201.59,19.11,50,30.66,603.9,6.26,2.31,0.96,6.74,5.72,0,Combined_Weather_Electrical,1,0.02529,0.2085,37.93
218.98,17.51,49.984,34.74,587.6,5.14,2.67,0.8,5.84,5.24,1,Combined_Weather_Electrical,1,0.01384,0.2088,20.76
198.72,19.38,50.041,36.12,675.5,6.26,3.28,0.66,7.1,8.69,0,Combined_Weather_Electrical,1,0.02954,0.2094,44.31
200.31,18.51,50.037,32.21,572.5,4.29,3.96,0.35,5.85,6.42,0,Combined_Weather_Electrical,1,0.02708,0.2099,40.62
200.57,19.05,50.028,36.26,607,7.68,3.76,0.36,8.56,6.88,0,Combined_Weather_Electrical,1,0.02914,0.2105,43.71
200.81,19.55,49.983,34.29,611.9,4.47,2.67,0.75,5.27,6.6,0,Combined_Weather_Electrical,1,0.02516,0.211,37.73
200.02,19.58,49.991,36.29,642.1,4.7,3,0.47,5.6,7.23,0,Combined_Weather_Electrical,1,0.02558,0.2115,38.37
200.32,19.19,50.009,37.89,618.2,5.9,4.01,0.45,7.15,8.08,0,Combined_Weather_Electrical,1,0.02697,0.2121,40.46
201.26,19.47,50.021,34.01,597.5,4.98,2.87,0.55,5.77,6.72,0,Combined_Weather_Electrical,1,0.02556,0.2126,38.33
200.27,18.89,49.985,36.64,587,4.95,2.32,0.56,5.5,4.77,0,Combined_Weather_Electrical,1,0.02565,0.2131,38.48
230.82,19.2,50.005,28.47,961.2,1.76,1.23,0.83,2.3,2.72,0,None,0,0.00309,0.2132,4.63
231.02,19.04,50.008,28.97,935.8,1.64,1.34,0.47,2.17,1.84,0,None,0,0.00324,0.2132,4.85
233.57,19.54,50.039,29.8,979.2,3.52,1.36,0.8,3.86,4.8,0,None,0,0.00812,0.2134,12.18
231.69,18.67,50.023,28.45,956,1.98,1.23,0.71,2.43,2.56,0,None,0,0.00466,0.2135,7
230.36,18.83,49.955,30.01,919.9,1.9,1.57,0.18,2.47,2.15,0,None,0,0.00497,0.2136,7.46
229.07,19,49.994,29.27,1031,1.57,1.21,0.67,2.1,1.77,0,None,0,0.00302,0.2136,4.53
230.44,19.13,49.972,29.17,962,2.15,1.04,0.07,2.38,2.43,0,None,0,0.00407,0.2137,6.1
230.49,19.5,50.017,30.06,932.3,2.12,0.83,0.38,2.31,1.85,0,None,0,0.00348,0.2138,5.22
229.23,19.15,50.028,29.86,977.3,1.99,0.58,0.72,2.19,2.81,0,None,0,0.00408,0.2139,6.12
231.18,19.16,50.003,29.23,987.8,2.23,1.78,0.6,2.92,2.58,0,None,0,0.00384,0.2139,5.75
227.9,19.35,49.992,30.46,916.2,3.06,0.92,0.16,3.2,3.23,0,None,0,0.00497,0.214,7.45
229.63,19.66,50.002,28.69,1000.2,1.64,0.83,0.32,1.87,2.06,0,None,0,0.00221,0.2141,3.32
191.27,19.16,50.006,35.18,626.9,5.48,3.24,0.05,6.37,7.25,0,Combined_Weather_Electrical,1,0.03194,0.2147,47.91
190.22,19.84,49.981,33.55,700.6,5.04,3.51,0.26,6.15,6.65,0,Combined_Weather_Electrical,1,0.03305,0.2154,49.57
190.32,19.09,49.963,35.57,669.7,6.68,4.31,0.74,7.99,7.1,0,Combined_Weather_Electrical,1,0.03569,0.2161,53.54
190.41,27.03,49.938,36.75,645.7,12.83,7.89,2.84,15.33,15.88,0,Harmonic_Distortion,1,0.04422,0.217,66.33
189.54,27.19,50.038,35.08,637.1,11.61,8.25,3.57,14.68,14.11,0,Harmonic_Distortion,1,0.04297,0.2178,64.45
192.04,26.79,50.015,37,654.6,10.72,5.89,1.75,12.35,10.44,0,Harmonic_Distortion,1,0.03786,0.2186,56.78
189.32,25.82,50.011,32.65,674.1,12.73,7.32,3.39,15.07,14.98,0,Harmonic_Distortion,1,0.04215,0.2194,63.23
190.98,26.29,50.038,37.08,657.6,10.89,5.88,3.17,12.78,14.12,0,Harmonic_Distortion,1,0.04013,0.2202,60.19
191.1,26.82,49.962,34.84,653,14.95,7.82,3.27,17.18,14.62,0,Harmonic_Distortion,1,0.04444,0.2211,66.66
189.4,26.37,49.948,34.2,660.7,14.14,6.74,2.14,15.81,13.95,0,Harmonic_Distortion,1,0.04489,0.222,67.34
190.67,19.59,50.012,33.68,643.5,5.3,4.52,0.02,6.97,5.88,0,Combined_Weather_Electrical,1,0.03319,0.2227,49.79
228.64,19.43,50.009,28.48,982,1.18,1.45,0.88,2.07,1.66,0,None,0,0.0034,0.2228,5.1
232.09,18.85,49.948,30.22,912.8,1.27,2.13,0.28,2.49,3.16,0,None,0,0.00645,0.2229,9.67
228.29,19.49,50.011,28.73,1035.7,1.22,1,0.33,1.61,1.97,0,None,0,0.00327,0.223,4.9
229.02,19.23,49.988,31.17,1009.1,3.13,0.8,0.42,3.26,2.98,0,None,0,0.0045,0.223,6.74
228.16,19.12,49.976,28.11,966.7,2.17,0.93,0.87,2.52,2.74,0,None,0,0.00493,0.2231,7.39
227.96,19.59,49.99,31.15,1073.9,1.65,1.9,0.38,2.55,3.06,0,None,0,0.00437,0.2232,6.56
232.39,19.76,49.927,29.97,1001.8,1.42,1.78,0.44,2.32,2.28,0,None,0,0.00754,0.2234,11.31
230.81,19.85,49.982,29.74,957.2,1.49,0.99,0.36,1.82,2.13,0,None,0,0.00324,0.2234,4.86
230.21,19.07,49.979,29.39,1033.2,1.63,0.26,0.66,1.78,2.2,0,None,0,0.00298,0.2235,4.46
196.89,18.89,50.017,36.73,580.8,7.15,4.06,0.79,8.25,8.66,0,Combined_Weather_Electrical,1,0.03068,0.2241,46.03
198.91,19.38,49.995,36.61,580.9,5.86,1.9,1.03,6.24,7.77,0,Combined_Weather_Electrical,1,0.02676,0.2247,40.14
196.67,18.91,50.019,36.55,562.2,4.98,2.53,1.2,5.71,5.17,0,Combined_Weather_Electrical,1,0.02841,0.2252,42.61
198.76,19.48,49.924,35.47,582.4,7.75,3.12,0.76,8.39,10.5,0,Combined_Weather_Electrical,1,0.03259,0.2259,48.89
196.61,19.58,49.975,36.58,566.1,3.51,1.76,0.69,3.99,4.8,0,Combined_Weather_Electrical,1,0.02702,0.2264,40.53
196.9,19.92,50.017,33.33,584.9,4.82,4.03,0.3,6.29,7.67,0,Combined_Weather_Electrical,1,0.02871,0.227,43.06
231.14,19.15,49.991,29.87,923.8,2.79,0.93,1.08,3.13,2.51,0,None,0,0.00433,0.2271,6.5
231.3,19.28,50.025,30.17,982.6,2.25,1.77,0.65,2.93,3.32,0,None,0,0.00505,0.2272,7.57
230.9,19.01,49.946,28.57,1068.9,1.72,1.11,0.53,2.11,2.11,0,None,0,0.0054,0.2273,8.11
228.43,19.23,50.022,28.87,969.3,1.26,0.75,0.7,1.62,1.79,0,None,0,0.00375,0.2274,5.62
229.33,19.35,49.981,30.55,975.7,1.42,1.4,0.44,2.04,1.72,0,None,0,0.00344,0.2274,5.16
230.24,19.52,49.978,30.1,981.8,1.46,1.04,0.02,1.79,1.65,0,None,0,0.00305,0.2275,4.57
228.73,18.98,50.03,29.83,951,2,1.12,0.74,2.41,2.35,0,None,0,0.00473,0.2276,7.09
232.06,18.91,50.035,30,911.1,2.11,1.26,0.94,2.63,3.05,0,None,0,0.00572,0.2277,8.57
226.4,18.93,50.031,30.28,990,1.91,0.88,0.74,2.23,2.4,0,None,0,0.00613,0.2278,9.19
228.83,18.71,50.061,29.58,1004.4,1.98,0.55,0.6,2.14,1.73,0,None,0,0.00596,0.2279,8.94
229.24,19.02,50.038,29.39,996.5,1.37,1.18,0.6,1.91,1.84,0,None,0,0.0043,0.228,6.46
225.73,18.91,49.976,30.18,992.5,2.18,1.59,0.64,2.77,3.52,0,None,0,0.00674,0.2282,10.11
227.91,19.46,50.004,29.25,999.7,2.77,0.84,0.64,2.96,2.64,0,None,0,0.00454,0.2283,6.81
230.94,19.42,49.989,30.37,1038.5,1.9,1.26,0.58,2.36,2.16,0,None,0,0.00351,0.2283,5.26
230.05,19.13,50.061,28.69,989.6,1.89,1.8,0.61,2.68,2.56,0,None,0,0.00575,0.2284,8.63
232.36,19.04,50.033,30.89,973.8,2.05,1.16,0.99,2.56,2.39,0,None,0,0.00575,0.2286,8.63
232.32,18.39,49.994,30.45,985,2.67,1.23,0.72,3.03,2.61,0,None,0,0.00482,0.2287,7.24
230.65,19.94,50.026,30.29,1018.9,1.46,1.22,0.63,2.01,1.92,0,None,0,0.00375,0.2287,5.62
230.47,19.35,49.963,30.88,1051.7,2.87,0.93,0.76,3.11,3.33,0,None,0,0.00527,0.2288,7.9
230.1,19.23,50.008,31.43,969.5,2.25,0.8,0.76,2.51,2.86,0,None,0,0.00295,0.2289,4.43
226.02,19,49.972,30.92,997.9,2.02,0.8,0.84,2.33,2.61,0,None,0,0.00633,0.229,9.5
227.91,19.65,49.949,28.64,1006.9,2.73,1.35,0.41,3.07,2.71,0,None,0,0.00697,0.2292,10.45
230.15,19.21,50.024,29.1,952.9,1.29,1.5,0.48,2.04,2.26,0,None,0,0.00331,0.2292,4.97
230.92,21.48,50.027,29.63,992.7,10.75,5.81,3.09,12.6,12.34,0,Harmonic_Distortion,1,0.01457,0.2295,21.86
230.43,21.39,50.014,30.16,932.6,8.28,3.49,2.34,9.28,11.24,0,Harmonic_Distortion,1,0.01025,0.2297,15.38
228.66,22.05,49.995,30.56,919.6,7.83,6.92,2.63,10.78,10.57,0,Harmonic_Distortion,1,0.01192,0.23,17.89
231.41,21.79,49.962,29.58,1004.3,10.89,6.59,2.49,12.97,16.71,0,Harmonic_Distortion,1,0.01579,0.2303,23.68
232.22,21.65,49.965,30.31,973.4,8.92,3.69,2.73,10.03,11.11,0,Harmonic_Distortion,1,0.01322,0.2305,19.84
231.41,21.45,49.971,29.57,996,9.89,4.33,3.85,11.46,11.63,0,Harmonic_Distortion,1,0.01383,0.2308,20.75
231.48,21.1,49.993,29.69,986.2,11.2,4.82,3.46,12.67,13.33,0,Harmonic_Distortion,1,0.01399,0.2311,20.99
229.16,19.09,50.032,29.06,947,1.66,0.59,0.68,1.89,1.67,0,None,0,0.00405,0.2312,6.07
231.61,19.4,50.032,29.45,983.2,2.16,1.45,0.78,2.72,3.1,0,None,0,0.00536,0.2313,8.04
230.22,26.09,49.951,29.12,934.7,10.37,6.65,2.23,12.52,16.04,0,Harmonic_Distortion,1,0.01513,0.2316,22.7
230.77,25.32,49.979,29.43,1038.6,7.37,3.49,3.58,8.91,9.42,0,Harmonic_Distortion,1,0.01045,0.2318,15.68
230.55,25.29,49.978,31.06,927.7,7.94,6.9,2.09,10.72,13.9,0,Harmonic_Distortion,1,0.01216,0.232,18.24
229.82,25.64,49.924,29.46,973,6.28,4.77,2.47,8.26,7.23,0,Harmonic_Distortion,1,0.01218,0.2323,18.27
228.71,25.88,50.017,32.33,938,9.98,5.64,3.01,11.85,13.26,0,Harmonic_Distortion,1,0.01354,0.2326,20.31
229.88,26.05,49.993,30.63,1001.3,8.81,4.73,3.47,10.59,12.06,0,Harmonic_Distortion,1,0.01104,0.2328,16.55
231.48,25.84,49.997,30.38,964.1,10.3,7.15,2.03,12.7,12.14,0,Harmonic_Distortion,1,0.01384,0.2331,20.75
229.34,25.95,50.04,29.56,955.4,7.19,4.72,2.58,8.98,8.76,0,Harmonic_Distortion,1,0.01143,0.2333,17.14
231.34,25.8,50.003,30.81,1009,6.56,5.26,3.44,9.08,11.56,0,Harmonic_Distortion,1,0.01009,0.2335,15.13
231.11,26.28,49.987,29.79,974.7,7.35,4.01,2.92,8.86,9.8,0,Harmonic_Distortion,1,0.01023,0.2337,15.35
229.55,19.52,50.017,30.36,992.9,1.78,1.22,0.54,2.22,2.65,0,None,0,0.00337,0.2338,5.06
232.08,19.15,50.032,32.31,931.6,3.17,1.29,0.62,3.48,4.05,0,None,0,0.00643,0.2339,9.64
229.47,19.54,50.009,30.19,913.3,2.11,1.17,0.56,2.48,2.74,0,None,0,0.00327,0.2339,4.9
232.26,19.82,50.021,31.19,972.4,2.45,1.12,0.53,2.75,2.27,0,None,0,0.00526,0.2341,7.89
230.65,19.48,49.996,29.72,953.9,2.17,1.38,0.66,2.65,3,0,None,0,0.0033,0.2341,4.94
229.98,18.47,49.998,30.25,990.2,1.86,1.5,0.73,2.5,2.43,0,None,0,0.00264,0.2342,3.95
228.67,19.8,50.003,31.7,960.5,1.99,0.85,0.31,2.18,2.26,0,None,0,0.00322,0.2342,4.83
229.87,19.51,49.977,29.79,970.4,2.88,1.12,0.54,3.13,3.84,0,None,0,0.00435,0.2343,6.52
229.69,19.67,49.983,31.74,895.7,2.65,1.87,0.11,3.25,4.17,0,None,0,0.0043,0.2344,6.45
228.11,19.95,50.041,30.86,1034.5,3.17,1.27,0.56,3.46,3.97,0,None,0,0.00676,0.2345,10.14
229.67,19.67,50.06,29.85,950.8,2.13,1.31,0.64,2.59,2.37,0,None,0,0.00581,0.2347,8.72
228.79,19.64,50.048,30.81,983.6,1.47,1.67,0.74,2.35,2.25,0,None,0,0.00552,0.2348,8.28
230.88,19.54,49.96,31.09,920.6,1.74,1,0.64,2.1,1.83,0,None,0,0.00466,0.2349,6.99
231.96,19.9,49.957,30.81,964.7,1.29,1.19,0.74,1.9,2.07,0,None,0,0.00531,0.235,7.96
228.16,19.01,49.964,29.06,898.5,2.46,1.53,0.62,2.96,3.74,0,None,0,0.00595,0.2351,8.92
232.57,18.78,50.004,29.74,966.9,1.65,1.7,0.43,2.4,2.9,0,None,0,0.00428,0.2352,6.42
229.81,19.05,49.916,30.12,932.8,0.17,0.25,0.32,0.44,0.47,0,None,0,0.00478,0.2353,7.17
228.54,19.32,49.982,30.26,946.4,3.48,0.91,0.53,3.63,4.62,0,None,0,0.00547,0.2354,8.21
231.14,19.35,50.042,30.82,971.3,1.66,0.8,0.41,1.89,2.35,0,None,0,0.00474,0.2355,7.11
229.33,18.62,50.029,30.47,892.2,1.65,1.15,0.57,2.09,2.05,0,None,0,0.004,0.2356,6.01
229.88,18.52,49.985,29.26,912.2,3,0.83,0.48,3.15,3.39,0,None,0,0.004,0.2356,5.99
229.39,19.03,49.987,30.64,956,1.28,1.47,0.7,2.07,1.96,0,None,0,0.00311,0.2357,4.67
228.77,19.76,50.017,30.82,1019.6,2.68,1.27,0.61,3.03,2.44,0,None,0,0.00468,0.2358,7.02
231.09,19.63,50.028,30.78,928.2,1.65,1.56,0.71,2.38,2.44,0,None,0,0.00449,0.2359,6.73
229.57,19.56,49.984,31.2,955.3,1.21,1.58,0.71,2.11,2.48,0,None,0,0.00319,0.2359,4.79
227.85,19.47,49.993,31.01,925.4,3.02,1.47,0.56,3.41,3.81,0,None,0,0.00517,0.236,7.75
230.83,19.43,49.983,30.71,1005.3,2.55,1.07,0.57,2.83,3.57,0,None,0,0.00421,0.2361,6.32
228.19,18.31,49.96,30.29,855.6,2.55,1.24,0.73,2.93,3.35,0,None,0,0.00611,0.2363,9.16
228.27,18.92,49.993,29.01,927.2,2.22,1.02,1.21,2.73,2.37,0,None,0,0.00418,0.2363,6.28
231.79,18.78,49.991,30.69,856.2,2.36,0.65,0.35,2.47,2.31,0,None,0,0.00408,0.2364,6.13
228.21,18.55,49.962,30.51,818.8,1.26,1.58,0.61,2.11,1.82,0,None,0,0.00517,0.2365,7.76
226.53,19.16,50.019,30.56,928.8,2.07,1.17,0.3,2.39,2.86,0,None,0,0.00563,0.2366,8.44
230.93,19.18,50.014,29.32,920.2,1.44,0.6,0.59,1.67,2.13,0,None,0,0.00301,0.2367,4.51
229.54,19.23,50.021,29.48,901,1.17,1.41,0.43,1.88,1.72,0,None,0,0.00322,0.2368,4.84
229.67,19,49.977,31.19,905.9,2.25,1.11,0.57,2.57,3.04,0,None,0,0.00394,0.2368,5.9
229.53,18.97,49.94,30.31,1031.7,2.69,0.38,0.64,2.79,2.85,0,None,0,0.00608,0.237,9.12
230.35,18.88,50.014,30.89,895.2,1.77,0.65,0.48,1.95,1.9,0,None,0,0.00287,0.237,4.31
202.61,9.42,49.98,30.37,923.5,1.87,0.92,0.15,2.09,2.71,1,None,0,0.02095,0.2374,31.43
232.21,19.28,49.973,30.37,874.8,1.32,1.28,0.96,2.07,2.02,0,None,0,0.00485,0.2375,7.28
227.79,18.93,49.962,31.09,910.2,2,1.52,0.81,2.64,2.98,0,None,0,0.00597,0.2377,8.95
230.67,19.1,49.992,29.93,886.4,2.46,1.5,0.57,2.93,3.39,0,None,0,0.00378,0.2377,5.67
230.96,19.02,50.047,30.42,877.1,2.47,1.44,0.38,2.89,3.43,0,None,0,0.00588,0.2378,8.82
228.86,19.27,49.985,29.97,963.8,2.33,1.19,0.62,2.68,3.31,0,None,0,0.00419,0.2379,6.28
228.46,19.42,49.967,29.99,935.6,1.63,1.89,0.69,2.59,2.8,0,None,0,0.00522,0.238,7.84
231.53,18.77,50.02,30.09,891.5,1.61,1.48,0.79,2.33,2.56,0,None,0,0.0043,0.2381,6.45
228.51,18.42,50.005,30.51,791.3,2.48,1.29,0.82,2.91,3.36,0,None,0,0.00414,0.2382,6.21
229.09,18.86,49.936,29.95,866.5,2.49,1.43,0.86,2.99,2.62,0,None,0,0.00677,0.2383,10.15
231.33,19.22,50.02,31.34,986.5,1.9,1.04,0.16,2.17,1.95,0,None,0,0.00403,0.2384,6.05
230.05,19,50.064,29.61,866.6,1.74,1.18,0.52,2.17,2.56,0,None,0,0.0054,0.2385,8.09
227.3,18.86,49.922,30.18,917.3,2.7,0.37,0.85,2.85,2.48,0,None,0,0.00851,0.2387,12.77
232.62,19.18,49.963,29.97,928.2,1.78,1.05,0.37,2.1,2.4,0,None,0,0.00566,0.2388,8.49
229.2,18.95,49.915,31.48,876.6,2.45,1.9,0.9,3.23,2.64,0,None,0,0.00802,0.239,12.03
229.4,18.81,49.998,30.48,831.5,1.92,1.26,1.05,2.52,2.45,0,None,0,0.00303,0.239,4.55
230.38,18.38,50.03,31.14,765.1,1.37,1.24,0.9,2.06,2.33,0,None,0,0.00379,0.2391,5.69
230.94,18.8,50.003,29.13,887.1,2.97,1.6,0.77,3.46,3.99,0,None,0,0.00423,0.2392,6.34
232.94,18.75,50.042,30.53,824.4,2.07,1.34,0.49,2.52,2.81,0,None,0,0.00652,0.2393,9.79
227.51,18.96,50.025,31.02,861.3,1.57,0.89,0.67,1.93,1.97,0,None,0,0.0048,0.2394,7.19
231.24,18.62,50.051,30.37,801.5,1.17,1.21,0.26,1.7,1.58,0,None,0,0.00506,0.2395,7.59
231.11,19.32,50.035,31.15,838,1.23,0.75,0.4,1.49,1.65,0,None,0,0.00396,0.2396,5.94
229.79,18.49,49.988,29.88,847.2,1.78,1.27,0.42,2.23,1.99,0,None,0,0.00296,0.2397,4.45
231.18,18.87,50.002,31.42,853.7,3.16,0.86,0.62,3.33,2.76,0,None,0,0.0042,0.2397,6.3
231.4,18.22,49.974,32.13,795.5,1.65,1.57,0.5,2.33,1.89,0,None,0,0.00455,0.2398,6.82
227.93,19.05,49.993,29.99,885.1,2.87,1,0.67,3.11,2.9,0,None,0,0.00481,0.2399,7.21
232.62,18.3,50.002,29.92,810.5,1.92,0.87,0.82,2.26,1.84,0,None,0,0.00407,0.24,6.1
227.66,18.45,49.997,31.44,764.4,1.29,1.15,0.42,1.78,1.65,0,None,0,0.00344,0.2401,5.15
228.3,18.66,50.04,31.54,824.1,1.72,1.35,0.64,2.27,2.15,0,None,0,0.0054,0.2402,8.09
229.61,18.78,49.99,29.85,826.9,1.23,0.72,0.5,1.51,1.47,0,None,0,0.00226,0.2402,3.39
232.89,18.55,49.972,29.93,829,1.49,0.99,0.65,1.9,2.2,0,None,0,0.00518,0.2403,7.77
229.54,18.72,49.974,30.03,874.1,1.47,1.24,0.77,2.07,2.12,0,None,0,0.00368,0.2404,5.52
229.95,19.02,50.02,29.18,807.1,0.86,1.74,0.83,2.11,2.72,0,None,0,0.00312,0.2405,4.68
232.15,18.7,49.958,29.51,808.8,2.91,0.19,0.77,3.01,3.84,0,None,0,0.00652,0.2406,9.78
229.55,18.27,49.994,29.44,766.4,2.13,1.45,0.7,2.67,3.44,0,None,0,0.00326,0.2407,4.89
228.23,18.67,50.04,29.62,840.3,1.59,1.05,0.24,1.92,1.93,0,None,0,0.00506,0.2408,7.59
229.37,19.15,50.009,30.2,811.8,2.13,1,0.33,2.38,1.96,0,None,0,0.00323,0.2408,4.84
232.06,18.49,49.998,30.41,784.6,1.5,0.93,0.39,1.81,2.22,0,None,0,0.00326,0.2409,4.89
230.11,18.15,49.999,31.46,722.1,0.4,1.05,0.69,1.32,1.34,0,None,0,0.00144,0.2409,2.17
232.9,18.58,49.969,29.41,852.9,3.77,1.45,0.28,4.05,4.54,0,None,0,0.00748,0.2411,11.23
231.11,18.26,49.974,30.99,742.9,2.11,0.99,0.68,2.43,2.97,0,None,0,0.00444,0.2412,6.66
229.03,18.28,49.994,30.03,765.2,1.65,1.86,0.67,2.57,2.84,0,None,0,0.0035,0.2412,5.25
230.08,18.22,50.008,30.15,800.1,0.84,1.45,0.12,1.68,1.96,0,None,0,0.00214,0.2413,3.2
228.72,18.04,50.028,30.72,734.7,1.1,1.28,0.33,1.72,1.59,0,None,0,0.00398,0.2414,5.97
229,22.55,50.003,29.28,719.7,8.14,3.49,1.87,9.05,8.12,0,Harmonic_Distortion,1,0.00984,0.2416,14.77
236.72,23.02,50.041,30.48,691.3,9.5,4.37,2.36,10.72,11.55,0,Harmonic_Distortion,1,0.01713,0.2419,25.69
231.53,23.19,50.048,30.3,801.8,10.01,7.4,2.04,12.61,14.11,0,Harmonic_Distortion,1,0.01602,0.2422,24.03
231.29,23,50.024,30.55,748,5.66,4.57,1.69,7.47,9.23,0,Harmonic_Distortion,1,0.0095,0.2424,14.26
229.07,24.23,50.037,30.38,883.7,7.59,4.59,1.59,9.02,10.91,0,Harmonic_Distortion,1,0.01146,0.2426,17.19
232.35,23.54,49.97,32.1,723.5,6.31,6.46,3.09,9.54,12.35,0,Harmonic_Distortion,1,0.01256,0.2429,18.84
231.65,22.79,49.966,29.62,723.2,8.29,3.76,1.84,9.28,11.91,0,Harmonic_Distortion,1,0.01208,0.2431,18.12
232.82,22.72,50.016,29.7,734.2,10.1,6.44,2.47,12.24,13.6,0,Harmonic_Distortion,1,0.01485,0.2434,22.28
232.75,22.78,49.96,29.62,763.3,7.34,5.58,2.68,9.61,10.1,0,Harmonic_Distortion,1,0.01341,0.2437,20.12
227.78,23.2,49.991,29.66,731.4,8.14,3.81,3.08,9.5,11.21,0,Harmonic_Distortion,1,0.01138,0.2439,17.07
228.34,23.06,50.023,29.59,771.4,8.64,4.05,3.69,10.23,9.52,0,Harmonic_Distortion,1,0.01247,0.2442,18.71
228.49,18.15,50.042,31.04,704.5,2.39,1.22,1.01,2.86,2.79,0,None,0,0.00596,0.2443,8.95
228.58,17.96,49.992,31.22,685.1,1.17,0.69,0.73,1.54,1.83,0,None,0,0.00285,0.2443,4.27
230.49,17.81,49.981,29.62,665.1,1.89,1.24,0.6,2.34,2.99,0,None,0,0.00364,0.2444,5.45
229.15,18.04,50.01,29.4,644.7,1.89,1.51,0.61,2.5,3.12,0,None,0,0.00353,0.2445,5.3
176.59,17.87,49.968,30.43,375.5,2.48,1.16,0.34,2.75,2.3,0,Voltage_Sag,1,0.0392,0.2453,58.8
176.4,18.54,49.995,29.6,378.3,2.4,1.7,0.5,2.99,2.74,0,Voltage_Sag,1,0.03821,0.246,57.31
174.23,18.06,50,30.54,369.5,1.39,1.55,0.61,2.17,2.03,0,Voltage_Sag,1,0.03856,0.2468,57.83
176.45,18.44,49.999,30.19,407.4,2.87,1.18,0.95,3.24,3.21,0,Voltage_Sag,1,0.0382,0.2476,57.3
232.23,18,50.003,28.8,766,1.3,1.22,0.49,1.85,1.54,0,None,0,0.00344,0.2476,5.16
229.32,18.26,49.975,31.24,700.1,2.66,0.46,0.87,2.83,2.59,0,None,0,0.00452,0.2477,6.79
226.99,17.93,49.978,31.43,638.3,1.67,1.68,0.58,2.44,2.83,0,None,0,0.0055,0.2478,8.25
158.52,18.1,49.978,29.49,185.1,2.1,1.07,0.91,2.52,2.33,0,Voltage_Sag,1,0.05026,0.2488,75.39
158.08,18.54,49.951,29.66,183.8,2.14,1.04,0.77,2.5,3.17,0,Voltage_Sag,1,0.05183,0.2499,77.75
158.96,18.16,50.01,30.19,182.3,2.12,0.98,0.75,2.45,2.48,0,Voltage_Sag,1,0.04929,0.2509,73.94
158.84,17.85,50.027,30.22,180.9,2.4,1.38,0.84,2.9,2.46,0,Voltage_Sag,1,0.05065,0.2519,75.97
158.81,17.88,50.024,30.47,180.4,2.23,0.75,0.81,2.49,3.04,0,Voltage_Sag,1,0.05011,0.2529,75.17
159.29,18.35,49.992,31.54,182.4,2.47,0.81,0.87,2.74,3.44,0,Voltage_Sag,1,0.04925,0.2539,73.87
228.18,18.42,49.976,29.78,660.7,2.28,1.18,1.13,2.8,3.55,0,None,0,0.00521,0.254,7.81
230.62,18.21,50.022,29.27,691,1.24,0.95,1,1.86,1.94,0,None,0,0.00338,0.254,5.06
229.34,18.32,50.019,28.79,693.6,2.16,1.33,0.72,2.64,3.33,0,None,0,0.00403,0.2541,6.04
230.3,18.11,50.007,29.3,639.3,1.66,0.96,0.49,1.98,2.29,0,None,0,0.0025,0.2542,3.76
231.44,18.71,50.052,29.85,723.1,1.33,1.84,0.69,2.37,2.13,0,None,0,0.00593,0.2543,8.89
228.16,17.4,49.999,31.3,629.6,1.83,1.48,0.12,2.35,2.51,0,None,0,0.00359,0.2544,5.38
229.58,17.97,49.992,29.44,600.6,2.11,1.47,0.81,2.7,2.74,0,None,0,0.00336,0.2544,5.04
229.82,18.4,49.988,30.02,677.1,2.15,0.96,0.33,2.38,2.44,0,None,0,0.00309,0.2545,4.64
229.23,17.49,49.953,29.81,625.7,2.63,2.16,0.88,3.52,3.54,0,None,0,0.00636,0.2546,9.55
231.35,17.84,50.02,30.76,667.7,2.78,1.02,1.1,3.16,2.81,0,None,0,0.00503,0.2547,7.55
228.92,17.46,49.997,31.82,555.2,2.2,0.91,0.24,2.4,2.38,0,None,0,0.00326,0.2548,4.89
229.17,17.96,50.015,29.36,703.6,2.31,1.48,0.59,2.81,2.96,0,None,0,0.00412,0.2549,6.17
228.94,17.91,50.055,29.38,671.3,2.06,1.28,0.33,2.44,2.31,0,None,0,0.0059,0.255,8.85
169.7,17.83,49.988,30.6,295.5,2.46,0.87,0.17,2.62,2.32,0,Voltage_Sag,1,0.04253,0.2558,63.8
167.96,17.99,49.93,30.29,294.1,2.29,2.08,0.57,3.15,2.83,0,Voltage_Sag,1,0.04712,0.2568,70.68
169,18.59,50.014,31.21,356.4,1.97,1.59,0.76,2.64,2.37,0,Voltage_Sag,1,0.04314,0.2576,64.72
170.67,17.56,50.005,30.19,305.6,3.29,1.2,0.79,3.59,3.68,0,Voltage_Sag,1,0.04254,0.2585,63.8
168.41,17.49,49.978,29.42,301.9,1.67,2.16,0.64,2.81,2.54,0,Voltage_Sag,1,0.04407,0.2594,66.1
231.67,17.93,50.012,30.17,532.7,2.87,1.52,0.18,3.26,3.77,0,None,0,0.00494,0.2595,7.41
232.51,18.05,50.024,30.57,605.8,1.19,1.2,0.63,1.8,1.74,0,None,0,0.00461,0.2596,6.92
231.54,17.87,49.972,30.32,607.2,2.49,2.11,0.23,3.27,4.15,0,None,0,0.0057,0.2597,8.55
229.97,18.11,49.991,30.06,641.5,2.86,1.46,0.24,3.22,2.68,0,None,0,0.00369,0.2598,5.54
230.96,17.63,50.044,30.49,553.4,0.86,1.45,0.35,1.72,1.64,0,None,0,0.00456,0.2598,6.84
228.07,17.77,49.978,30.56,545,2.08,1.05,0.86,2.49,2.91,0,None,0,0.00483,0.2599,7.24
228.83,17.82,50.002,30.72,620.4,2.43,1.22,0.74,2.82,3.22,0,None,0,0.00368,0.26,5.52
229.09,18.04,49.921,30.11,639.1,2.15,1.04,0.68,2.48,2.51,0,None,0,0.00701,0.2602,10.52
193.98,17.05,49.956,29.45,196.7,2.23,1.78,0.38,2.87,3.55,0,Voltage_Sag,1,0.02859,0.2607,42.88
190.18,17.72,50.005,29.68,234.6,2.08,0.56,0.5,2.21,1.85,0,Voltage_Sag,1,0.02842,0.2613,42.63
190.16,17.58,50.037,30.52,217.9,1.34,1.75,0.26,2.22,2.34,0,Voltage_Sag,1,0.03004,0.2619,45.07
189.89,17.75,49.959,28.88,232.2,3.42,0.85,0.94,3.65,3.28,0,Voltage_Sag,1,0.03185,0.2625,47.78
191.89,17.43,50.002,29.81,213.7,1.7,1.18,1.15,2.36,2.33,0,Voltage_Sag,1,0.02733,0.2631,41
191.37,17.11,49.989,29.19,176.2,2.26,1.08,0.74,2.61,3,0,Voltage_Sag,1,0.02837,0.2636,42.56
129.52,17.19,50.029,29.51,82.4,1.61,0.99,0.78,2.05,1.74,0,Voltage_Sag,1,0.06901,0.265,103.52
155.39,18.04,49.963,30.5,240.6,0.63,1.48,0.56,1.7,1.4,0,Voltage_Sag,1,0.05219,0.2661,78.28
153.32,17.48,50.013,29.61,208.5,1.45,1.2,0.2,1.89,1.91,0,Voltage_Sag,1,0.05254,0.2671,78.81
153.9,17.06,49.98,29.48,215.1,1.13,0.93,0.39,1.52,1.42,0,Voltage_Sag,1,0.05213,0.2682,78.2
156.09,17.28,50.007,28.34,217,2.65,1.26,0.48,2.98,3.46,0,Voltage_Sag,1,0.05152,0.2692,77.28
229.7,17.26,50.002,30.01,440.8,1.64,0.92,0.5,1.94,1.62,0,None,0,0.00225,0.2692,3.37
193.28,17.71,49.992,29.91,141.2,1.69,0.98,0.45,2.01,2.58,0,Voltage_Sag,1,0.02633,0.2698,39.5
191.61,17.3,50.014,31.11,117,1.36,0.6,0.61,1.61,1.79,0,Voltage_Sag,1,0.02736,0.2703,41.04
190.59,17.6,50.001,29.11,129,2.06,1.02,0.39,2.33,2.45,0,Voltage_Sag,1,0.0281,0.2709,42.15
191.42,17.64,49.996,29.52,122.8,1.57,1.4,1.14,2.39,2.41,0,Voltage_Sag,1,0.02775,0.2714,41.63
190.59,17.3,49.989,29.52,134.3,2.6,1.21,0.26,2.88,3.38,0,Voltage_Sag,1,0.02912,0.272,43.67
191.09,17.8,50.002,30.57,125.7,2.18,1.93,0.82,3.02,2.96,0,Voltage_Sag,1,0.02852,0.2726,42.77
192.05,17.21,50.007,29.21,119.1,1.66,2.25,0.53,2.84,3.38,0,Voltage_Sag,1,0.02792,0.2731,41.89
192.44,17.34,49.97,29.5,112.3,2.51,1.01,0.72,2.8,3.24,0,Voltage_Sag,1,0.02878,0.2737,43.17
189.81,17.61,49.99,29.74,126.9,2,0.87,0.73,2.3,2.48,0,Voltage_Sag,1,0.02904,0.2743,43.56
191.78,17,49.968,29.39,101.8,2.01,1.65,0.64,2.68,3.34,0,Voltage_Sag,1,0.02919,0.2749,43.79
191.06,19.01,49.999,28.86,124,9.35,3.54,2.4,10.28,10,0,Voltage_Sag,1,0.03573,0.2756,53.6
190.99,18.95,49.982,29.36,107.3,8.95,6.73,3.17,11.63,9.64,0,Voltage_Sag,1,0.03796,0.2764,56.95
148.47,20.02,50.023,30.04,35.7,7.68,3.46,2.99,8.94,8.83,0,Voltage_Sag,1,0.06327,0.2776,94.9
147.81,18.73,50.02,28.35,32.7,9.59,5.54,2.52,11.36,14.06,0,Voltage_Sag,1,0.06597,0.2789,98.96
179.49,19.87,49.972,29.25,148.1,7.71,4.85,2.02,9.33,7.82,0,Voltage_Sag,1,0.04365,0.2798,65.48
231.78,19.07,50,28.57,504.8,12.29,7.01,2.16,14.31,16.91,0,Harmonic_Distortion,1,0.01548,0.2801,23.22
231.77,17.13,50.019,30.07,428.1,2.33,1.12,0.02,2.59,3.14,0,None,0,0.0047,0.2802,7.05
229.26,16.81,49.995,27.87,460.3,1.09,1.69,0.54,2.08,2.11,0,None,0,0.00283,0.2803,4.24
228.56,17.17,49.978,28.63,518.3,1.49,0.68,0.37,1.68,1.51,0,None,0,0.00372,0.2803,5.57
230.12,17.2,49.967,29.36,494.6,2.85,1.69,0.65,3.38,3.3,0,None,0,0.00509,0.2804,7.64
151,17.23,50.026,30.29,226.2,2.75,0.45,0.85,2.91,2.91,0,Voltage_Sag,1,0.05571,0.2816,83.57
150.55,17.27,50.027,28.96,211.5,2.01,1.26,0.25,2.38,3.02,0,Voltage_Sag,1,0.05556,0.2827,83.33
149.99,16.96,49.994,28.55,186.8,2.09,1.07,1.19,2.63,2.48,0,Voltage_Sag,1,0.05512,0.2838,82.69
151.11,17.75,50.023,30.48,188.2,1.3,0.59,0.65,1.57,2.02,0,Voltage_Sag,1,0.05417,0.2849,81.26
150.75,16.84,49.911,27.8,202.1,2.79,0.38,0.7,2.9,2.48,0,Voltage_Sag,1,0.05904,0.286,88.55
151.83,16.79,50.04,27.18,159.6,1.41,0.76,0.24,1.62,2.08,0,Voltage_Sag,1,0.05459,0.2871,81.89
151.8,17.56,49.995,29.27,226,2.51,1.22,0.59,2.85,2.6,0,Voltage_Sag,1,0.05408,0.2882,81.12
152.23,16.92,50.004,28.5,203.6,2.81,0.96,0.84,3.09,2.73,0,Voltage_Sag,1,0.05402,0.2893,81.03
149.91,17.54,49.99,28.06,215.6,2.03,0.78,0.65,2.27,1.95,0,Voltage_Sag,1,0.05499,0.2904,82.48
151.54,16.82,50.042,29.43,166.4,2.58,1.74,0.64,3.18,3.04,0,Voltage_Sag,1,0.05644,0.2915,84.66
150.43,16.61,49.968,29.03,213.1,3.11,0.71,0.59,3.24,3.59,0,Voltage_Sag,1,0.05673,0.2927,85.09
149.94,17.67,50.044,28.37,228.5,2.16,1.47,0.26,2.63,2.98,0,Voltage_Sag,1,0.05705,0.2938,85.57
150.73,16.52,50.012,27.77,166.6,1.89,0.84,0.25,2.09,2.06,0,Voltage_Sag,1,0.05439,0.2949,81.58
152.2,16.95,50.019,29.48,200.8,1.96,0.75,0.89,2.28,2.09,0,Voltage_Sag,1,0.05395,0.296,80.93
194.72,17.32,49.99,29.28,241.3,1.55,0.96,0.82,2,2.6,0,Voltage_Sag,1,0.0255,0.2965,38.26
194.72,17.32,49.961,28.66,205.5,1.54,1.45,0.86,2.28,2.13,1,Voltage_Sag,1,0.02725,0.297,40.88
195.89,17.49,50.028,30.19,248.6,2.27,0.65,0.39,2.39,2.36,0,Voltage_Sag,1,0.02603,0.2975,39.04
194.69,17.5,50.009,27.84,254.3,1.9,1.31,0.56,2.38,2.48,0,Voltage_Sag,1,0.02587,0.2981,38.81
196.67,16.68,50.041,27.45,220.9,2.2,0.82,0.91,2.51,2.94,0,Voltage_Sag,1,0.02629,0.2986,39.44
195.76,17.42,49.994,28.1,258.1,1.11,0.89,0.29,1.45,1.27,0,Voltage_Sag,1,0.02407,0.2991,36.1
194.01,16.51,49.987,28.59,193.9,1.94,1.36,0.88,2.53,2.36,0,Voltage_Sag,1,0.02663,0.2996,39.95
197.56,17.43,50.042,28.8,195.9,2.62,2.07,0.45,3.37,4.37,0,Voltage_Sag,1,0.02661,0.3001,39.91
195.52,16.78,50.057,28.39,230.1,1.33,0.84,0.39,1.62,1.96,0,Voltage_Sag,1,0.02697,0.3007,40.45
195.22,17.29,50,28.85,225.9,2.01,1.49,0.59,2.57,2.63,0,Voltage_Sag,1,0.02527,0.3012,37.9
194.11,17.04,49.977,27.54,207.8,0.89,1.07,0.32,1.43,1.22,0,Voltage_Sag,1,0.02597,0.3017,38.95
231.77,17.22,50.024,29.68,435.3,1.22,1.01,0.13,1.59,1.96,0,None,0,0.00396,0.3018,5.93
230.78,16.8,49.992,28.43,421,2.48,1.63,0.62,3.03,3.62,0,None,0,0.00392,0.3019,5.88
230.94,17.05,50.018,29.37,431,1.81,0.86,0.73,2.14,2.33,0,None,0,0.00365,0.3019,5.48
229.24,16.24,49.992,28.73,388.6,3.09,0.74,0.9,3.31,3.31,0,None,0,0.00419,0.302,6.29
231.25,17.07,50.047,28.8,414.5,2.26,1.38,0.75,2.75,3.49,0,None,0,0.00592,0.3021,8.87
231.37,16.93,49.979,28.86,369.5,2.32,1.84,1.09,3.15,2.99,0,None,0,0.00509,0.3022,7.64
229,17.24,50.014,28.74,466.4,1.35,1.5,0.94,2.23,2.14,0,None,0,0.0036,0.3023,5.41
227.87,15.85,49.985,28.88,348.7,1.77,0.64,0.78,2.04,2.52,0,None,0,0.00416,0.3024,6.23
230.87,16.84,49.992,29.4,462.3,1.56,0.95,0.72,1.96,2.19,0,None,0,0.00296,0.3024,4.43
227.64,0,49.988,28.47,376.5,1.36,1.59,0.91,2.28,2.91,1,None,0,0.00444,0.3025,6.66
230.23,16.7,50.022,28.86,317,2.4,1.83,0.05,3.02,3.39,0,None,0,0.00428,0.3026,6.41
229.33,17.09,50.028,28.2,423.7,2.52,1.29,0.48,2.87,2.34,0,None,0,0.00469,0.3027,7.03
231.83,16.8,50.017,29.4,371,2.24,0.97,0.14,2.44,2.17,0,None,0,0.00447,0.3028,6.71
229.41,17.06,49.997,27.68,397.1,1.5,1.86,0.77,2.51,2.36,0,None,0,0.00306,0.3029,4.58
231.66,16.71,50.004,29.64,409,2.2,1.17,0.41,2.52,3.11,0,None,0,0.00382,0.3029,5.73
229.23,16.97,50.027,28.14,370.6,0.85,0.96,1.35,1.87,2.27,0,None,0,0.00371,0.303,5.57
231.5,16.71,50.028,27.01,330.4,2.79,0.89,0.47,2.97,3.55,0,None,0,0.00534,0.3031,8.01
233.09,16.99,49.919,28.23,390.2,1.22,0.72,0.63,1.55,1.67,0,None,0,0.0076,0.3033,11.4
228.4,16.62,49.992,27.56,348.2,1.33,2.33,0.5,2.73,2.37,0,None,0,0.00418,0.3034,6.28
230.44,17.38,49.993,28.75,372.7,2.07,1.77,0.48,2.76,2.39,0,None,0,0.00339,0.3034,5.08
234.12,16.45,50.02,27.53,256.2,2.12,0.94,0.29,2.34,2.02,0,None,0,0.00603,0.3035,9.05
230.1,16.42,49.998,27.67,357.4,1.96,1.89,0.28,2.74,3.36,0,None,0,0.0029,0.3036,4.35
230.09,16.54,50.022,26.49,311.1,1.33,1.41,0.06,1.94,1.69,0,None,0,0.00308,0.3037,4.63
231.18,17.11,49.968,27.62,399.9,2.68,1.39,0.74,3.11,3.74,0,None,0,0.0055,0.3038,8.25
230.06,16.45,50.008,26.02,355.8,0.99,0.91,0.49,1.43,1.75,0,None,0,0.00186,0.3038,2.8
227.44,16.91,50.027,26.67,337.6,1.11,0.99,1.08,1.84,1.57,0,None,0,0.00486,0.3039,7.29
231.7,16.82,49.956,28.52,344.7,1.94,1.18,0.29,2.29,2.86,0,None,0,0.00561,0.304,8.41
436.68,15.75,50.075,28.51,282.5,1.24,0.41,0.97,1.63,2.03,1,None,0,0.14019,0.3068,210.28
229.37,16.94,50.036,28.2,384.5,2.73,1.01,0.99,3.08,3.44,0,None,0,0.00527,0.3069,7.91
231.81,16.72,50,27.06,396.5,1.29,1.2,0.92,1.99,2.1,0,None,0,0.00317,0.307,4.76
229.47,16.77,49.975,27.77,329.8,2.93,1.72,0.66,3.47,3.89,0,None,0,0.00506,0.3071,7.59
228.96,17.07,49.995,27.78,374.9,2.62,0.95,0.52,2.84,2.84,0,None,0,0.00378,0.3072,5.67
231.32,16.44,50.003,26.83,285.8,2.74,1.52,0.92,3.27,3.58,0,None,0,0.00425,0.3073,6.38
228.72,16.94,50.013,28.93,273.9,3.13,0.38,0.4,3.18,4.09,0,None,0,0.00467,0.3073,7.01
228.17,16.49,50.045,28.41,304.7,2.05,1.67,0.67,2.72,2.33,0,None,0,0.00617,0.3075,9.26
230.41,16.73,49.986,27.5,317.8,1.39,0.84,0.59,1.73,1.59,0,None,0,0.00271,0.3075,4.07
229.73,16.65,50.017,27.67,281.9,1.94,1.25,0.38,2.34,2.48,0,None,0,0.00336,0.3076,5.04
228.13,16.53,49.961,27.79,316.5,1.66,1.36,0.67,2.25,2.09,0,None,0,0.0054,0.3077,8.11
230.96,16.65,49.988,25.97,304.6,1.57,1.28,0.79,2.18,2.82,0,None,0,0.00342,0.3078,5.13
230.7,16.09,50.011,27.38,249.8,2.09,1.16,0.37,2.42,2.8,0,None,0,0.00344,0.3078,5.16
229.46,16.35,50.021,27,307.8,1.81,0.7,0.72,2.07,2.11,0,None,0,0.00346,0.3079,5.19
229.56,16.12,49.977,26.72,319,1.55,0.84,0.04,1.76,2.21,0,None,0,0.00318,0.308,4.77
230.71,16.49,49.987,27.27,288.7,1.85,1.6,0.34,2.47,2.15,0,None,0,0.00359,0.308,5.39
231.79,16.74,50.044,28.91,325.4,2.33,0.96,0.49,2.57,2.42,0,None,0,0.00592,0.3082,8.88
229.58,16.56,50.035,27.95,228,2.57,1.16,0.69,2.91,3.71,0,None,0,0.00493,0.3083,7.39
230.98,16.66,50.006,26.96,292.9,1.04,0.6,0.82,1.45,1.57,0,None,0,0.00241,0.3083,3.61
230.85,0,49.933,27.85,224.8,1.82,1.54,0.62,2.46,3.11,1,None,0,0.00637,0.3084,9.56
231.32,15.87,50.075,28.48,224.5,1.92,0.67,0.74,2.16,2.79,0,None,0,0.00679,0.3086,10.18
230.06,16.4,49.999,28.07,241.3,1.29,1.57,0.56,2.11,2.06,0,None,0,0.00217,0.3086,3.26
228.63,16.51,49.991,27.35,226.4,1.93,0.77,0.7,2.19,2.39,0,None,0,0.00355,0.3087,5.33
229.31,16.42,49.984,26.76,239.6,2.09,1.61,0.69,2.72,3.33,0,None,0,0.00396,0.3088,5.94
230.51,16.62,50.011,27.81,250.5,2.31,1.2,0.47,2.65,2.48,0,None,0,0.00355,0.3088,5.32
232.73,16.37,50.012,27.54,290.1,2.05,0.98,0.51,2.32,2.38,0,None,0,0.00468,0.3089,7.02
229.27,16.12,50.029,27.91,241.3,1.47,1.84,0.75,2.47,2.17,0,None,0,0.00437,0.309,6.56
231.21,15.82,49.972,27.68,188.3,3.21,1.17,1.05,3.57,4.02,0,None,0,0.00575,0.3091,8.62
229.51,16.46,49.991,27.98,295,2.5,1.06,0.9,2.86,2.29,0,None,0,0.00365,0.3092,5.47
230.17,16.06,50.061,26.68,213.5,2.33,1.56,0.32,2.83,2.89,0,None,0,0.00598,0.3093,8.97
232.27,16.34,50.007,28.14,242.2,2.6,0.61,0.32,2.69,3.4,0,None,0,0.00451,0.3094,6.77
231.15,16.26,49.995,27.21,260.1,2.15,0.19,0.47,2.2,2.75,0,None,0,0.00321,0.3095,4.82
228.14,16.29,49.972,28.69,247.8,2.77,1.66,0.62,3.29,3.96,0,None,0,0.00592,0.3096,8.88
229.14,16.11,50.015,26.45,281.3,2.03,0.87,0.61,2.29,2,0,None,0,0.00361,0.3097,5.42
231.88,16.62,50.031,28.36,254.4,2,1.55,0.91,2.69,2.85,0,None,0,0.00546,0.3098,8.19
230.21,16.07,50.026,27.1,198.4,2.38,1.22,0.92,2.83,3.28,0,None,0,0.00428,0.3099,6.42
228.28,16.44,49.992,26.39,317.7,2.95,0.73,0.6,3.09,2.63,0,None,0,0.00461,0.31,6.91
198.54,15.95,50.011,30.67,137.3,7.38,4.22,0.54,8.52,7.44,0,Combined_Weather_Electrical,1,0.02957,0.3105,44.36
200.52,15.71,50.05,30.37,128,5.63,3.32,0.73,6.58,5.4,0,Combined_Weather_Electrical,1,0.02831,0.3111,42.47
200.9,16.7,50.032,33.43,152.6,5.65,3.45,0.87,6.68,6.42,0,Combined_Weather_Electrical,1,0.02726,0.3117,40.89
199.63,16.35,49.976,32.63,134.7,5.87,2.89,0.74,6.59,8.16,0,Combined_Weather_Electrical,1,0.02757,0.3122,41.36
202.83,15.67,49.924,33.14,136.9,7.05,3.05,0.49,7.7,8.11,0,Combined_Weather_Electrical,1,0.02924,0.3128,43.86
200.68,16.73,50.009,30.46,184.3,7.59,3.77,0.45,8.49,10.41,0,Combined_Weather_Electrical,1,0.02805,0.3134,42.08
199.29,16.41,50.024,36.17,118.6,6.09,3.32,0.32,6.95,5.85,0,Combined_Weather_Electrical,1,0.02817,0.3139,42.26
228.78,16.14,49.967,28.07,200.1,2.79,1.19,0.65,3.1,2.57,0,None,0,0.00553,0.314,8.3
228.54,16.59,50,27,215.3,2.21,1.13,0.76,2.59,3.11,0,None,0,0.00356,0.3141,5.34
228.54,16.59,49.992,26.66,251.3,2.39,0.82,0.78,2.65,2.78,1,None,0,0.004,0.3142,5.99
229.27,15.39,50.003,26.69,146.1,2.83,0.59,0.89,3.02,3.13,0,None,0,0.00366,0.3143,5.49
232.51,15.86,49.984,27.06,125.6,2.45,2.21,0.97,3.44,3.57,0,None,0,0.00589,0.3144,8.84
232.2,15.97,50.039,25.72,178.7,2.55,1.18,0.26,2.82,2.79,0,None,0,0.00619,0.3145,9.29
230.95,15.57,50.004,26.3,134.7,1.77,1.93,0.7,2.71,3.37,0,None,0,0.00355,0.3146,5.32
228.23,16.05,49.974,25.14,181,2.9,1.67,0.71,3.42,3.62,0,None,0,0.00589,0.3147,8.83
228.99,15.6,50.028,26.77,216,2.42,1.07,0.58,2.71,3.48,0,None,0,0.00474,0.3148,7.11
231.88,16.18,49.962,26.94,158.3,2.08,1.27,0.39,2.47,3.02,0,None,0,0.00559,0.3149,8.39
229.16,15.48,50.039,26,134.8,2.66,1.26,0.96,3.1,3.62,0,None,0,0.00557,0.315,8.36
231.68,15.76,50.03,27.62,192.6,3.55,1.94,0.45,4.07,4.55,0,None,0,0.00666,0.3151,9.98
191.39,16.02,50.042,33.18,91.2,3.76,4.16,0.05,5.61,6.83,0,Combined_Weather_Electrical,1,0.03288,0.3158,49.31
190.86,15.76,49.995,32.5,48.4,6.25,3.19,0.61,7.04,8.73,0,Combined_Weather_Electrical,1,0.0328,0.3165,49.2
189.92,16.14,49.985,33.82,88.9,5.64,3.7,0.54,6.77,5.86,0,Combined_Weather_Electrical,1,0.03365,0.3171,50.47
190.68,22.09,50.003,33.59,88,12.45,7.45,2.74,14.77,14.47,0,Combined_Weather_Electrical,1,0.04054,0.3179,60.8
154.83,22.24,49.997,37.26,28.9,12.36,9.04,2.84,15.57,18.73,0,Combined_Weather_Electrical,1,0.06472,0.3192,97.08
155.68,21.91,49.98,36.03,30.1,18.18,10.8,2.68,21.32,19.41,0,Combined_Weather_Electrical,1,0.07076,0.3206,106.14
153.75,16.24,49.983,40.54,35,8.1,7,0.55,10.72,11.72,0,Combined_Weather_Electrical,1,0.06128,0.3219,91.92
154.38,16.17,49.989,37.36,21.2,10.95,3.74,0.55,11.58,13.79,0,Combined_Weather_Electrical,1,0.06145,0.3231,92.18
190.85,15.9,49.965,33.56,72.5,5.9,3,1.15,6.72,6.13,0,Combined_Weather_Electrical,1,0.034,0.3238,51.01
191.62,16.11,50.02,32.02,63.1,6.25,3.65,0.77,7.27,7.28,0,Combined_Weather_Electrical,1,0.03332,0.3244,49.98
189.67,16.34,49.998,31.05,69.2,5.96,2.95,0.25,6.65,8.36,0,Combined_Weather_Electrical,1,0.03303,0.3251,49.55
189.67,16.34,49.991,29.42,93.6,4.75,2.75,0.54,5.51,5.39,1,Combined_Weather_Electrical,1,0.03228,0.3258,48.41
191.64,15.65,49.967,33.04,45.6,5.99,3.84,0.59,7.14,7.87,0,Combined_Weather_Electrical,1,0.03382,0.3264,50.73
227.72,16.42,49.965,27.04,128.8,2.97,1.43,0.32,3.31,3.37,0,None,0,0.00654,0.3266,9.81
231.93,16.47,50.058,25.4,216.5,2.46,1.24,0.15,2.76,3.42,0,None,0,0.00692,0.3267,10.38
229.77,15.51,49.981,26.19,200.5,3.51,1.65,0.75,3.95,4,0,None,0,0.00504,0.3268,7.57
227.68,15.9,50.018,26.23,143.4,1.66,1.68,0.4,2.39,2.34,0,None,0,0.00482,0.3269,7.23
229.28,15.96,50.005,26.02,190.3,1.5,1.17,0.91,2.11,1.87,0,None,0,0.00282,0.327,4.23
230.57,16.09,49.917,25.34,168.1,2.88,1.99,0.6,3.55,3.46,0,None,0,0.00809,0.3271,12.13
229.2,15.79,50.054,25.21,212.7,2.07,1.83,0.48,2.81,3.19,0,None,0,0.00602,0.3272,9.03
230.03,15.55,50.021,25.69,154,1.17,0.41,0,1.24,1.1,0,None,0,0.00229,0.3273,3.43
231.11,15.79,49.977,26.62,190.3,1.81,0.79,0.91,2.17,2.5,0,None,0,0.00405,0.3274,6.07
229.7,16.05,49.999,26.08,253.3,2.15,0.3,0.67,2.28,1.83,0,None,0,0.00252,0.3274,3.77
228.59,16.09,49.966,25.32,169.9,1.61,1.07,0.49,2,1.96,0,None,0,0.00464,0.3275,6.95
229.55,15.44,50.055,26.2,146.3,1.39,0.72,0.38,1.61,1.66,0,None,0,0.00464,0.3276,6.96
232.12,15.56,49.973,23.28,171.6,1.88,0.87,1,2.3,1.95,0,None,0,0.00504,0.3277,7.57
232.53,15.19,49.984,26.44,126.5,1.36,1.64,0.33,2.15,2.46,0,None,0,0.00459,0.3278,6.88
226.97,16.35,49.978,24.1,235,2.38,0.5,0.51,2.49,2.12,0,None,0,0.00556,0.3279,8.33
231.64,16.12,50.002,25.17,145.1,0.83,1.25,0.74,1.68,1.42,0,None,0,0.00287,0.328,4.3
230.38,15.53,50.041,24.53,125.4,2.05,1.25,0.96,2.59,2.55,0,None,0,0.00489,0.3281,7.34
231.39,15.43,50.054,24.36,101.3,2.31,1.17,0.55,2.65,3.09,0,None,0,0.00623,0.3282,9.35
229.17,16.06,49.988,26.29,177,1.95,1.25,0.42,2.35,3.01,0,None,0,0.00349,0.3282,5.23
227.35,16.26,50.011,24.96,166.3,2.66,0.31,0.57,2.73,3.25,0,None,0,0.00503,0.3283,7.55
230.88,15.74,50.002,25.58,110.2,1.18,0.88,0.83,1.68,1.74,0,None,0,0.00238,0.3284,3.57
228.59,15.56,49.971,25.23,151.6,1.58,1.82,0.88,2.56,2.4,0,None,0,0.00496,0.3285,7.44
227.92,14.96,50.073,25.62,66.7,1.8,0.72,0.26,1.96,1.86,0,None,0,0.00695,0.3286,10.42
228.02,15.36,50.041,25.26,133,2.43,1.87,0.63,3.13,2.94,0,None,0,0.00646,0.3288,9.69
230.9,15.7,50.006,24.14,142.2,2.13,0.64,0.24,2.24,2.1,0,None,0,0.00311,0.3288,4.66
230.21,15.76,50.047,25.93,190.9,3.29,0.59,0.82,3.44,2.87,0,None,0,0.00595,0.3289,8.92
231.17,15.56,50.036,24.71,90.4,1.52,0.82,0.71,1.86,1.7,0,None,0,0.00445,0.329,6.67
231,15.2,50.002,23.83,68.6,1.16,1.65,0.37,2.05,1.75,0,None,0,0.00283,0.3291,4.25
229.37,15.15,50.01,24.7,82.5,3.07,0.98,0.98,3.37,2.71,0,None,0,0.00427,0.3292,6.41
229.89,15.11,50.045,26.21,63.5,1.14,1.34,0.68,1.89,1.78,0,None,0,0.00422,0.3293,6.34
229.23,16.33,49.972,25.65,169,2.41,1.23,0.66,2.78,2.72,0,None,0,0.0047,0.3294,7.06
229.68,15.65,50.05,24.66,61.9,1.41,1.18,0.56,1.92,2.43,0,None,0,0.00464,0.3294,6.96
228.55,15.7,49.993,24.63,12.8,0.76,1.71,0.6,1.96,2.55,0,None,0,0.00325,0.3295,4.87
230.59,15.49,50.046,24.62,48.9,1.78,1.51,0.5,2.38,2.6,0,None,0,0.00505,0.3296,7.58
231.61,15.12,50,26.5,5.4,2.54,0.74,0.41,2.68,3.35,0,None,0,0.00374,0.3297,5.61
188.91,15.55,50.01,31.7,0,4.86,2.29,0.91,5.45,6.04,0,Combined_Weather_Electrical,1,0.03275,0.3303,49.13
191.51,15.15,49.999,31.97,0,6.92,4.86,0.48,8.47,8.88,0,Combined_Weather_Electrical,1,0.03363,0.331,50.44
190.06,15.24,49.984,29.06,0,6.14,2.75,0.47,6.74,5.54,0,Combined_Weather_Electrical,1,0.03359,0.3317,50.38
190.22,15.13,49.992,28.74,0,4.56,2.3,0.57,5.14,4.23,0,Combined_Weather_Electrical,1,0.03149,0.3323,47.23
187.82,14.28,50.041,31.14,4,6.48,2.04,0.96,6.86,5.6,0,Combined_Weather_Electrical,1,0.03644,0.333,54.67
187.68,15.61,49.931,29.87,0,5.03,3.88,0.88,6.41,5.61,0,Combined_Weather_Electrical,1,0.03748,0.3338,56.22
190.1,15.39,49.963,29.69,11.4,5.61,4.05,0.5,6.94,5.82,0,Combined_Weather_Electrical,1,0.03482,0.3345,52.23
190.9,15.23,49.978,29.83,0,4.87,3.55,0.91,6.1,5.47,0,Combined_Weather_Electrical,1,0.03269,0.3351,49.03
189.09,15.14,49.968,29.99,0,6.39,3.12,0.63,7.14,7.57,0,Combined_Weather_Electrical,1,0.03544,0.3359,53.16
191.99,15.18,50.045,30.51,0,3.63,3.89,0.39,5.33,5.61,0,Combined_Weather_Electrical,1,0.03239,0.3365,48.58
190.83,14.97,50.038,29.68,0,6.65,4.11,0.48,7.83,7.61,0,Combined_Weather_Electrical,1,0.03526,0.3372,52.9
188.8,15.42,50.018,30.56,11.3,5.71,4.1,0.94,7.09,8.03,0,Combined_Weather_Electrical,1,0.03485,0.3379,52.28
230.05,14.73,49.981,24.47,0,2.07,1.42,1.12,2.75,2.74,0,None,0,0.00374,0.338,5.61
233.72,15.09,50.04,22.78,0,2.14,1.13,0.68,2.51,2.29,0,None,0,0.00694,0.3381,10.41
228.14,15.36,49.952,25.08,9.3,1.4,1.04,0.46,1.8,2.07,0,None,0,0.0054,0.3382,8.1
230.79,15.07,50.064,24.59,0,1.19,1.19,0.57,1.78,2.29,0,None,0,0.00551,0.3383,8.26
229.52,15.27,49.979,25.08,0,1.77,0.85,0.41,2.01,2.42,0,None,0,0.00335,0.3384,5.03
231.06,14.74,49.992,21.93,9.2,1.95,1.06,0.45,2.26,2.28,0,None,0,0.00334,0.3385,5.02
231.9,14.9,49.987,25.88,0,2.64,1.71,0.42,3.17,3.13,0,None,0,0.00506,0.3386,7.58
229.42,15.23,49.968,24.06,14,2.55,0.56,0.58,2.68,2.19,0,None,0,0.00466,0.3387,7
231.68,15.36,50.058,25.03,0,2.11,0.58,0.63,2.28,2.57,0,None,0,0.00626,0.3388,9.39
233.33,14.67,50.024,23.28,42.5,2.71,1.53,0.56,3.17,2.89,0,None,0,0.00652,0.3389,9.79
230.1,15.66,50.036,24.57,93.5,1.43,1.06,0.54,1.86,2.13,0,None,0,0.00375,0.339,5.63
231.18,14.9,49.963,23.2,0,2.65,0.43,0.79,2.8,3.3,0,None,0,0.0054,0.3391,8.1
229.11,15.1,50.005,23.51,21.4,1.53,1.18,0.54,2,2.48,0,None,0,0.00285,0.3392,4.28
230.03,14.77,50.016,25.51,0,2.74,1.12,0.56,3.02,3.24,0,None,0,0.00382,0.3392,5.72
161.52,15,50.008,23.79,21.6,1.99,1.03,0.56,2.31,2.81,0,Voltage_Sag,1,0.04738,0.3402,71.07
162.54,15.39,49.965,24.08,0,0.8,1.47,0.99,1.95,2.26,0,Voltage_Sag,1,0.04768,0.3411,71.52
162.97,15.22,50.032,24.57,10,2.44,0.67,0.48,2.57,2.51,0,Voltage_Sag,1,0.0479,0.3421,71.85
161.59,15,50.004,24.23,0,2.49,1.21,0.75,2.86,2.44,0,Voltage_Sag,1,0.04766,0.343,71.49
163.32,15.06,49.971,23.92,0,1.73,1.12,0.41,2.1,1.93,0,Voltage_Sag,1,0.04702,0.344,70.52
163.32,15.25,49.944,24.06,0,1.78,1.22,0.69,2.26,2.76,0,Voltage_Sag,1,0.04853,0.345,72.8
162.6,15.45,50.018,25.66,17.1,1.9,0.51,0.74,2.1,2.25,0,Voltage_Sag,1,0.04697,0.3459,70.46
161.16,15.06,50.074,23.66,0,0.84,0.99,0.87,1.57,1.77,0,Voltage_Sag,1,0.05014,0.3469,75.21
161.06,15.51,49.97,23.83,11.4,0.58,1.21,0.5,1.43,1.72,0,Voltage_Sag,1,0.04792,0.3479,71.88
228.78,15.41,50.005,24.47,0,2.78,1.42,0.32,3.14,3.56,0,None,0,0.00419,0.3479,6.28
231.42,15.25,50.033,24.48,0,1.51,1.94,0.4,2.49,3.05,0,None,0,0.00508,0.348,7.62
228.18,15.17,49.962,24.52,5.9,3.11,1.52,0.84,3.57,3.01,0,None,0,0.00666,0.3482,9.98
231.02,15.3,49.986,24.04,0,2.82,1.38,1.12,3.34,4.18,0,None,0,0.00472,0.3483,7.08
228.38,15.16,49.974,22.58,8.4,2.94,1.71,0.81,3.5,4.22,0,None,0,0.00584,0.3484,8.77
231.24,15.7,50.03,24.77,61.2,1.61,1.08,0.28,1.96,2.45,0,None,0,0.00424,0.3485,6.36
230.03,15.3,50.04,22.51,0,1.03,1.82,0.8,2.24,2.61,0,None,0,0.00425,0.3486,6.37
232,14.96,50.005,23.64,46.9,1.35,1.65,0.36,2.16,2.02,0,None,0,0.0037,0.3486,5.55
231.71,14.95,49.975,22.76,59.9,1.73,1.02,0.51,2.08,1.78,0,None,0,0.00445,0.3487,6.68
232.15,14.85,49.987,23.27,0,0.58,1.97,0.65,2.15,1.86,0,None,0,0.00422,0.3488,6.33
232.19,15.37,49.981,23.55,0,1.71,1.38,0.69,2.31,2.42,0,None,0,0.00468,0.3489,7.02
230.22,14.65,49.971,23.51,12.1,1.88,2.08,0.62,2.87,2.85,0,None,0,0.00447,0.349,6.71
228.26,15.2,49.997,23.56,0,1.22,1.32,0.45,1.86,2.09,0,None,0,0.00314,0.3491,4.71
228.42,15.53,50.017,24.48,74.7,1.38,0.98,0.86,1.9,1.99,0,None,0,0.00379,0.3491,5.68
226.87,15.42,50.015,23.52,0,1.87,0.89,0.47,2.12,1.83,0,None,0,0.0049,0.3492,7.35
186.41,15.1,50,22.92,0,2.21,1.06,0.91,2.62,2.1,0,Voltage_Sag,1,0.03106,0.3498,46.59
187.82,14.69,50.002,23.86,0,1.47,0.97,0.26,1.78,1.54,0,Voltage_Sag,1,0.02937,0.3504,44.06
187.05,14.99,49.998,24,17.1,2.18,1.71,0.65,2.84,2.48,0,Voltage_Sag,1,0.03098,0.3511,46.46
187.51,14.65,49.961,22.03,0,2.08,1.19,0.29,2.42,2.8,0,Voltage_Sag,1,0.03207,0.3517,48.1
188.34,14.91,50.005,23.46,0,2.03,0.55,0.39,2.14,2.02,0,Voltage_Sag,1,0.02955,0.3523,44.32
187.36,15.17,49.982,23.51,15,1.61,1.29,0.47,2.11,1.79,0,Voltage_Sag,1,0.03079,0.3529,46.19
186.36,14.68,49.96,22.68,0,1.2,1.25,0.98,1.99,2.34,0,Voltage_Sag,1,0.03247,0.3536,48.71
187.67,15.54,50.011,23.98,0,3.02,1.01,0.93,3.32,4.21,0,Voltage_Sag,1,0.03148,0.3542,47.22
186.64,14.64,49.982,22.72,0,2.38,1.31,0.82,2.83,2.41,0,Voltage_Sag,1,0.03203,0.3548,48.05
229.59,15.56,50.007,22.91,27.3,2.6,1.18,0.61,2.92,3.75,0,None,0,0.00353,0.3549,5.29
232.01,15.48,50.025,22.64,23.6,1.95,1.45,0.65,2.52,3.21,0,None,0,0.0051,0.355,7.65
196.08,15.31,49.971,26.39,0,4.27,3.07,0.92,5.35,5.67,0,Combined_Weather_Electrical,1,0.02889,0.3556,43.34
198.7,14.78,50.003,27.27,0,5.42,2.81,0.78,6.16,5.84,0,Combined_Weather_Electrical,1,0.02671,0.3561,40.07
198.26,15.08,49.946,28.97,0,3.09,2.4,0.6,3.96,3.44,0,Combined_Weather_Electrical,1,0.02738,0.3567,41.07
195.68,14.71,50.046,27.66,0,4.91,3.75,0.97,6.25,7.58,0,Combined_Weather_Electrical,1,0.03093,0.3573,46.4
195,15.31,49.959,29.76,3.5,3.83,2.84,0.8,4.84,5.33,0,Combined_Weather_Electrical,1,0.0297,0.3579,44.55
196.36,15.27,49.985,24.87,25.7,3.75,3.51,0.66,5.18,5.83,0,Combined_Weather_Electrical,1,0.02789,0.3584,41.83
231.73,14.82,50.04,20.81,0,1.47,0.76,0.49,1.73,2.13,0,None,0,0.00486,0.3585,7.29
229.26,14.63,49.993,21.99,0,2.2,1.36,0.46,2.63,2.68,0,None,0,0.00346,0.3586,5.19
231.36,0,49.964,21.41,0,2.05,1.26,0.52,2.46,2.42,1,None,0,0.00514,0.3587,7.71
231.81,14.89,50.021,23.74,29,2.84,1.13,0.71,3.14,3.7,0,None,0,0.00539,0.3588,8.08
228.84,15.47,50.021,23.2,17.9,3.48,1.81,0.81,4.01,3.8,0,None,0,0.0058,0.3589,8.7
228.99,14.87,49.981,21.81,0,1.24,1.64,0.24,2.07,2,0,None,0,0.00369,0.359,5.53
231.07,15.06,49.984,24.13,0,2.09,1.07,0.11,2.35,2.33,0,None,0,0.00383,0.3591,5.75
230.23,15.25,49.987,23.08,0,2.09,1.52,0.36,2.61,3.2,0,None,0,0.00341,0.3591,5.12
228.97,15.54,49.994,22,0,1.99,1.83,0.5,2.75,3.27,0,None,0,0.00373,0.3592,5.59
229.47,15.33,49.943,20.23,5.7,1.35,1.64,0.9,2.31,2.18,0,None,0,0.00549,0.3593,8.24
229.89,14.95,49.995,24.02,34.9,1.45,1.15,0.53,1.92,1.68,0,None,0,0.00226,0.3594,3.39
227.65,14.37,50.054,21.04,0,2.14,0.56,0.66,2.31,2.31,0,None,0,0.00652,0.3595,9.78
231.15,15.65,49.973,20.8,0,1.43,1.33,0.7,2.08,2.31,0,None,0,0.00417,0.3596,6.26
229.28,15.98,49.982,22.9,63.2,2.1,1.47,0.34,2.58,2.94,0,None,0,0.00392,0.3597,5.89
225.82,15.16,49.964,24,0,1.85,0.89,0.96,2.27,2.04,0,None,0,0.00677,0.3598,10.15
226.63,44.87,50.018,23.13,45.4,2.08,1.21,0.43,2.45,2.26,1,None,0,0.00556,0.3599,8.35
228.89,15.31,50.036,22.43,0,1.43,1.17,0.99,2.09,2.65,0,None,0,0.00462,0.36,6.93
232.53,14.99,50.035,22.42,0,2.09,1.76,0.57,2.79,2.77,0,None,0,0.00621,0.3601,9.32
229.12,15.07,49.963,22.6,17.5,1.47,1.94,0.52,2.49,2.38,0,None,0,0.00493,0.3602,7.4
228.35,15.29,50.015,22.49,0,2.1,1.67,0.32,2.7,3.1,0,None,0,0.00452,0.3603,6.78
230.76,20.91,50.043,22.07,5.3,9.13,5.67,1.81,10.9,11.27,0,Harmonic_Distortion,1,0.01355,0.3606,20.32
229.01,20.23,50.015,21.9,0,10.31,5.76,3.06,12.2,11.26,0,Harmonic_Distortion,1,0.01361,0.3609,20.41
228.83,20.58,50.014,21.73,0,8.5,6.66,2.68,11.12,11.18,0,Harmonic_Distortion,1,0.0126,0.3611,18.91
230.76,21.02,49.986,21.14,13.5,8.15,4.4,2.97,9.73,8.49,0,Harmonic_Distortion,1,0.01094,0.3613,16.4
228.44,20.91,50.007,21.48,0,8.21,7.07,2.79,11.19,10.52,0,Harmonic_Distortion,1,0.01254,0.3616,18.81
227.81,28.43,50.037,20.32,0,14.55,9.32,4.1,17.76,17.92,0,Harmonic_Distortion,1,0.02104,0.362,31.56
232.59,28.93,50.01,21.56,0,17.55,6.26,3.53,18.97,20.09,0,Harmonic_Distortion,1,0.02115,0.3624,31.72
230.87,28.6,49.963,20.81,63.7,16.84,8.78,6.07,19.94,23.34,0,Harmonic_Distortion,1,0.02238,0.3629,33.56
229.6,28.68,49.986,20.69,35.1,16.03,10.19,5.17,19.68,19.53,0,Harmonic_Distortion,1,0.02062,0.3633,30.94
229.99,19.37,50.036,21.68,38.6,6.73,7.35,1.63,10.1,10.83,0,Harmonic_Distortion,1,0.01191,0.3635,17.87
230.76,14.9,50.01,22.62,0,2.61,1.58,0.57,3.1,3.95,0,None,0,0.00408,0.3636,6.12
231.46,15.24,50.004,22.2,0,2.3,1.3,0.3,2.66,3.21,0,None,0,0.00379,0.3637,5.68
228.87,0,49.983,20.18,78.1,3.13,1.39,0.61,3.48,3.2,1,None,0,0.00505,0.3638,7.58
230.55,14.79,50.036,20.61,0,2.12,1.24,0.42,2.49,2.26,0,None,0,0.00463,0.3639,6.95
202.05,14.69,50.05,25.61,0,5.38,3.28,0.44,6.31,7.14,0,Combined_Weather_Electrical,1,0.02703,0.3644,40.55
202.47,15.3,50.038,25.02,8.2,5.52,3.33,0.27,6.45,7.08,0,Combined_Weather_Electrical,1,0.0263,0.3649,39.45
202.93,15.31,50.043,27.11,22.8,3.53,3.93,0.88,5.35,5.75,0,Combined_Weather_Electrical,1,0.02517,0.3654,37.75
202.71,15.23,49.989,25.11,0,5.64,3.99,0.43,6.92,6.07,0,Combined_Weather_Electrical,1,0.02526,0.3659,37.89
203.69,14.61,49.985,27.9,25,5.95,3.01,0.44,6.69,6.56,0,Combined_Weather_Electrical,1,0.0246,0.3664,36.89
203.36,17.38,49.995,28.43,21.2,12.45,6.93,2.97,14.56,17.17,0,Combined_Weather_Electrical,1,0.03216,0.3671,48.24
227.74,17.07,50.001,20.1,0,9.86,6.69,1.96,12.08,14.03,0,Harmonic_Distortion,1,0.01361,0.3674,20.42
227.96,17.1,50.043,20.65,0,8.88,7.25,2.09,11.65,10.28,0,Harmonic_Distortion,1,0.01513,0.3677,22.69
229.45,17.21,50.035,21.35,38.3,7.25,6.77,3.02,10.37,10.51,0,Harmonic_Distortion,1,0.01248,0.3679,18.72
232.74,17.03,50.016,19.79,0,10.26,4.33,2.02,11.32,11.56,0,Harmonic_Distortion,1,0.01391,0.3682,20.87
228.72,20.7,49.957,21.38,0,16.91,7.01,3.8,18.7,19.71,0,Harmonic_Distortion,1,0.02168,0.3686,32.52
229.69,19.55,49.949,20.98,0,18.24,10.63,4.74,21.64,22.3,0,Harmonic_Distortion,1,0.02438,0.3691,36.56
229.2,21.08,50.007,21.4,0,13.27,7.32,4.69,15.86,16.67,0,Harmonic_Distortion,1,0.01675,0.3694,25.12
229.17,20.54,50.026,21.1,0,18.72,9.9,3.52,21.47,25.91,0,Harmonic_Distortion,1,0.02333,0.3699,35
230.27,14.99,49.998,21.98,0,0.58,0.91,0.24,1.1,1.1,0,None,0,0.0014,0.3699,2.1
232.1,15.22,50.057,20.96,0,2.9,1.24,0.38,3.17,3.42,0,None,0,0.00742,0.3701,11.12
230.68,14.49,49.968,20.48,0,2.11,1.33,0.32,2.51,2.77,0,None,0,0.00458,0.3702,6.87
228.79,15.11,49.964,20.89,91.7,1.08,1.26,0.44,1.72,2.18,0,None,0,0.00431,0.3703,6.47
234.13,15.22,49.98,21.19,74.7,2.23,0.52,0.64,2.37,2.67,0,None,0,0.00606,0.3704,9.09
230.12,15.35,49.979,20.76,0,2.21,1.21,0.49,2.56,2.22,0,None,0,0.00369,0.3705,5.54
229.13,15.18,50.016,20.72,63.3,2.73,1.38,0.48,3.1,3.38,0,None,0,0.00445,0.3705,6.68
232.12,15.04,49.987,20.09,0,1.81,0.64,0.53,1.99,2.26,0,None,0,0.00401,0.3706,6.01
229.3,14.75,49.954,20.09,5.2,2.01,0.59,0.97,2.31,1.86,0,None,0,0.00509,0.3707,7.63
232.49,15.02,50.027,19.47,0,1.61,0.77,1.14,2.12,1.78,0,None,0,0.00509,0.3708,7.63
228.69,15.5,49.947,21.96,0,2.36,1.5,0.49,2.84,2.3,0,None,0,0.00633,0.371,9.49
232.15,15.33,49.968,19.53,39.4,1.53,0.4,0.68,1.72,1.42,0,None,0,0.00473,0.371,7.09
230.3,14.89,49.951,19.93,5,1.46,1.53,0.39,2.15,1.82,0,None,0,0.00479,0.3711,7.18
231.94,15.1,50.006,19.88,0,1.96,1.36,0.79,2.51,3.21,0,None,0,0.00409,0.3712,6.13
232.85,15.13,50.006,21.14,0,1.26,1.1,0.48,1.74,1.57,0,None,0,0.00388,0.3713,5.82
228.3,15.06,50.057,20.15,0,2.96,0.61,0.42,3.05,2.75,0,None,0,0.00704,0.3714,10.55
231.91,15.3,50.027,21.35,0,3.16,0.88,1.1,3.46,4.25,0,None,0,0.00608,0.3716,9.11
227.89,15.22,50.043,19.78,0,1.73,1.51,0.26,2.31,2.72,0,None,0,0.00585,0.3717,8.78
228.43,14.89,50.009,20.51,0,1.17,1.7,0.01,2.06,2.35,0,None,0,0.00352,0.3718,5.28
228.79,15.07,49.971,19.59,0,2.2,0.79,0.78,2.47,2.49,0,None,0,0.00472,0.3718,7.08
203.4,15.1,50.004,25.34,31,3.82,3.02,0.51,4.9,3.99,0,Combined_Weather_Electrical,1,0.02244,0.3723,33.66
202.78,14.78,50.018,24.94,27.1,5.12,3.24,0.44,6.07,7.37,0,Combined_Weather_Electrical,1,0.02472,0.3728,37.07
202.51,14.84,50.021,26.9,0,4.18,3.79,1.28,5.78,7.12,0,Combined_Weather_Electrical,1,0.02477,0.3733,37.15
202.92,14.91,49.986,28.19,0,6.25,2.15,0.78,6.65,6.93,0,Combined_Weather_Electrical,1,0.02502,0.3738,37.53
202.92,14.91,50.015,20.42,75.2,2.07,0.97,0.59,2.36,2.65,1,None,0,0.02075,0.3742,31.12
231,0,49.972,19.91,20.8,1.59,1.93,0.42,2.54,2.64,1,None,0,0.00459,0.3743,6.89
231.64,14.07,49.969,19.92,0,2.14,1.27,0.71,2.59,2.46,0,None,0,0.00523,0.3744,7.84
232.73,15.72,49.967,20.03,0,2.53,1.73,0.17,3.07,3.28,0,None,0,0.00652,0.3745,9.78
229.97,15.41,50.001,19.84,15.8,2.05,1.3,0.47,2.47,2.83,0,None,0,0.00253,0.3746,3.8
229.22,14.99,49.965,20.7,33.2,2.06,1.02,0.59,2.37,2.08,0,None,0,0.00465,0.3747,6.97
230.92,14.99,49.987,21.66,0,1.48,1.43,0.65,2.16,2.3,0,None,0,0.0034,0.3747,5.09
228.28,0,50.027,19.42,11.6,2.69,2.06,0.56,3.43,4.08,1,None,0,0.00591,0.3749,8.86
228.98,14.66,49.969,18.74,0,2.63,0.94,0.43,2.82,2.93,0,None,0,0.00503,0.375,7.55
231.5,19.84,49.985,19.73,0,9,5.12,2.7,10.7,9.4,0,Harmonic_Distortion,1,0.01243,0.3752,18.65
229.81,19.84,50.002,21.83,0,8.8,5.93,2.17,10.83,13.38,0,Harmonic_Distortion,1,0.01106,0.3754,16.59
228.19,19.68,50.007,19.09,0,8.88,4.89,3.48,10.72,12.19,0,Harmonic_Distortion,1,0.01227,0.3757,18.41
227.77,20.13,49.985,21.01,38.8,8.02,3.81,2.51,9.22,10.3,0,Harmonic_Distortion,1,0.01143,0.3759,17.15
230.07,19.32,50.024,21.01,0,10.72,4.83,3.51,12.27,13.82,0,Harmonic_Distortion,1,0.0135,0.3762,20.25
231.71,19.74,50.018,19.19,0,9.99,6.66,2.81,12.33,11.37,0,Harmonic_Distortion,1,0.01433,0.3765,21.5
231.69,19.85,50.034,20.06,0,10.93,7.2,1.92,13.23,13.84,0,Harmonic_Distortion,1,0.01604,0.3768,24.07
230.17,19.97,49.998,20.88,14.4,8.11,3.39,3.07,9.31,8.97,0,Harmonic_Distortion,1,0.00954,0.377,14.31
233.01,19.64,49.985,19.24,0,10.69,5.29,2.44,12.17,14.81,0,Harmonic_Distortion,1,0.0149,0.3773,22.35
229.84,15.21,49.98,19.35,0,1.54,1.15,0.58,2.01,2.2,0,None,0,0.00314,0.3773,4.71
229.79,14.96,50.009,19.01,53.3,1.25,1.2,0.16,1.74,2.02,0,None,0,0.00234,0.3774,3.51
226.15,15.05,49.989,18.63,37.2,1.86,1.44,0.69,2.45,2.77,0,None,0,0.00553,0.3775,8.29
229.33,15.23,49.983,18.89,0,2.16,1.9,0.42,2.9,3.03,0,None,0,0.0042,0.3776,6.29
231.28,14.88,49.987,18.4,19.9,1.69,1.32,0.9,2.33,2.8,0,None,0,0.00383,0.3777,5.75
232.35,15.02,49.979,19.38,21.5,2.45,0.66,0.55,2.6,2.88,0,None,0,0.00516,0.3778,7.74
228.75,14.91,50.006,18.7,25.7,1.87,1.13,0.41,2.22,2.03,0,None,0,0.00333,0.3778,5
230.69,15.24,49.958,19.47,0,0.75,1.54,0.9,1.94,1.83,0,None,0,0.00451,0.3779,6.76
231.57,14.88,50.009,18.01,40.3,2.33,1.55,0.38,2.83,3.43,0,None,0,0.00431,0.378,6.46
230.02,15.26,50.02,19.49,0,1.47,1.47,0.82,2.23,2.84,0,None,0,0.00326,0.3781,4.89
226.58,14.86,49.983,19.86,0,1.78,1,0.72,2.16,2.32,0,None,0,0.00527,0.3782,7.9
472.76,14.94,50.058,17.57,105.5,2.93,0.65,0.51,3.05,3.02,1,None,0,0.16425,0.3815,246.38
231.14,15.12,50.001,19.43,12.1,3.06,1.44,0.27,3.39,3.78,0,None,0,0.00417,0.3815,6.25
228.58,14.81,49.953,20.08,0,1.65,0.71,0.91,2.02,2.1,0,None,0,0.00529,0.3816,7.93
229.62,14.99,49.992,18.1,0,2.35,1.48,0.73,2.87,3.5,0,None,0,0.00354,0.3817,5.3
228.27,14.32,50.002,20.38,55.6,1.67,1.48,0.41,2.27,2.76,0,None,0,0.00349,0.3818,5.23
226.14,14.87,50.013,19.34,0,1.83,1.01,0.66,2.19,2.25,0,None,0,0.00538,0.3819,8.07
231.54,14.68,49.992,18.41,0,1.64,1.16,0.85,2.18,2.62,0,None,0,0.00357,0.382,5.35
229.99,14.53,49.97,18.9,0,0.97,1.28,0.63,1.72,1.54,0,None,0,0.00324,0.382,4.86
232.4,14.93,49.967,19.36,56.7,2.06,0.95,0.66,2.36,2.33,0,None,0,0.00557,0.3821,8.35
231.29,14.8,49.98,18.94,30.9,2.17,0.65,0.86,2.42,2.04,0,None,0,0.00424,0.3822,6.36
229.47,14.85,49.983,19.28,0,1.6,1.18,0.98,2.22,2.67,0,None,0,0.0034,0.3823,5.1
229.88,14.44,49.966,18.09,12.3,2.65,1.23,0.57,2.98,3.83,0,None,0,0.00476,0.3824,7.14
230.85,14.94,49.978,18.93,0,1.74,1.74,0.27,2.48,2.7,0,None,0,0.00413,0.3825,6.2
231.45,15.21,50.02,17.63,5.6,1.62,0.89,0.27,1.87,2.21,0,None,0,0.0038,0.3825,5.7
230.48,14.92,50.049,18.64,0,2.32,1.63,0.43,2.86,2.86,0,None,0,0.00565,0.3827,8.48
231.66,15.2,50.023,17.98,38.8,1.07,0.74,0.37,1.36,1.47,0,None,0,0.00357,0.3827,5.36
229.55,15.29,50.039,18.08,38.7,2.54,0.66,0.18,2.63,2.57,0,None,0,0.00488,0.3828,7.33
228.5,15.33,50.029,19.63,19.8,1.76,1.08,1.06,2.32,2.67,0,None,0,0.00476,0.3829,7.14
229.9,15.44,50.025,19.48,0,2.59,0.82,0.73,2.82,2.6,0,None,0,0.00413,0.383,6.2
230.31,14.82,49.99,19.07,29.7,2.77,0.66,0.47,2.89,2.53,0,None,0,0.0036,0.3831,5.39
228.2,14.57,50.004,17.68,0,2.38,1.98,0.59,3.15,3.94,0,None,0,0.00454,0.3832,6.81
227.99,15.05,49.987,18.27,0,1.51,1.02,0.15,1.83,2.26,0,None,0,0.00377,0.3832,5.65
230.67,15.09,49.993,19.46,0,1.25,2.12,0.89,2.62,3.19,0,None,0,0.00339,0.3833,5.08
229.39,15.06,50.002,18.58,0,1.14,0.8,0.11,1.4,1.69,0,None,0,0.0019,0.3833,2.85
229.75,15.63,50.021,20.29,36.4,2.66,0.52,0.73,2.81,3.27,0,None,0,0.00404,0.3834,6.06
229.46,14.84,50.013,18.72,0,1.92,1.72,0.14,2.58,3.19,0,None,0,0.00357,0.3835,5.35
232.28,14.95,49.995,18.53,0,1.64,0.91,0.5,1.94,1.76,0,None,0,0.00367,0.3836,5.51
231.89,14.51,50.002,18.1,0,1.92,1.26,0.91,2.47,3.05,0,None,0,0.00379,0.3836,5.68
228.14,15.46,50.013,18.42,0,2.65,0.66,0.19,2.74,3.44,0,None,0,0.0046,0.3837,6.89
229.2,14.74,50.02,18.16,7.4,2.47,1.18,0.56,2.79,3.24,0,None,0,0.00432,0.3838,6.47
231.28,14.9,49.954,18.82,36.8,2.26,0.65,0.76,2.47,2.72,0,None,0,0.00558,0.3839,8.38
154.54,14.91,49.968,18.99,12.6,2.38,1.17,0.72,2.75,2.52,0,Voltage_Sag,1,0.05358,0.385,80.37
153.89,14.59,50.033,17.57,0,2.11,1.01,0.62,2.42,2.98,0,Voltage_Sag,1,0.05371,0.3861,80.57
152.79,14.54,49.998,17.11,0,2.18,1.29,0.72,2.64,2.87,0,Voltage_Sag,1,0.05308,0.3871,79.62
153.25,14.58,49.987,16.67,0,2.13,1.45,0.45,2.62,2.89,0,Voltage_Sag,1,0.05331,0.3882,79.96
153.42,14.53,49.992,18.52,8.6,2,1.3,1.08,2.62,2.89,0,Voltage_Sag,1,0.05296,0.3893,79.44
154.21,14.76,49.992,17.2,17.9,2.45,1.38,0.2,2.82,3.48,0,Voltage_Sag,1,0.05264,0.3903,78.96
155.65,15.3,50.017,16.33,0,2.22,1.16,0.89,2.65,2.31,0,Voltage_Sag,1,0.05198,0.3914,77.97
153.25,15.04,49.967,18.34,0,1.47,1.03,0.65,1.91,1.58,0,Voltage_Sag,1,0.05363,0.3924,80.44
152.9,15.41,50.001,19.99,18.1,2.32,1.39,0.75,2.8,2.56,0,Voltage_Sag,1,0.05312,0.3935,79.68
153.83,15.23,50.007,17.97,6.2,2.15,1.16,0.8,2.57,2.68,0,Voltage_Sag,1,0.05261,0.3946,78.92
231.55,15.45,50.012,18.61,17.4,2.37,1.17,0.74,2.74,2.84,0,None,0,0.00435,0.3946,6.52
227.83,14.27,50.007,17.98,0,1.94,1.36,0.4,2.4,2.53,0,None,0,0.00415,0.3947,6.22
232.18,14.53,50.015,17.81,27.1,2.49,0.79,0.53,2.66,2.28,0,None,0,0.00486,0.3948,7.29
229.74,0,49.983,18.6,0,1.96,1.77,0.24,2.66,3.18,1,None,0,0.00368,0.3949,5.52
228.9,14.64,49.972,17.6,0,2.43,1.1,0.53,2.72,2.59,0,None,0,0.00485,0.395,7.28
227.6,14.71,50.074,18.02,0,1.73,1.25,0.68,2.24,2.81,0,None,0,0.00749,0.3951,11.23
231.06,14.67,49.991,18.03,0,1.77,1.18,0.75,2.26,2.75,0,None,0,0.0034,0.3952,5.1
187.31,14.83,49.994,21.33,0,5.18,3.82,0.7,6.47,5.38,0,Combined_Weather_Electrical,1,0.03459,0.3959,51.89
187.73,14.84,50.02,26.27,0,4.59,2.86,0.16,5.41,4.47,0,Combined_Weather_Electrical,1,0.03399,0.3966,50.99
186.42,14.71,50.048,23.12,18.8,6.31,2.82,0.46,6.92,7.71,0,Combined_Weather_Electrical,1,0.03774,0.3973,56.61
187.13,14.28,49.984,24.04,22.1,6.13,3.76,0.43,7.2,6.04,0,Combined_Weather_Electrical,1,0.03598,0.3981,53.97
186.93,14.51,49.97,23.7,0,4.85,2.66,0.27,5.54,6.02,0,Combined_Weather_Electrical,1,0.03513,0.3988,52.7
187.4,14.74,49.963,24.56,19.1,7.17,4.44,0.39,8.44,7.09,0,Combined_Weather_Electrical,1,0.03809,0.3995,57.14
406.27,14.71,50.048,21.32,0,6.65,3.84,0.6,7.7,8,1,Combined_Weather_Electrical,1,0.12504,0.402,187.56
185.64,14.58,49.969,23.28,16.8,6.59,2.91,0.95,7.27,7.34,0,Combined_Weather_Electrical,1,0.03775,0.4028,56.63
190.86,14.67,49.999,21.53,0,7.45,3.1,0.36,8.08,8.85,0,Combined_Weather_Electrical,1,0.03364,0.4034,50.47
185.85,14.45,49.971,21.87,0,5.62,4.11,0.32,6.96,6.81,0,Combined_Weather_Electrical,1,0.03722,0.4042,55.83
187.74,14.74,49.957,21.86,0,6.18,3.63,0.45,7.18,6.25,0,Combined_Weather_Electrical,1,0.03692,0.4049,55.37
227.34,14.68,49.991,18.11,48.5,1.27,0.58,0.68,1.55,1.89,0,None,0,0.00372,0.405,5.58
227,14.57,49.972,18.54,0,1.63,1.47,0.91,2.38,2.26,0,None,0,0.00574,0.4051,8.61
230.15,14.5,49.979,17.85,24.3,1.83,1.6,0.58,2.5,2.09,0,None,0,0.00363,0.4052,5.45
496.71,14.9,50.06,17.38,44.1,3,0.97,0.24,3.16,3.32,1,None,0,0.18011,0.4088,270.17
231.89,14.57,50.013,16.3,28.7,3.32,1.38,0.29,3.6,4.46,0,None,0,0.00547,0.4089,8.21
230.6,15.37,50.028,16.47,93,2.21,1.06,0.65,2.53,2.38,0,None,0,0.00432,0.409,6.48
229.78,14.87,50.025,17.05,0,2.01,1.55,0.85,2.68,2.74,0,None,0,0.00406,0.4091,6.09
190.32,14.87,49.997,16.78,17.8,1.79,1.07,1.05,2.34,2.34,0,Voltage_Sag,1,0.02837,0.4096,42.55
193.38,14.52,49.987,17.1,0,2.49,0.97,0.3,2.69,2.22,0,Voltage_Sag,1,0.02724,0.4102,40.85
192.67,15.07,50.007,17.26,22.9,3.31,1.18,0.63,3.58,4.41,0,Voltage_Sag,1,0.0283,0.4107,42.44
189.95,14.99,50.005,17.62,0,3.07,0.66,0.34,3.16,3.73,0,Voltage_Sag,1,0.02953,0.4113,44.3
191.56,14.8,49.983,17.11,0,2.68,1.14,0.38,2.94,2.49,0,Voltage_Sag,1,0.02887,0.4119,43.3
191.69,15.47,50.004,17.53,24.3,2.67,1.34,0.35,3.01,2.61,0,Voltage_Sag,1,0.02819,0.4125,42.29
191.08,14.9,49.979,17.17,0,2.5,1.55,0.52,2.98,2.4,0,Voltage_Sag,1,0.02943,0.4131,44.14
192.47,16.96,49.995,15.51,0,9.32,6.08,1.65,11.26,14.55,0,Harmonic_Distortion,1,0.03599,0.4138,53.98
192.55,16.74,49.99,16.32,0,7.9,3.76,2.92,9.22,9.3,0,Harmonic_Distortion,1,0.03415,0.4145,51.23
191.27,17.07,49.962,16.93,11.5,9.85,5.03,1.78,11.2,14.17,0,Harmonic_Distortion,1,0.03836,0.4152,57.55
229.58,16.66,49.929,16.05,55.7,10.92,6.16,3.36,12.98,13.11,0,Harmonic_Distortion,1,0.01678,0.4156,25.17
232.25,16.6,49.972,17.47,0,8.45,6.07,1.97,10.59,9.02,0,Harmonic_Distortion,1,0.01346,0.4158,20.19
231.4,17.16,50.054,18.19,52.7,6.28,6.38,2.41,9.27,9.01,0,Harmonic_Distortion,1,0.01289,0.4161,19.34
230.11,16.9,49.991,17.92,0,8.56,6.04,1.88,10.64,10.74,0,Harmonic_Distortion,1,0.01117,0.4163,16.76
227.56,14.89,50.023,16.75,0,2.61,1.12,0.81,2.95,2.62,0,None,0,0.00571,0.4164,8.56
230.52,15.13,49.936,18.09,0,1.67,1.31,0.45,2.17,1.8,0,None,0,0.00569,0.4166,8.54
231.05,14.32,49.97,16.99,0,2.2,1.08,0.84,2.59,2.48,0,None,0,0.00478,0.4166,7.18
225.87,14.44,49.959,16.58,0,1.58,0.86,0.68,1.92,2.06,0,None,0,0.00665,0.4168,9.97
230.38,14.9,49.994,16.33,27.6,2.96,1.61,0.51,3.41,3.16,0,None,0,0.00396,0.4169,5.93
229.37,14.51,50.073,16.56,0,0.98,1.3,0.33,1.66,2.13,0,None,0,0.0057,0.417,8.56
229.67,15.76,50.014,16.47,5.6,2.29,0.78,0.54,2.47,2.58,0,None,0,0.00338,0.417,5.07
228.64,14.9,50.051,16.89,0,1.23,1.32,0.52,1.88,1.62,0,None,0,0.00531,0.4171,7.96
229.78,14.72,49.992,16.86,0,1.69,1.26,0.82,2.27,2.28,0,None,0,0.00279,0.4172,4.19
232.09,14.58,50.041,16.71,0,2.12,0.91,0.54,2.37,2.74,0,None,0,0.00578,0.4173,8.67
229.33,14.61,50.062,17.03,0,2.15,1.68,0.12,2.73,2.85,0,None,0,0.00628,0.4174,9.42
231.45,14.79,49.997,17.61,0,2.14,1.25,0.76,2.59,2.5,0,None,0,0.0037,0.4175,5.55
228.79,14.8,49.984,17.4,0,2.09,1.11,0.92,2.54,2.17,0,None,0,0.00414,0.4176,6.21
231.14,14.53,49.96,15.43,0,1.61,1.17,0.18,2,2.06,0,None,0,0.00472,0.4177,7.08
230,14.55,49.991,14.55,0,1.9,1.38,1.05,2.57,2.18,0,None,0,0.00304,0.4178,4.56
230.53,15.37,50.002,17.32,50.9,2.02,1.17,0.95,2.52,2.48,0,None,0,0.00299,0.4178,4.48
230.01,15.09,50.061,15.45,0,2.12,1.17,0.44,2.46,2.11,0,None,0,0.00551,0.4179,8.27
230.96,14.79,49.961,16.34,0,1.96,1.63,0.32,2.57,2.92,0,None,0,0.00514,0.418,7.71
226.15,14.72,50.002,15.57,111.2,2.44,0.63,0.86,2.66,3.16,0,None,0,0.00526,0.4181,7.9
227.87,14.81,49.946,15.04,0,2.06,0.7,0.26,2.19,2.02,0,None,0,0.0063,0.4183,9.45
230.63,15.21,49.987,16.89,0,2.12,1.51,0.43,2.64,2.21,0,None,0,0.00369,0.4183,5.53
226.93,15.28,50.009,17.04,29.4,1.77,2.17,0.27,2.81,2.74,0,None,0,0.00528,0.4184,7.92
263.86,7.01,50.015,15.95,0,1.37,1.55,0.6,2.15,2.33,1,None,0,0.02501,0.4189,37.51
205.34,28.95,50.018,14.32,0,2.09,1.95,0.97,3.02,3.57,1,None,0,0.01998,0.4193,29.97
228.76,20.87,50.012,15.93,85.8,11.6,4.6,2.65,12.76,12.78,0,Harmonic_Distortion,1,0.01416,0.4196,21.25
228.96,20.68,50.017,16.66,0,10.08,3.42,3.19,11.11,10.92,0,Harmonic_Distortion,1,0.01266,0.4199,18.99
230.41,20.03,50.001,15.14,0,8.95,3.62,2.81,10.05,12.61,0,Harmonic_Distortion,1,0.01039,0.4201,15.58
231.51,14.81,49.969,16.45,0,2.49,1.58,0.62,3.01,3.09,0,None,0,0.00557,0.4202,8.36
228.56,15.26,49.944,16.27,35.9,1.8,0.68,0.29,1.94,1.99,0,None,0,0.00566,0.4203,8.49
229.14,14.74,49.984,16.73,45,2.43,1.11,0.58,2.73,2.75,0,None,0,0.00412,0.4204,6.17
228.9,14.46,49.996,16.34,0,1.78,1.19,0.41,2.18,2.14,0,None,0,0.0031,0.4205,4.64
226.37,14.81,50.038,15.44,27.3,2.21,0.93,0.56,2.46,2.87,0,None,0,0.00671,0.4206,10.07
230.21,14.91,49.997,17.16,55.6,1.69,0.98,0.54,2.02,1.9,0,None,0,0.00231,0.4206,3.47
231.4,15.18,49.994,16.05,71.5,1.7,1.54,0.52,2.35,2.33,0,None,0,0.00356,0.4207,5.34
231.52,14.57,50.012,16.14,0,1.06,1.39,1.13,2.08,1.96,0,None,0,0.00365,0.4208,5.48
228.69,15.19,49.992,15.39,0,2.31,1.52,1.04,2.95,3.2,0,None,0,0.00421,0.4209,6.31
228.12,14.3,50.024,15.77,0,2.22,1.33,0.95,2.76,3.54,0,None,0,0.0052,0.421,7.8
230.03,15.05,50.059,15.39,0,2.26,0.85,1.05,2.63,2.62,0,None,0,0.00562,0.4211,8.43
231.24,14.47,50.066,15.94,0,2.17,1.37,0.95,2.73,3.51,0,None,0,0.00683,0.4212,10.25
230.23,14.23,50.003,17.43,0,1.54,0.82,0.59,1.85,2.08,0,None,0,0.00214,0.4213,3.21
230.43,14.9,50.01,14.94,44.8,2.58,1.08,0.57,2.85,3.42,0,None,0,0.00364,0.4213,5.46
231.71,14.76,50.047,14.73,51,2.6,0.79,0.66,2.79,2.7,0,None,0,0.00628,0.4215,9.41
228.89,14.43,49.996,17.18,0,1.53,0.96,0.55,1.88,1.72,0,None,0,0.00283,0.4215,4.25
229.67,14.36,50.02,15.82,43.9,2.32,1.24,0.34,2.65,2.88,0,None,0,0.00388,0.4216,5.83
232.45,14.73,49.966,15.43,14.3,2.52,1.02,0.67,2.8,3.63,0,None,0,0.00611,0.4217,9.16
229.7,15.03,49.991,16.78,0,1.72,0.85,0.21,1.93,2.23,0,None,0,0.00259,0.4218,3.88
228.1,14.99,50.035,15.44,36.3,1.82,1.66,0.63,2.54,2.9,0,None,0,0.00552,0.4219,8.27
229,14.79,49.978,17.37,0,2.32,1.15,0.35,2.61,2.68,0,None,0,0.00435,0.422,6.52
228.59,15.19,49.996,16.43,82.3,1.09,0.99,0.58,1.58,1.96,0,None,0,0.00269,0.422,4.04
230.54,14.67,49.953,15.48,0,1.35,0.77,0.65,1.68,1.93,0,None,0,0.00439,0.4221,6.59
228.66,14.35,50.06,17.58,0,1.41,0.45,0.51,1.56,1.78,0,None,0,0.00545,0.4222,8.17
230.41,14.24,50.038,15.35,0,0.92,1.11,0.19,1.46,1.38,0,None,0,0.00362,0.4223,5.42
203.78,14.73,50.006,22.02,8.2,7.19,3.26,0.3,7.9,10.1,0,Combined_Weather_Electrical,1,0.02528,0.4228,37.92
201.93,14.86,50.015,22.61,23.6,4.98,3.24,0.71,5.99,5.54,0,Combined_Weather_Electrical,1,0.02505,0.4233,37.58
205.17,15,50.012,22.13,0,4.99,2.34,0.46,5.53,5.87,0,Combined_Weather_Electrical,1,0.02232,0.4237,33.47
204.96,14.98,50.042,20.15,0,4.53,4.45,0.74,6.39,6.2,0,Combined_Weather_Electrical,1,0.02479,0.4242,37.19
205.45,15,49.984,19.09,15.7,4.05,2.8,0.6,4.96,4.42,0,Combined_Weather_Electrical,1,0.02175,0.4247,32.62
203.86,14.69,50.022,23,14,6.25,3.82,0.55,7.34,6.4,0,Combined_Weather_Electrical,1,0.02548,0.4252,38.23
228.83,14.29,50.032,16.08,0,2.14,0.45,0.69,2.29,2.17,0,None,0,0.00467,0.4253,7.01
230.6,14.78,50.036,15.15,0,2,1.52,0.43,2.55,2.92,0,None,0,0.00477,0.4254,7.15
232.28,14.92,49.932,17.29,0,2.6,0.68,0.7,2.78,3.58,0,None,0,0.00765,0.4255,11.48
230.02,13.97,49.982,15.77,0,0.42,1.04,0.5,1.22,1.5,0,None,0,0.00213,0.4256,3.2
230.02,13.97,49.969,15.35,0,1.45,1.87,1.23,2.67,2.43,1,None,0,0.00421,0.4256,6.31
229.52,14.61,50.004,15.77,32.4,2.34,1.44,0.32,2.77,2.32,0,None,0,0.0033,0.4257,4.96
227.68,14.66,49.94,14.53,0,2.03,1.36,0.51,2.49,2.85,0,None,0,0.00703,0.4259,10.54
231.45,20.02,49.939,14.81,0,7.93,5.85,2,10.05,8.19,0,Harmonic_Distortion,1,0.01407,0.4261,21.1
231.36,20.66,50.065,16.54,35.2,10.4,7.34,2.22,12.92,15.88,0,Harmonic_Distortion,1,0.01706,0.4265,25.59
231.07,20.28,50.019,15.03,0,6.67,6.49,2.53,9.65,11.7,0,Harmonic_Distortion,1,0.01127,0.4267,16.91
229.73,20.36,50.004,14.71,13.2,8.14,5.37,2.43,10.05,12.02,0,Harmonic_Distortion,1,0.01041,0.4269,15.61
230.9,20.14,50.011,15.96,0,11.59,4.29,1.2,12.42,13.36,0,Harmonic_Distortion,1,0.01355,0.4272,20.32
231.34,20.2,50.004,16.46,0,11.84,5.26,2.45,13.18,16.96,0,Harmonic_Distortion,1,0.01428,0.4275,21.41
232.43,20.1,50.03,16.07,20.2,8.21,6.73,3.09,11.06,11.38,0,Harmonic_Distortion,1,0.01414,0.4277,21.21
232.43,20.1,49.981,16.28,20.9,6.74,4.65,2.37,8.52,11.02,1,Harmonic_Distortion,1,0.01106,0.428,16.59
230.1,15.03,50.006,14.86,53.5,2.32,0.5,0.77,2.5,3.1,0,None,0,0.00284,0.428,4.26
228.04,14.38,50.007,14.31,0,2.5,0.94,0.51,2.71,2.34,0,None,0,0.00434,0.4281,6.5
230.23,15.24,49.969,16.64,12.3,2.25,1.78,0.51,2.91,3.63,0,None,0,0.00463,0.4282,6.95
230.38,14.56,50.038,15.16,0,1.55,1.3,1.22,2.36,2.25,0,None,0,0.00453,0.4283,6.79
231.06,15.15,49.987,15.2,7.3,3.07,1.49,0.06,3.41,4.04,0,None,0,0.00477,0.4284,7.16
232.03,14.6,50.031,16.45,17.6,2.15,1.15,0.28,2.45,1.96,0,None,0,0.0053,0.4285,7.96
229.86,14.08,50.003,15.82,0,3.21,0.45,0.33,3.26,3.05,0,None,0,0.00352,0.4286,5.28
197.87,14.81,50.049,15.73,0,2.11,1.15,1.05,2.62,3.09,0,Voltage_Sag,1,0.02603,0.4291,39.04
192.96,14.88,49.969,17.08,7.7,1.85,1.62,0.44,2.5,3.21,0,Voltage_Sag,1,0.02822,0.4297,42.33
195.73,14.71,49.967,14.82,8.4,2.83,0.73,0.66,3,2.65,0,Voltage_Sag,1,0.02697,0.4302,40.46
194.18,14.51,49.973,16.06,0,2.18,1.5,0.48,2.69,2.77,0,Voltage_Sag,1,0.02741,0.4307,41.11
192.77,18.2,50.004,15.35,0,7.39,5.58,2.33,9.55,10.44,0,Harmonic_Distortion,1,0.03403,0.4314,51.04
194.94,18.32,50.046,15.51,34.2,6.66,6.96,2.73,10.01,12.78,0,Harmonic_Distortion,1,0.03519,0.4321,52.78
193.34,18.27,50.048,16.5,11.4,10.45,4.08,2.21,11.44,11.74,0,Harmonic_Distortion,1,0.03773,0.4329,56.6
194.99,18.55,49.931,15.67,0,10.14,6.52,2.21,12.25,15.52,0,Harmonic_Distortion,1,0.03855,0.4337,57.83
195.24,18.3,50.007,15.68,0,9.13,7.58,3.62,12.41,15.99,0,Harmonic_Distortion,1,0.03545,0.4344,53.17
196.62,18.49,49.904,16.1,0,7.86,4.47,2.4,9.36,11.89,0,Harmonic_Distortion,1,0.03594,0.4351,53.92
193.28,14.79,50.024,14.93,30.2,2.26,0.97,0.68,2.55,3,0,Voltage_Sag,1,0.02769,0.4356,41.54
196.35,14.55,50.034,14.54,3.2,1.08,1.28,1.2,2.06,1.78,0,Voltage_Sag,1,0.02568,0.4361,38.53
230.15,14.27,49.999,14.36,0,1.87,0.9,0.74,2.21,2.43,0,None,0,0.00236,0.4362,3.54
231.54,14.55,50.003,13.61,20.4,2.59,0.62,0.64,2.74,3.22,0,None,0,0.00387,0.4363,5.81
229.35,13.74,50.002,16.82,0,1.25,0.76,0.26,1.49,1.9,0,None,0,0.00202,0.4363,3.03
228,14.68,49.976,14.28,60,2.1,1.5,0.78,2.7,3.21,0,None,0,0.00518,0.4364,7.77
228.17,14.84,50.013,14.97,54.1,1.62,1.08,0.82,2.11,2.26,0,None,0,0.00395,0.4365,5.93
228.06,14.81,49.993,14.92,0,1.76,1.88,0.68,2.66,2.4,0,None,0,0.00427,0.4366,6.41
230.72,14.59,50.028,15.37,0,2.99,1.02,0.63,3.23,3.32,0,None,0,0.00509,0.4367,7.63
230.72,14.59,49.997,15.77,0,1.01,1.48,1.31,2.22,2.49,1,None,0,0.00286,0.4367,4.29
229.15,14.04,49.974,15.79,0,2.46,1.4,0.81,2.95,2.84,0,None,0,0.00479,0.4368,7.19
230.94,14.61,49.954,14.62,0,1.71,1.02,0.91,2.19,2.25,0,None,0,0.00511,0.4369,7.66
164.81,14.17,49.944,14.95,2.2,1.68,0.85,0.62,1.98,1.6,0,Voltage_Sag,1,0.04729,0.4379,70.94
166.66,14.3,50.039,15.29,0,1.33,0.51,0.57,1.53,1.9,0,Voltage_Sag,1,0.04481,0.4388,67.22
167.19,14.59,49.986,14.86,0,2.45,1.42,0.76,2.93,2.4,0,Voltage_Sag,1,0.04458,0.4397,66.87
164.9,15.1,50.01,16.33,0,1.89,1.68,0.57,2.59,2.6,0,Voltage_Sag,1,0.04556,0.4406,68.33
166.25,14.86,50.053,15.43,8.2,1.81,0.56,0.59,1.98,2.09,0,Voltage_Sag,1,0.04624,0.4415,69.36
167.24,14.77,49.983,15.61,8.5,2.07,1.05,0.72,2.43,3.12,0,Voltage_Sag,1,0.0442,0.4424,66.3
163.28,14.67,49.981,15.55,0,1.9,0.93,0.47,2.17,2.75,0,Voltage_Sag,1,0.04662,0.4433,69.93
167.92,14.48,49.996,15.94,0,0.8,1.42,0.66,1.76,1.97,0,Voltage_Sag,1,0.04244,0.4442,63.67
230.53,14.49,50.001,15.14,0,1.71,1.07,0.62,2.11,2.3,0,None,0,0.0025,0.4442,3.74
231.08,14.87,50.057,13.95,36.1,2.54,1.73,0.84,3.18,3.13,0,None,0,0.00672,0.4444,10.07
229.38,14.37,50.047,15.29,31.4,1.1,1.05,0.45,1.58,1.3,0,None,0,0.00433,0.4444,6.5
227.42,14.8,50.019,14.44,0,1.35,0.71,0.1,1.52,1.42,0,None,0,0.00414,0.4445,6.21
230.8,14.51,50.043,14.53,0,1.74,1.01,0.52,2.08,2.55,0,None,0,0.00478,0.4446,7.17
229.88,14.92,49.995,15.42,0,1.56,1.06,0.7,2.01,2.26,0,None,0,0.00236,0.4447,3.54
230.05,14.98,50.009,15.93,0,1.98,1.41,0.84,2.57,3.11,0,None,0,0.00306,0.4447,4.58
231.63,14.2,49.991,14.94,13.4,1.34,1.05,0.43,1.76,2.14,0,None,0,0.00327,0.4448,4.91
231.14,14.48,49.961,15.17,0,1.77,1.38,0.74,2.36,1.96,0,None,0,0.00504,0.4449,7.56
232.88,14.61,50.036,16.27,38.8,1.97,0.88,0.88,2.33,2.26,0,None,0,0.00602,0.445,9.03
230.23,14.11,50.016,15.09,0,2.39,1.08,0.79,2.74,3.12,0,None,0,0.00369,0.4451,5.53
228.96,14.44,50.001,16.97,0,2.75,0.89,0.4,2.91,3.57,0,None,0,0.00362,0.4452,5.43
229.72,15.4,50,15.34,0,1.84,0.86,0.43,2.08,2.5,0,None,0,0.00227,0.4452,3.4
230.62,14.76,49.955,13.47,0,3.13,1.71,0.71,3.64,3.68,0,None,0,0.0063,0.4453,9.46
231.52,15.25,49.971,15.47,0,1.89,0.91,1.01,2.33,2.95,0,None,0,0.00479,0.4454,7.18
227.8,15.07,50.01,15.17,39.8,2.5,1.06,0.6,2.78,2.64,0,None,0,0.00472,0.4455,7.08
230.01,14.47,49.984,15.88,0,3.16,1.62,0.56,3.59,3.55,0,None,0,0.00439,0.4456,6.59
232.41,14.55,49.993,15.38,0,2.08,1.5,0.26,2.58,2.3,0,None,0,0.00448,0.4457,6.72
229.64,14.81,49.997,14.73,0,1.18,1.86,0.51,2.26,2.06,0,None,0,0.00265,0.4458,3.97
231.4,14.72,49.98,13.85,0,2.05,1.39,0.42,2.52,2.03,0,None,0,0.00445,0.4458,6.68
230.74,14.46,49.971,14.66,0,1.63,0.96,0.61,1.99,1.9,0,None,0,0.00392,0.4459,5.88
231.43,14.25,49.952,14.14,24,1.84,2.02,0.22,2.74,2.61,0,None,0,0.00609,0.446,9.14
228.79,15.6,49.996,14.34,0,3.19,1.43,0.52,3.54,2.95,0,None,0,0.00455,0.4461,6.82
228.79,14.75,50.019,15.27,32.4,1.27,1.14,0.35,1.74,1.69,0,None,0,0.00345,0.4462,5.18
230.03,14.61,49.951,16.13,0,2.18,1.22,0.84,2.64,2.51,0,None,0,0.00512,0.4463,7.68
227.7,14.69,49.999,15.1,0,1.47,1.27,0.39,1.98,2.38,0,None,0,0.00352,0.4464,5.28
229.6,14.6,50.008,13.83,21.2,1.82,1.11,0.46,2.17,1.91,0,None,0,0.00286,0.4464,4.29
230.38,14.69,49.97,15.13,0,2.45,0.65,0.67,2.62,3.04,0,None,0,0.00435,0.4465,6.53
232.68,15.07,50.043,15.73,0,2.19,1.85,0.49,2.91,2.52,0,None,0,0.00679,0.4467,10.18
230.6,14.58,49.988,14.28,0,1.86,1.19,1.19,2.51,2.63,0,None,0,0.00349,0.4467,5.23
230.94,14.3,49.997,14.65,5.2,1.61,1.27,0.83,2.22,2.59,0,None,0,0.00298,0.4468,4.47
231.75,14.59,49.995,14.77,0,2.19,2.03,0.6,3.05,3.36,0,None,0,0.00443,0.4469,6.64
228.55,14.47,49.947,14.12,0,3.02,0.93,0.69,3.24,3.64,0,None,0,0.00684,0.447,10.26
229.75,15.19,50.03,15.26,24.6,1.46,1.46,0.01,2.07,1.87,0,None,0,0.00374,0.4471,5.61
233.64,15.15,49.971,14.64,41.5,3.15,0.88,0.91,3.39,4.12,0,None,0,0.0072,0.4472,10.8
229.88,14.69,49.993,15.07,0,2.72,1.33,0.73,3.11,3.97,0,None,0,0.00355,0.4473,5.32
231.67,14.22,50.018,14.02,0,2.82,1.28,0.58,3.15,2.77,0,None,0,0.00514,0.4474,7.71
231.45,14.3,50.044,14.37,11.8,2.19,1.52,0.74,2.76,3.44,0,None,0,0.0059,0.4475,8.84
227.78,14.78,49.968,15.3,27.7,2.7,1.68,0.77,3.28,3.27,0,None,0,0.00634,0.4476,9.51
230.47,14.72,49.987,14.42,0,1.39,0.97,0.5,1.77,2.03,0,None,0,0.00274,0.4477,4.11
230.22,14.59,50.041,16.09,0,1.6,1.77,0.7,2.48,2.61,0,None,0,0.0047,0.4478,7.05
230.49,14.48,50.014,14.39,0,2.46,1.79,0.86,3.16,3.79,0,None,0,0.00418,0.4479,6.27
228.87,14.58,50.02,14.88,28.1,2.18,1.1,0.71,2.54,2.09,0,None,0,0.00429,0.448,6.43
228.32,15.06,49.968,15.44,99.9,1.91,1.2,0.54,2.32,2.23,0,None,0,0.00499,0.4481,7.48
229.29,13.86,49.989,13.56,0,0.5,1,0.67,1.31,1.08,0,None,0,0.00234,0.4481,3.51
229.85,14.23,49.995,13.28,0,1.74,1.08,0.95,2.25,2.86,0,None,0,0.0026,0.4482,3.9
231.78,14.45,49.974,13.47,16.1,1.3,0.72,0.8,1.68,1.49,0,None,0,0.00413,0.4482,6.19
232.73,15.26,49.95,15.69,52.8,2.3,1.51,0.31,2.77,2.8,0,None,0,0.00706,0.4484,10.58
232.09,14.37,49.985,14.24,0,1.89,0.38,0.75,2.06,2.31,0,None,0,0.0042,0.4485,6.29
231.29,14.79,50.041,16.73,0,1.62,0.92,0.71,2,2.06,0,None,0,0.00487,0.4486,7.31
228.49,14.83,50.002,14.22,38.3,3.59,1.18,0.89,3.88,4.14,0,None,0,0.00495,0.4487,7.43
229.39,15.14,50.041,14.82,26.5,2.62,1.72,0.61,3.19,2.88,0,None,0,0.00566,0.4488,8.48
230.31,15.07,50.005,15.91,0,2.63,0.98,0.51,2.86,2.38,0,None,0,0.00333,0.4488,4.99
229.05,14.76,49.977,16.27,15.3,3.32,1.37,0.26,3.6,3.35,0,None,0,0.00537,0.449,8.05
230.87,14.73,50.038,16.32,39.9,2.48,1.17,0.43,2.78,2.66,0,None,0,0.00526,0.4491,7.88
231.08,14.67,50.006,15.63,47.3,1.54,1.58,0.9,2.38,2.4,0,None,0,0.0034,0.4491,5.11
230.8,14.6,50.029,15.48,0,1.47,1.35,0.65,2.1,1.99,0,None,0,0.00406,0.4492,6.1
230.8,14.6,49.968,15.14,0,2.58,1.53,0.58,3.05,2.5,1,None,0,0.00518,0.4493,7.77
228.64,15.03,50.031,15.28,49.1,0.76,0.98,0.92,1.55,1.31,0,None,0,0.00399,0.4494,5.99
231.4,14.74,50.032,14.22,0,1.95,0.79,0.87,2.28,2.59,0,None,0,0.0048,0.4495,7.2
228.96,14.85,50.009,14,17.5,0.7,1.35,0.42,1.57,1.31,0,None,0,0.00269,0.4495,4.03
228.59,15.01,49.976,14.65,0,2.06,1,0.9,2.46,2.03,0,None,0,0.00459,0.4496,6.89
230.8,15.36,49.999,14.52,42.6,2.51,1.21,0.19,2.8,3.37,0,None,0,0.00339,0.4497,5.08
231.82,14.65,50.018,14.29,0,2.17,1.33,0.71,2.64,2.17,0,None,0,0.00475,0.4498,7.12
243.81,26.39,50.007,15.21,50.7,2.56,1.7,0.69,3.15,2.63,1,None,0,0.01251,0.45,18.77
230.03,14.64,50.018,15.42,19.7,3.18,1.51,0.89,3.63,3.9,0,None,0,0.00455,0.4501,6.83
230.47,14.99,50.03,14.72,0,1.91,0.93,0.7,2.24,2.29,0,None,0,0.00406,0.4502,6.09
230.2,15.24,49.981,15.84,57,3.68,0.74,0.54,3.8,4.87,0,None,0,0.0049,0.4503,7.35
228.31,15.14,49.965,13.74,62,2.13,1.88,0.56,2.9,3.67,0,None,0,0.00573,0.4504,8.59
228.14,14.79,49.999,14.5,35.3,2.57,0.57,1.27,2.92,3.3,0,None,0,0.0042,0.4505,6.29
229.88,14.4,49.99,14.08,0,1.63,1.02,0.62,2.02,1.69,0,None,0,0.00259,0.4506,3.89
230.12,14.14,50.024,13.16,0,2.97,1.46,0.75,3.39,3.57,0,None,0,0.00465,0.4507,6.98
230.02,14.64,49.968,14.59,5.8,2.63,1.86,0.09,3.22,2.65,0,None,0,0.00484,0.4508,7.26
231.01,15.09,50.031,14.56,0,2.88,1.12,0.39,3.12,3.91,0,None,0,0.00531,0.4509,7.97
229.68,14.87,50.041,15.87,67.7,2.03,1.21,0.73,2.48,2.8,0,None,0,0.00472,0.451,7.08
230.84,14.92,50,15.16,5.8,1.25,0.85,0.2,1.52,1.65,0,None,0,0.00207,0.451,3.11
229.78,14.85,50.002,13.84,0,2.28,1.25,0.74,2.7,2.74,0,None,0,0.00293,0.4511,4.4
232.74,14.68,49.977,16.14,13.6,0.98,0.74,0.42,1.3,1.37,0,None,0,0.00423,0.4511,6.35
230.12,15.08,49.984,15.64,0,1.8,0.9,0.34,2.04,2.04,0,None,0,0.00293,0.4512,4.4
233.51,13.78,49.988,15.13,0,2.11,1.51,0.42,2.63,2.23,0,None,0,0.00553,0.4513,8.3
230.53,14.26,50.043,14.49,0,3.43,1.03,0.98,3.71,4.19,0,None,0,0.00622,0.4514,9.33
229.68,14.45,49.998,13.9,32.3,2.19,1.57,0.68,2.78,3.61,0,None,0,0.0031,0.4515,4.64
228.65,14.55,49.96,14.37,44.8,2.08,1.14,0.37,2.4,2.06,0,None,0,0.00527,0.4516,7.9
227.84,14.82,50.008,15.54,11.3,1.96,0.65,0.79,2.21,2.87,0,None,0,0.00401,0.4517,6.01
228.51,14.8,50.025,16.18,0,1.19,1.67,0.81,2.2,2.76,0,None,0,0.00441,0.4518,6.62
228.68,14.81,49.999,15.91,0,2.05,0.67,0.5,2.22,2.77,0,None,0,0.00312,0.4518,4.67
230.59,14.79,50.044,14.29,0,2.06,0.96,0.84,2.42,2.95,0,None,0,0.00501,0.4519,7.52
229.21,14.3,50.023,13.79,0,1.42,1.12,0.85,2,2.52,0,None,0,0.00368,0.452,5.52
230.28,14.37,49.969,14.8,23.2,1.29,1.6,0.81,2.21,2.04,0,None,0,0.00397,0.4521,5.95
231.92,14.76,49.983,13.28,18.4,1.71,0.99,0.43,2.02,2.06,0,None,0,0.0041,0.4522,6.16
229.87,14.7,50.007,14.95,61.6,2.04,0.83,0.31,2.22,2.31,0,None,0,0.00265,0.4522,3.97
233.12,14.36,49.95,14.58,50.2,1.73,1.27,0.18,2.15,1.79,0,None,0,0.00668,0.4524,10.02
228.24,14.91,50.01,14.33,0,1.37,1.11,0.44,1.82,2.35,0,None,0,0.00347,0.4524,5.21
229.77,15.12,49.947,13.43,32.8,2.17,1.01,0.51,2.45,2.81,0,None,0,0.00524,0.4525,7.86
229.19,15.12,50.031,15.12,0,2.32,1.29,0.53,2.71,2.78,0,None,0,0.00477,0.4526,7.16
231.4,14.78,50.027,14.29,27.8,2.07,0.72,0.59,2.27,2.94,0,None,0,0.00455,0.4527,6.82
226.64,14.78,50.015,13.78,0,1.66,0.51,1.03,2.02,1.89,0,None,0,0.00497,0.4528,7.46
227.84,14.93,49.98,12.42,0,2.36,2.06,0.52,3.17,3.07,0,None,0,0.0056,0.4529,8.39
229.84,14.49,50.005,14.7,11.2,1.89,1.24,0.59,2.33,2.09,0,None,0,0.00269,0.453,4.04
232.33,15.04,49.985,16.15,0,1.29,1.27,0.15,1.81,1.62,0,None,0,0.0041,0.4531,6.15
230.34,14.79,49.969,16.06,0,2.62,0.89,1.16,3,2.68,0,None,0,0.00477,0.4532,7.15
227.97,14.89,49.99,14.38,0,2.21,1.56,0.27,2.72,3.01,0,None,0,0.00455,0.4533,6.83
228.2,14.67,50.021,14.26,0,1.93,0.99,0.42,2.21,2.09,0,None,0,0.00443,0.4533,6.64
232.51,15.05,50.001,15.13,0,1.06,0.09,0.77,1.31,1.68,0,None,0,0.00302,0.4534,4.52
229.07,14.66,50.044,13.96,0,1.55,0.97,0.66,1.95,2.35,0,None,0,0.00473,0.4535,7.1
228.59,14.2,50.023,15,0,3.21,1.09,1.01,3.54,3.12,0,None,0,0.00561,0.4536,8.41
232.22,15.17,50.02,15.38,15.6,1.09,1.13,0.78,1.76,2.14,0,None,0,0.00419,0.4537,6.29
231.52,14.5,49.952,15.76,23.3,1.85,1.12,0.58,2.24,2.18,0,None,0,0.00564,0.4538,8.46
231.91,15.01,49.991,14.7,0,1.99,0.94,0.86,2.36,2.16,0,None,0,0.00404,0.4539,6.06
228.57,14.79,49.968,14.62,46.3,2.19,0.9,0.89,2.53,3.02,0,None,0,0.00506,0.454,7.59
227.71,15.02,49.995,14.09,15.9,1.1,1.08,0.43,1.6,1.97,0,None,0,0.00337,0.4541,5.05
230.2,14.95,49.979,14.14,0,2.1,0.54,0.84,2.33,2.98,0,None,0,0.0035,0.4541,5.25
230.5,14.76,49.989,14.63,0,0.99,0.42,0.54,1.2,1.22,0,None,0,0.0021,0.4542,3.15
230.55,14.81,50.032,15.11,0,2.06,1.24,0.57,2.47,2.67,0,None,0,0.00442,0.4543,6.63
232.22,14.8,50.014,15.55,0,1.61,1.25,0.64,2.13,2.36,0,None,0,0.00429,0.4543,6.44
227.4,14.18,50.03,14.18,44.5,1.48,1.55,0.5,2.2,2.45,0,None,0,0.00541,0.4544,8.12
231.29,14.85,49.952,16.03,27.4,2.5,1.1,0.49,2.78,2.78,0,None,0,0.00602,0.4546,9.03
228.36,14.52,50.002,14.63,56.1,1.86,0.72,0.85,2.17,1.9,0,None,0,0.00333,0.4546,4.99
231.28,14.69,50.029,14.83,0,2.28,0.42,0.22,2.33,1.95,0,None,0,0.00462,0.4547,6.93
229.29,14.49,50.045,14.26,53.8,2.3,0.84,0.33,2.48,3.1,0,None,0,0.0052,0.4548,7.8
228.78,14.19,49.954,12.93,0,2.76,1.37,0.77,3.18,3.12,0,None,0,0.0063,0.455,9.44
229.09,15.4,49.989,15.58,58.9,1.28,1.78,0.58,2.26,2.01,0,None,0,0.00339,0.455,5.08
227.83,14.99,50.031,15.47,0,2.55,1.22,0.85,2.95,3.81,0,None,0,0.00592,0.4551,8.88
230.06,14.75,49.994,14.66,28.3,2.01,0.71,0.69,2.24,2.69,0,None,0,0.00257,0.4552,3.85
228.84,14.94,49.973,14.95,59,1.77,0.85,0.27,1.98,2.56,0,None,0,0.0041,0.4553,6.16
231.18,14.59,49.954,15.32,0,1.31,0.86,0.62,1.68,1.58,0,None,0,0.00478,0.4554,7.17
230.96,14.79,49.972,13.67,8.7,2.36,1.04,0.73,2.68,2.77,0,None,0,0.00473,0.4555,7.1
232.53,14.63,49.949,14.5,51.6,1.45,1.65,0.66,2.29,2.76,0,None,0,0.00647,0.4556,9.71
230.55,14.98,50.002,15.57,0,2.31,1.68,0.48,2.9,3.12,0,None,0,0.00334,0.4557,5.01
230.78,14.52,50.027,13.94,0,3.16,1.13,0.53,3.4,3.32,0,None,0,0.00525,0.4558,7.87
232.1,14.88,49.962,15.19,85.7,2.59,1.27,0.46,2.92,2.57,0,None,0,0.00618,0.4559,9.27
190.02,14.6,50.008,19.06,0,6.77,3.13,0.27,7.47,8.07,0,Combined_Weather_Electrical,1,0.03393,0.4566,50.89
188.95,18.61,50.025,22.3,2.9,11.21,6.14,2.3,12.99,14.28,0,Combined_Weather_Electrical,1,0.04103,0.4574,61.54
191.05,19.15,50,18.3,21.4,12.9,8.11,3.63,15.67,18.18,0,Combined_Weather_Electrical,1,0.04107,0.4582,61.61
189.03,18.5,49.952,17.54,0,10.21,7.44,3.06,13,15.53,0,Combined_Weather_Electrical,1,0.04213,0.4591,63.2
193.85,19.03,50.012,20.41,0,12.98,7.11,3.32,15.17,13.03,0,Combined_Weather_Electrical,1,0.03933,0.4598,58.99
192.61,19.27,49.998,21.84,4.7,12.99,8.52,1.74,15.63,17.41,0,Combined_Weather_Electrical,1,0.04009,0.4606,60.14
233.25,18.47,49.995,14.37,0,9.62,5.94,1.32,11.38,13.55,0,Harmonic_Distortion,1,0.01373,0.4609,20.6
230.09,18.75,49.984,15.19,0,7.19,6.75,1.75,10.02,9.96,0,Harmonic_Distortion,1,0.0109,0.4611,16.35
230.83,19.08,50.003,15.96,9.8,9.73,6.65,3.6,12.33,11.56,0,Harmonic_Distortion,1,0.013,0.4614,19.5
229.31,18.57,50.015,14.24,0,10.68,6.02,2.4,12.49,12.99,0,Harmonic_Distortion,1,0.01371,0.4617,20.56
231.32,18.97,50.072,15.11,0,8.54,3.13,2,9.31,8.89,0,Harmonic_Distortion,1,0.01376,0.4619,20.64
228.18,19.36,50.003,15.42,63.8,9.8,4.44,3.12,11.2,11.81,0,Harmonic_Distortion,1,0.01256,0.4622,18.83
226.19,19.25,50.045,15.64,0,8.54,4.55,1.64,9.81,9.36,0,Harmonic_Distortion,1,0.01457,0.4625,21.85
228.81,18.86,50.011,15.24,57.2,9.45,6.29,3.14,11.78,11.91,0,Harmonic_Distortion,1,0.01309,0.4627,19.63
227.82,18.41,49.997,14.82,0,5.34,5.1,3.02,7.97,10.03,0,Harmonic_Distortion,1,0.00955,0.4629,14.32
232.22,14.53,50.004,14.46,0,2.22,1.77,0.27,2.85,3.59,0,None,0,0.00452,0.463,6.78
232.72,14.41,49.963,15.2,10.8,2.14,0.24,0.47,2.2,2.85,0,None,0,0.00581,0.4631,8.71
227.9,14.78,50.009,14.29,0,0.81,1.06,0.55,1.44,1.5,0,None,0,0.00327,0.4632,4.91
231.94,14.19,49.94,12.82,0,1.47,1.3,0.79,2.12,1.87,0,None,0,0.00637,0.4633,9.55
231.43,15.61,49.974,15.52,58.8,0.9,0.48,0.43,1.11,1.38,0,None,0,0.00333,0.4634,5
227.65,15.08,50.003,15.91,0,1.56,0.99,1.26,2.24,2.46,0,None,0,0.00394,0.4635,5.9
229.41,14.57,50.036,13.31,0,2.33,1.62,0.37,2.86,3.36,0,None,0,0.00503,0.4636,7.55
229.13,15.09,50.043,14.4,53.1,2.12,0.92,0.75,2.43,2.14,0,None,0,0.00514,0.4637,7.71
231.12,14.19,49.993,15.72,0,2.1,0.61,0.11,2.19,2.1,0,None,0,0.00328,0.4638,4.91
228.16,15.5,50.005,16.88,0,1.38,1.65,0.57,2.22,2.09,0,None,0,0.00366,0.4638,5.49
229.85,14.49,50.03,15.26,0,2.67,1.38,0.69,3.09,3.33,0,None,0,0.00466,0.4639,6.99
195.56,14.88,49.96,20.08,37.2,5.35,2.55,0.32,5.94,7.71,0,Combined_Weather_Electrical,1,0.03039,0.4645,45.59
197.05,14.1,50.012,21.1,0,6.51,2.81,0.97,7.16,7.92,0,Combined_Weather_Electrical,1,0.02926,0.4651,43.89
197.56,12.82,49.975,22.63,0,7.06,3.51,0.71,7.91,8.6,1,Combined_Weather_Electrical,1,0.03031,0.4657,45.47
195.75,14.45,49.995,20.58,19.5,4.36,4.01,0.52,5.95,7.02,0,Combined_Weather_Electrical,1,0.02854,0.4663,42.81
196.17,14.73,49.986,20.74,9,5.87,3.92,0.71,7.09,6.84,0,Combined_Weather_Electrical,1,0.02984,0.4669,44.77
199.05,14.48,50.013,22.38,0,4.72,2.56,0.45,5.38,4.99,0,Combined_Weather_Electrical,1,0.02622,0.4674,39.33
195.91,14.31,50.017,21.92,0,5.58,1.92,0.91,5.97,7.28,0,Combined_Weather_Electrical,1,0.02903,0.468,43.55
195.11,14.43,50.027,19.2,0,6.89,3.84,0.85,7.94,10.16,0,Combined_Weather_Electrical,1,0.03203,0.4686,48.05
230.88,14.83,50.01,16.67,7.5,2.29,1.64,0.69,2.9,2.93,0,None,0,0.00399,0.4687,5.99
229.78,14.3,50.005,15.65,0,1.94,1.11,0.75,2.36,1.94,0,None,0,0.00276,0.4688,4.13
227.88,14.47,50.056,15.2,8.1,1.92,1.56,0.23,2.48,2.21,0,None,0,0.00665,0.4689,9.97
233.35,14.97,49.954,15.18,27.3,2.31,1.07,0.97,2.73,3.35,0,None,0,0.00719,0.469,10.79
229.47,15.54,50.051,14.18,38.5,2.47,1.16,0.58,2.79,2.4,0,None,0,0.00568,0.4692,8.52
229.43,14.85,49.991,16.15,0,2.04,1.9,0.86,2.92,3.44,0,None,0,0.00372,0.4692,5.58
230.24,14.75,50.017,15.4,87.9,2.67,1.08,0.79,2.99,3.32,0,None,0,0.004,0.4693,6
232.6,14.68,49.99,15.33,30.7,2.4,1.06,0.85,2.75,3.2,0,None,0,0.00494,0.4694,7.4
227.48,14.81,49.979,18.05,0,0.93,0.45,0.34,1.09,1.01,0,None,0,0.00378,0.4695,5.67
230.41,14.76,50.015,15.75,43.6,1.16,1.48,0.37,1.91,1.55,0,None,0,0.00291,0.4695,4.36
233.13,15.3,50.031,14.92,94.6,2.71,0.92,1.16,3.09,2.53,0,None,0,0.00669,0.4697,10.04
230.19,14.73,50.014,15.2,0,1.85,1.26,0.22,2.25,2.62,0,None,0,0.00309,0.4697,4.63
228.15,15,49.984,16.47,0,2.1,1.07,0.33,2.38,2.63,0,None,0,0.0044,0.4698,6.6
229.07,14.59,50.108,15.66,0,2.68,1.02,0.61,2.94,3.58,0,None,0,0.00896,0.47,13.44
230.31,15.05,50.036,14.44,7.7,2,1.15,0.61,2.38,2.38,0,None,0,0.00439,0.4701,6.58
232,14.73,50.028,16.34,14.6,2.02,1.18,0.46,2.39,2.57,0,None,0,0.00509,0.4702,7.64
229.49,14.36,49.989,15.09,0,1.48,1.67,0.75,2.35,2.81,0,None,0,0.00322,0.4703,4.82
231.24,15.41,49.981,17.14,0,2.22,1.81,0.83,2.98,3.13,0,None,0,0.00473,0.4704,7.09
227.85,14.18,49.992,16.52,0,2.35,1.46,0.6,2.83,3.67,0,None,0,0.00466,0.4705,6.98
227.83,14.5,50.032,15.31,14.9,1.65,1.71,0.53,2.44,2.85,0,None,0,0.00547,0.4706,8.21
229.28,14.78,49.97,16.71,58.2,1.45,1.54,0.59,2.2,2.51,0,None,0,0.00415,0.4706,6.23
232.16,15.44,49.968,15.76,0,3.58,1.4,0.48,3.87,4.65,0,None,0,0.00688,0.4708,10.32
230.1,15.33,50.016,16.41,17.6,1.94,1.78,0.18,2.64,3.14,0,None,0,0.00352,0.4709,5.28
230.43,15.15,50.01,16.13,0,1.59,0.68,0.68,1.86,1.69,0,None,0,0.00262,0.4709,3.93
230.42,14.63,49.977,15.08,18.3,2.42,0.93,0.79,2.71,2.46,0,None,0,0.00414,0.471,6.21
231.66,15.39,49.967,15.26,0,1.97,0.87,0.56,2.23,2.46,0,None,0,0.00495,0.4711,7.42
229.08,14.84,50.043,16.62,0,1.35,1.08,0.03,1.73,1.76,0,None,0,0.00448,0.4712,6.72
231.03,14.97,50.011,15.55,0,2.29,1.47,0.46,2.76,3.41,0,None,0,0.00397,0.4713,5.96
228.75,14.73,49.959,15.51,0,1.49,0.75,0.83,1.86,1.76,0,None,0,0.00472,0.4713,7.08
232.97,14.7,49.961,15.09,15.3,2.95,1.4,0.24,3.27,3.16,0,None,0,0.00715,0.4715,10.73
228.8,14.63,49.989,16.21,0,2.3,0.97,0.77,2.61,2.3,0,None,0,0.00393,0.4716,5.9
228.68,14.71,50.022,17.54,0,1.83,1.06,0.49,2.17,2.81,0,None,0,0.00414,0.4717,6.21
230.82,14.84,50.018,15.05,0,2.07,1.28,0.6,2.5,2.15,0,None,0,0.00393,0.4717,5.9
230.12,14.81,50.034,15.94,0,2.54,1.87,0.43,3.19,4.11,0,None,0,0.00496,0.4718,7.44
230.49,15.03,49.955,17.07,71.9,2.11,0.92,0.32,2.32,2.68,0,None,0,0.00488,0.4719,7.32
195.29,15.15,50.007,15.9,0,3.27,1.17,0.96,3.61,3.04,0,Voltage_Sag,1,0.02658,0.4725,39.86
193.62,13.83,50.043,16.34,0,2.68,0.77,0.8,2.9,2.54,0,Voltage_Sag,1,0.02877,0.473,43.16
197.05,14.81,50.04,15.15,0,2.29,0.91,0.76,2.58,2.49,0,Voltage_Sag,1,0.02607,0.4736,39.1
196.14,15.22,50.011,16.36,28.6,1.44,0.77,0.83,1.83,1.7,0,Voltage_Sag,1,0.02445,0.474,36.67
196.73,15.13,50.07,15.89,8.8,1.91,1.3,0.73,2.42,3.12,0,Voltage_Sag,1,0.02764,0.4746,41.46
194.33,14.72,50.018,16.85,0,2.29,1.37,0.84,2.79,3.09,0,Voltage_Sag,1,0.02697,0.4751,40.46
195.53,14.99,50.031,17.03,17.6,1.51,1.47,0.43,2.15,1.8,0,Voltage_Sag,1,0.0262,0.4757,39.29
195.25,15.14,50.001,18.17,3.2,2.78,0.9,0.94,3.07,3.26,0,Voltage_Sag,1,0.02579,0.4762,38.69
196.44,15.22,49.977,16.58,4.1,1.42,1.4,0.92,2.2,2.74,0,Voltage_Sag,1,0.02526,0.4767,37.88
196.48,14.63,49.974,16.4,0,1.62,1.25,0.7,2.16,2.17,0,Voltage_Sag,1,0.02533,0.4772,38
195.25,14.8,50.005,16.32,0,1.66,1.18,0.53,2.1,2.38,0,Voltage_Sag,1,0.02504,0.4777,37.56
193.07,15.25,49.994,15.9,5.4,2.45,0.7,0.29,2.56,3.04,0,Voltage_Sag,1,0.02696,0.4782,40.44
232.67,14.09,49.947,16.47,0,1.52,1.26,0.66,2.08,1.86,0,None,0,0.00647,0.4784,9.71
230.83,14.78,49.969,15.99,72.7,0.92,1.27,1.02,1.87,2.3,0,None,0,0.00396,0.4784,5.94
229.09,15.16,49.99,16.38,0,2.65,1.24,0.31,2.94,3.02,0,None,0,0.00402,0.4785,6.03
230.61,15.34,50.022,17.32,61.4,1.73,1.36,0.85,2.36,1.96,0,None,0,0.00385,0.4786,5.78
227.73,14.83,50,15.48,0,1.36,1.48,0.48,2.06,2.56,0,None,0,0.00357,0.4787,5.35
231.58,14.67,49.998,17.22,12,1.55,0.76,0.5,1.8,1.94,0,None,0,0.00294,0.4787,4.4
227.79,14.64,49.97,17.38,33.3,3.03,1.11,0.31,3.24,2.92,0,None,0,0.00616,0.4788,9.24
229.67,14.54,50.001,16.26,0,1.61,1.41,0.41,2.17,2.08,0,None,0,0.00242,0.4789,3.64
230.37,15.24,50.04,14.67,34.6,1.93,1.09,0.76,2.34,2.54,0,None,0,0.00456,0.479,6.84
167.38,14.51,50.005,15.91,0,1.73,1.58,0.79,2.48,2.45,0,Voltage_Sag,1,0.04355,0.4799,65.33
166.37,14.8,49.955,17.45,0,1.26,1.24,0.66,1.88,1.73,0,Voltage_Sag,1,0.04564,0.4808,68.47
166.94,14.49,49.962,16.42,0,1.55,0.42,0.47,1.68,1.74,0,Voltage_Sag,1,0.04468,0.4817,67.02
166.22,14.94,50.018,15.66,0,1.22,1.54,0.32,1.99,1.77,0,Voltage_Sag,1,0.04446,0.4826,66.7
229.95,14.54,49.993,16.08,0,2.57,1.15,0.62,2.89,2.66,0,None,0,0.00325,0.4826,4.88
230.13,14.79,49.998,17.18,15.4,2.06,0.49,0.51,2.18,2.64,0,None,0,0.00237,0.4827,3.56
229.72,14.36,49.982,16.96,28.1,3.49,1.1,0.65,3.72,3.4,0,None,0,0.00482,0.4828,7.23
227.47,14.27,50.015,16.36,9.6,1.57,0.69,0.52,1.8,2.06,0,None,0,0.0042,0.4828,6.3
228.85,14.72,49.991,16.28,0,1.48,1.5,0.53,2.18,2.01,0,None,0,0.00338,0.4829,5.07
230.37,14.38,49.994,16.28,14.8,2.92,1.19,0.64,3.22,2.91,0,None,0,0.00374,0.483,5.6
229.63,15.33,49.974,15.88,0,2.63,0.83,0.69,2.85,2.64,0,None,0,0.00437,0.4831,6.55
229.77,14.33,50.028,17.93,37.4,2.23,1.52,0.91,2.85,2.95,0,None,0,0.00438,0.4832,6.58
229.51,14.6,49.993,16.41,31.1,1.33,1.38,0.52,1.99,1.74,0,None,0,0.00264,0.4832,3.95
228.7,14.79,50.018,17.66,0,3.05,1.11,0.74,3.32,2.84,0,None,0,0.00508,0.4833,7.62
157.34,14.69,49.964,17.93,0,1.96,0.7,1.05,2.33,2.74,0,Voltage_Sag,1,0.05151,0.4843,77.26
157.53,14.45,50.052,17.53,0,1.74,0.86,0.74,2.08,1.69,0,Voltage_Sag,1,0.05194,0.4854,77.91
157.86,14.43,50.038,16.41,0,2.69,0.86,0.89,2.96,2.94,0,Voltage_Sag,1,0.05192,0.4864,77.89
158.25,14.46,49.943,17.1,0,1.99,1.5,0.44,2.53,2.52,0,Voltage_Sag,1,0.05218,0.4875,78.27
157.66,14.7,49.976,16.79,6.2,1.3,0.53,0.42,1.47,1.83,0,Voltage_Sag,1,0.04984,0.4885,74.77
156.79,15.41,50.014,16.11,16.5,2.02,1.18,0.56,2.41,2.86,0,Voltage_Sag,1,0.05087,0.4895,76.31
272.8,14.78,49.96,17.11,0,1.53,1.1,0.59,1.97,2.08,1,Voltage_Sag,1,0.03187,0.4901,47.8
147.62,15.05,49.996,23.86,0,2.71,3.69,0.87,4.66,4.84,0,Voltage_Sag,1,0.05858,0.4913,87.88
144.09,14.97,50.013,24.14,1.5,6.14,3.82,0.42,7.24,7.84,0,Voltage_Sag,1,0.06391,0.4926,95.87
210.79,15.06,49.994,23.68,0,3.8,2.9,0.58,4.81,4.71,0,Combined_Weather_Electrical,1,0.01762,0.4929,26.43
212.22,13.92,50.016,24.82,0,6.14,2.19,0.87,6.57,7.56,0,Combined_Weather_Electrical,1,0.01898,0.4933,28.47
212,14.67,49.979,21.34,0,5.49,3.33,0.65,6.45,7.37,0,Combined_Weather_Electrical,1,0.01923,0.4937,28.84
230.78,15.13,49.933,16.79,0,1.53,1.07,0.6,1.96,2.13,0,None,0,0.00584,0.4938,8.76
229.34,14.68,50.029,17.49,18.9,2.29,1.51,0.66,2.82,2.34,0,None,0,0.00473,0.4939,7.09
230.36,15.26,50.029,16.67,0,1.26,1.51,0.32,1.99,1.72,0,None,0,0.00369,0.494,5.53
230.09,15.23,50.075,17.77,0,2.55,1.03,0.31,2.76,2.26,0,None,0,0.00658,0.4941,9.87
229.53,14.64,49.934,16.02,18.7,1.23,0.86,0.2,1.52,1.76,0,None,0,0.00513,0.4942,7.7
230.37,14.69,50.023,17.23,20.8,0.6,0.78,0.65,1.18,1.22,0,None,0,0.00254,0.4943,3.81
231.58,14.53,49.941,18.7,0,2.74,1.15,0.83,3.09,3.94,0,None,0,0.00707,0.4944,10.61
229.97,14.69,50.053,16.38,39.9,1.49,1.25,0.79,2.1,2.68,0,None,0,0.00476,0.4945,7.13
229.98,14.54,50.015,16.66,45.1,3.05,1.79,0.89,3.65,4.38,0,None,0,0.0044,0.4946,6.59
191.84,14.91,49.971,22.5,0,5.92,3.41,0.96,6.9,7.05,0,Combined_Weather_Electrical,1,0.03322,0.4952,49.82
191.7,14.33,50.023,20.97,0,4.98,3.08,0.64,5.89,5.64,0,Combined_Weather_Electrical,1,0.03204,0.4959,48.06
192.48,15.15,49.983,24.47,27.6,5.48,3.45,0.58,6.51,5.86,0,Combined_Weather_Electrical,1,0.03181,0.4965,47.71
227.37,14.97,50.009,17.7,0,2.07,1.22,0.97,2.59,2.37,0,None,0,0.00476,0.4966,7.13
231.36,14.29,50.006,17.84,0,2.07,1.26,0.42,2.46,3.19,0,None,0,0.00366,0.4967,5.48
230.9,15.28,50.052,18.24,0,2.77,1.14,0.31,3.01,3.21,0,None,0,0.00622,0.4968,9.32
228.67,14.94,50.054,17.71,0,2.07,1.19,0.52,2.44,1.97,0,None,0,0.00603,0.4969,9.04
230.38,14.99,49.982,17.22,0,1.56,1.25,0.49,2.06,1.69,0,None,0,0.0032,0.497,4.8
231.58,14.57,50.032,17.97,0,2.35,1.39,0.61,2.8,2.88,0,None,0,0.00542,0.4971,8.12
228.76,15.04,50.011,18.98,0,0.73,1.67,0.39,1.86,1.9,0,None,0,0.00321,0.4972,4.81
230.66,15.34,49.958,17.38,58.5,2.79,0.29,0.69,2.89,2.9,0,None,0,0.00544,0.4973,8.16
214.76,4.06,49.979,16.74,0,2.8,1.65,0.46,3.28,3.98,1,None,0,0.01427,0.4976,21.4
228.39,15.59,50.07,18.43,42.9,2.72,0.52,0.91,2.91,3.35,0,None,0,0.00746,0.4977,11.2
229.79,15.02,50.011,17.47,57.2,2.7,1.32,0.3,3.02,2.58,0,None,0,0.00369,0.4978,5.54
230.45,15.26,50.03,15.86,57.4,1.95,2.14,0.57,2.95,2.9,0,None,0,0.00475,0.4979,7.12
228.81,14.95,49.994,18.3,11.4,1.94,1.18,0.52,2.33,2.56,0,None,0,0.00342,0.498,5.14
228.68,14.94,49.984,17.22,0,1.26,1.27,0.66,1.91,1.89,0,None,0,0.00358,0.498,5.37
229.8,14.35,50.001,17.61,18.4,3.05,1.08,0.83,3.34,3.02,0,None,0,0.00351,0.4981,5.27
231.2,15.08,49.992,17.97,41.9,1.71,1.47,0.67,2.35,2.62,0,None,0,0.00353,0.4982,5.3
230.97,14.57,49.955,17.89,0,2.2,1.34,0.57,2.64,2.91,0,None,0,0.00551,0.4983,8.27
228.71,14.84,49.97,18.33,69.8,2.15,0.93,0.77,2.47,3.18,0,None,0,0.00482,0.4984,7.22
230.98,15.43,50.021,17.44,34.4,1.2,1.15,0.81,1.85,2,0,None,0,0.00355,0.4984,5.32
228.75,14.84,49.989,18.23,22.7,0.95,0.75,0.67,1.39,1.71,0,None,0,0.00277,0.4985,4.16
227.58,14.65,50.001,17.64,43.5,2,1.15,0.7,2.41,3.08,0,None,0,0.00403,0.4986,6.04
229.45,14.77,50.007,18.46,13.3,1.73,1.03,0.76,2.15,2.19,0,None,0,0.00286,0.4986,4.3
231.68,14.43,50.009,18.39,0,1.95,1.25,0.19,2.32,1.92,0,None,0,0.00389,0.4987,5.84
230.98,15.19,50.034,17.18,0,2.64,0.92,0.51,2.84,2.48,0,None,0,0.0052,0.4988,7.8
230,14.82,49.967,18.83,47.9,2.13,1.11,0.69,2.51,2.64,0,None,0,0.00416,0.4989,6.23
229.37,14.94,50.017,17.56,0,2.46,1.2,0.53,2.78,3.47,0,None,0,0.00405,0.499,6.07
229.42,15.24,50.023,18.66,0,2.27,1.23,0.53,2.63,2.97,0,None,0,0.00415,0.4991,6.22
230.16,14.67,50.03,18.34,0,1.81,1.31,0.69,2.34,2.11,0,None,0,0.00392,0.4991,5.89
228.4,15.32,49.958,19.54,71.4,1.4,1.13,0.7,1.93,2.22,0,None,0,0.00509,0.4992,7.64
229.48,14.76,50.008,17.92,67.3,2.16,0.89,0.72,2.44,3.04,0,None,0,0.00316,0.4993,4.75
229.68,15.53,50.051,17.85,0,2.05,1.23,0.4,2.43,1.98,0,None,0,0.00521,0.4994,7.82
227.97,15.11,49.997,18.14,5.9,2.55,1.13,0.25,2.8,2.58,0,None,0,0.00427,0.4995,6.4
228.74,14.74,50.015,17.95,0,1.91,1.61,0.8,2.62,2.3,0,None,0,0.00417,0.4996,6.25
230.62,14.71,50.023,18.86,24.6,1.82,1.66,0.41,2.5,2.98,0,None,0,0.00407,0.4997,6.11
230.01,14.8,49.969,16.95,20.4,1.86,0.65,0.4,2.01,2.51,0,None,0,0.00356,0.4997,5.34
229.54,14.8,50.055,17.43,32.5,1.45,1.45,0.37,2.08,2.24,0,None,0,0.00513,0.4998,7.7
228.63,15.41,50.015,17.45,13.3,2.87,1.53,0.89,3.37,4.12,0,None,0,0.00501,0.4999,7.51
232.37,14.96,50.016,19.1,117.4,2.68,0.66,0.65,2.84,3.21,0,None,0,0.00516,0.5,7.74
228.74,14.93,49.95,19.73,0,1.27,1.43,0.69,2.03,2.3,0,None,0,0.00535,0.5001,8.02
230.38,14.81,50.024,18.31,0,2.48,1.56,0.77,3.03,3.3,0,None,0,0.00447,0.5002,6.7
229.27,14.78,50.015,18.29,0,0.89,0.82,0.59,1.35,1.11,0,None,0,0.00259,0.5003,3.88
230.05,14.79,50.049,18.51,0,2.59,1.11,0.85,2.94,3.73,0,None,0,0.00542,0.5004,8.12
230.69,14.84,49.991,19.41,0,1.58,1.27,0.3,2.05,2.01,0,None,0,0.00297,0.5005,4.45
227.94,15.05,49.97,17.77,0,2.22,1.43,0.33,2.66,3.19,0,None,0,0.00548,0.5006,8.22
229.99,15.02,49.98,18.73,0,0.84,0.8,0.31,1.21,1.45,0,None,0,0.00224,0.5006,3.35
231.79,14.99,49.985,19.35,0,1.28,1.66,0.71,2.21,2.84,0,None,0,0.00414,0.5007,6.2
232.64,14.02,49.966,19,20.7,2.28,0.39,0.73,2.43,2.34,0,None,0,0.00583,0.5008,8.74
229.8,14.93,50.039,18.79,0,1.58,1.73,0.48,2.39,3.11,0,None,0,0.00445,0.5009,6.68
230.06,14.38,50.04,19.47,0,1.5,1.42,0.54,2.13,2.03,0,None,0,0.00417,0.501,6.25
233.32,15.06,49.994,16.53,35.8,2.84,0.95,0.92,3.13,3.21,0,None,0,0.00559,0.5011,8.38
231.7,15.31,49.988,19.27,0,3.33,1.55,0.43,3.69,4.26,0,None,0,0.00539,0.5012,8.09
229.07,14.53,49.946,18.23,0,2.56,0.78,0.67,2.76,2.42,0,None,0,0.00609,0.5013,9.13
229.07,14.75,50.021,17.32,14.6,1.34,1.25,0.43,1.88,1.76,0,None,0,0.00353,0.5014,5.3
231.43,14.68,50.05,19.23,0,3.06,1.3,0.87,3.43,4,0,None,0,0.00685,0.5015,10.28
228.48,15.27,49.981,19.95,0,1.06,1.29,0.76,1.84,2.37,0,None,0,0.00378,0.5016,5.67
231.63,14.92,49.996,18.77,13.8,1.82,0.86,0.25,2.03,2.37,0,None,0,0.00327,0.5017,4.9
230.5,15.48,50.013,19.67,19.7,2.03,1,0.53,2.33,2.87,0,None,0,0.00331,0.5017,4.96
230.78,15.37,50.052,20.23,82.6,3.15,1.25,0.08,3.39,2.78,0,None,0,0.00649,0.5019,9.73
229.61,15,50.006,20.02,6.3,2.55,0.91,0.83,2.83,3.08,0,None,0,0.00338,0.5019,5.07
229.06,15.07,50.006,20.32,32.8,1.72,1.31,1.11,2.43,3.06,0,None,0,0.00334,0.502,5.01
232.19,15.13,50.005,19.63,0,1.43,0.95,0.05,1.72,1.97,0,None,0,0.00342,0.5021,5.13
225.01,10.35,49.957,19.13,11.9,2.6,1.6,0.24,3.06,3.49,1,None,0,0.00845,0.5022,12.68
229.38,15.08,49.957,17.82,66.7,1.68,1.83,0.64,2.56,2.31,0,None,0,0.00513,0.5023,7.7
229.88,14.83,49.976,18.93,0,2.13,1.08,0.6,2.46,3.03,0,None,0,0.00375,0.5024,5.63
230.29,15.11,50.03,18.49,16.5,1.18,1.57,0.5,2.02,2.49,0,None,0,0.00373,0.5025,5.6
228.45,20.51,49.99,20.93,85.4,7.52,6.98,3.12,10.72,11.87,0,Harmonic_Distortion,1,0.01223,0.5027,18.35
229.15,19.64,49.984,19.08,11.3,9.63,6.3,2.37,11.75,11.91,0,Harmonic_Distortion,1,0.0131,0.503,19.65
229.07,20.38,49.984,19.35,66,6.43,3.38,3.36,8,9.7,0,Harmonic_Distortion,1,0.00943,0.5032,14.14
231.27,19.6,49.996,19.73,0,9.63,5.05,2.5,11.16,11.52,0,Harmonic_Distortion,1,0.01219,0.5034,18.29
228.67,19.24,50.051,19.35,0,8.12,5.26,3.67,10.35,12.54,0,Harmonic_Distortion,1,0.01377,0.5037,20.65
227.37,20.4,49.995,20.71,0,7.7,5.7,2.83,9.99,10.42,0,Harmonic_Distortion,1,0.01194,0.5039,17.9
227.05,20.22,49.976,18.89,0,9.25,6.14,2.64,11.41,12.44,0,Harmonic_Distortion,1,0.01451,0.5042,21.77
227.79,15.02,50.001,19.57,0,2.11,1.6,0.75,2.75,3.23,0,None,0,0.00423,0.5043,6.34
232.04,15.23,50.053,18.85,0,2.04,1.44,0.43,2.53,2.36,0,None,0,0.0065,0.5045,9.75
230.02,14.75,49.985,18.42,32.9,1.91,1.25,0.8,2.42,2.23,0,None,0,0.00319,0.5045,4.78
230.75,14.56,49.965,19.02,34.9,2.1,1.06,0.78,2.48,2.81,0,None,0,0.00474,0.5046,7.11
230.8,14.91,49.985,19.52,13,2.75,1.81,0.91,3.42,4.36,0,None,0,0.00469,0.5047,7.04
230.08,14.89,50.004,19.23,33,2.64,2.07,0.8,3.45,3.53,0,None,0,0.0037,0.5048,5.55
229.89,14.6,50.021,19.06,0,1.29,1.06,0.67,1.8,2.25,0,None,0,0.00291,0.5048,4.36
231.57,20.94,50.03,18.52,48.1,9.01,6.8,2.91,11.66,12.35,0,Harmonic_Distortion,1,0.01419,0.5051,21.29
230.22,20.53,49.969,19.61,0,10.59,4.55,2.14,11.72,15.08,0,Harmonic_Distortion,1,0.01343,0.5054,20.15
232.1,19.94,49.971,18.5,0,10.03,4.36,3.42,11.46,13.7,0,Harmonic_Distortion,1,0.01425,0.5057,21.38
230.93,20.65,49.99,20.35,0,9.9,4.79,2.43,11.26,13.85,0,Harmonic_Distortion,1,0.01235,0.5059,18.53
229.07,20.48,50.021,19.84,27.4,7.38,5.58,2.2,9.51,10.84,0,Harmonic_Distortion,1,0.01114,0.5061,16.71
229.25,20.81,49.962,18.64,0,7.27,3.77,3.81,9.04,11.15,0,Harmonic_Distortion,1,0.01141,0.5064,17.12
228.91,20.73,49.982,19.59,39.1,7.01,7.55,3.6,10.91,11.96,0,Harmonic_Distortion,1,0.01253,0.5066,18.8
231.83,21.23,49.982,19.27,0,9.64,5.59,1.7,11.27,12.21,0,Harmonic_Distortion,1,0.01335,0.5069,20.03
229.39,21.5,50.028,20.16,0,8.94,3.76,2.53,10.02,12.39,0,Harmonic_Distortion,1,0.01183,0.5071,17.74
228.8,21.32,50.016,21.01,27.5,6.67,7.07,1.72,9.87,7.97,0,Harmonic_Distortion,1,0.01144,0.5074,17.16
230.48,20.06,50.027,18.47,0,10.44,5.47,1.89,11.94,12.41,0,Harmonic_Distortion,1,0.01361,0.5076,20.41
229.85,21.45,50.04,20.1,0,7.83,5.82,2.74,10.14,12.52,0,Harmonic_Distortion,1,0.01224,0.5079,18.36
230.44,21.66,49.991,19.91,35.6,11.19,4.94,3.1,12.62,11.34,0,Harmonic_Distortion,1,0.01337,0.5081,20.05
232.83,20.86,49.964,20.61,0,10.11,4.16,3.05,11.35,14.52,0,Harmonic_Distortion,1,0.01498,0.5084,22.47
231.37,15.31,49.965,20.27,0,2.11,0.45,0.8,2.3,2.69,0,None,0,0.00496,0.5085,7.44
230.04,14.94,49.945,19.54,56,2.19,1.36,0.62,2.65,3.14,0,None,0,0.00544,0.5086,8.16
227.89,14.58,49.986,19.91,61.6,1.96,1.44,0.77,2.55,2.89,0,None,0,0.00462,0.5087,6.93
229.25,14.9,49.988,19.57,62.9,2.33,0.46,0.65,2.46,2.52,0,None,0,0.00352,0.5088,5.28
231.07,15.47,50.024,21.1,0,0.97,0.73,0.92,1.52,1.57,0,None,0,0.0034,0.5089,5.1
228.24,14.66,50.001,20.29,49.2,2.12,2.03,0.97,3.09,3.77,0,None,0,0.00426,0.509,6.39
233.21,14.99,49.985,21.83,0,1.17,1.13,0.41,1.68,1.46,0,None,0,0.00451,0.5091,6.76
230.02,15.24,49.997,20.29,79.3,1.42,1.59,0.82,2.29,2.43,0,None,0,0.00247,0.5091,3.71
230.07,14.83,49.969,19.8,22.9,2.44,1.65,0.73,3.03,2.9,0,None,0,0.00464,0.5092,6.96
229,15.47,50.031,19.19,185.3,1.88,1.36,1.23,2.62,3.39,0,None,0,0.00481,0.5093,7.22
230.75,15.21,49.976,19,85.2,2.42,1.61,0.4,2.93,2.35,0,None,0,0.0046,0.5094,6.89
228.26,15.16,49.966,19.21,116.1,1.87,0.35,0.57,1.98,1.65,0,None,0,0.00483,0.5095,7.24
233.25,14.85,50.025,20.72,86.2,2.66,1.11,0.34,2.91,3.73,0,None,0,0.00625,0.5096,9.37
231.98,15.62,50.017,20.95,151.9,1.86,0.03,0.36,1.89,2.03,0,None,0,0.00404,0.5097,6.06
231.48,15.63,49.948,19.31,110.6,0.83,0.5,0.7,1.19,1.04,0,None,0,0.00474,0.5098,7.11
227.91,15.53,50.026,21.32,74.9,2.14,0.98,0.65,2.44,2.5,0,None,0,0.00508,0.5099,7.62
230.31,15.25,49.978,20.26,146.2,0.7,0.93,0.74,1.38,1.33,0,None,0,0.00269,0.5099,4.04
231.81,14.86,49.989,20.79,72.7,1.13,1.22,0.73,1.81,2.28,0,None,0,0.00356,0.51,5.34
482.34,15.31,50.006,22,98.1,1.47,1.19,0.54,1.97,2.25,1,None,0,0.16682,0.5133,250.23
228.5,15.64,50.018,21.46,48.9,1.4,1.25,0.54,1.95,1.69,0,None,0,0.00381,0.5134,5.72
229.02,15.43,50.013,20.56,77.8,1.67,1.27,0.36,2.13,2.28,0,None,0,0.00343,0.5135,5.15
229.32,15.69,49.999,20.1,143.4,1.37,1.33,0.42,1.96,1.7,0,None,0,0.00248,0.5135,3.72
229.09,15.36,49.987,19.13,59.3,1.16,0.82,0.59,1.53,1.74,0,None,0,0.00276,0.5136,4.14
232.29,15.36,50.012,20.31,80.2,2.93,0.91,0.65,3.13,3.64,0,None,0,0.00525,0.5137,7.87
227.12,15.54,49.996,20.75,141,1.59,1.19,0.78,2.13,2.31,0,None,0,0.00419,0.5138,6.28
230.98,15.59,50.054,20.16,120.9,0.66,1.19,0.75,1.56,2,0,None,0,0.00491,0.5139,7.36
228.06,15.68,50.018,20.88,224,1.78,0.77,0.99,2.18,2.77,0,None,0,0.00432,0.514,6.48
228.56,15.41,49.972,21.08,219.3,1.33,1.63,0.36,2.13,1.93,0,None,0,0.00446,0.5141,6.69
226.99,15.61,49.986,20.87,112.9,1.47,1.49,0.54,2.16,1.73,0,None,0,0.00484,0.5142,7.27
229.18,15.99,50.001,20.57,171.6,2.43,0.86,0.38,2.6,2.94,0,None,0,0.00321,0.5142,4.81
232.27,15.35,50.039,21.26,181,1.73,1.12,0.92,2.26,2.34,0,None,0,0.00568,0.5143,8.52
230.4,15.74,50.042,21.51,128.8,1.31,2,0.47,2.44,2.36,0,None,0,0.00482,0.5144,7.22
228.2,15.8,49.988,20.32,94.6,2.27,1.26,0.89,2.74,3.45,0,None,0,0.00451,0.5145,6.77
231.53,15.64,49.972,22.36,155.7,2.69,1.36,0.96,3.16,4.08,0,None,0,0.00556,0.5146,8.34
231.85,15.32,49.968,21.18,151,2.32,0.96,0.7,2.61,3.3,0,None,0,0.0054,0.5147,8.11
230.16,15.57,50.008,21.31,142.2,0.53,1.07,0.67,1.37,1.44,0,None,0,0.00185,0.5148,2.78
233.05,15.55,50.069,21.9,179.1,1.33,1.8,0.61,2.32,2.68,0,None,0,0.00777,0.5149,11.65
234.69,16.71,50.016,21.55,133.2,2.03,1.25,0.52,2.44,2.16,1,None,0,0.0063,0.5151,9.45
231.02,15.61,49.952,22.16,119,1.85,1.17,0.49,2.25,2.87,0,None,0,0.00531,0.5152,7.96
228.79,15.19,49.978,21.67,171.2,1.8,1.2,0.56,2.24,2.11,0,None,0,0.00411,0.5152,6.17
230.94,15.25,49.981,20.98,184.1,1.41,2.22,1.06,2.83,2.54,0,None,0,0.00438,0.5153,6.57
230.33,15.49,49.975,21.79,123.5,1.16,1.22,0.34,1.71,1.42,0,None,0,0.00316,0.5154,4.74
230.78,15.76,49.988,20.63,209.5,3.2,0.87,0.65,3.38,3.64,0,None,0,0.00447,0.5155,6.71
228.97,15.5,50.011,21.66,103.5,2.02,0.94,0.78,2.36,3,0,None,0,0.00358,0.5156,5.37
230.19,16.15,50.02,21.58,153.1,2.39,1.51,0.53,2.87,2.49,0,None,0,0.00402,0.5156,6.03
228.77,15.68,50.033,21.48,167.8,2,0.63,0.7,2.21,1.91,0,None,0,0.00465,0.5157,6.98
377.48,15.78,50.016,21.58,154.6,2.03,1.38,0.22,2.46,2.31,1,None,0,0.09943,0.5177,149.15
231.5,15.26,49.941,20.21,159.4,1.96,0.91,0.93,2.36,2.67,0,None,0,0.00626,0.5178,9.4
227.75,16.23,49.968,21.31,258.8,1.33,0.46,0.88,1.66,1.78,0,None,0,0.00471,0.5179,7.07
230.16,15.44,49.995,21.86,151.8,1.09,0.81,0.58,1.47,1.25,0,None,0,0.00182,0.518,2.73
187.5,16.16,50.004,28.38,173.6,6.21,2.47,0.38,6.69,6.83,0,Combined_Weather_Electrical,1,0.03463,0.5187,51.94
187.49,15.75,50.026,28.19,126.1,4.81,4.47,0.8,6.61,5.51,0,Combined_Weather_Electrical,1,0.03563,0.5194,53.44
186.75,16.14,50.001,26.72,118.9,5.28,3.18,0.31,6.17,7.57,0,Combined_Weather_Electrical,1,0.03445,0.5201,51.67
187.43,15.42,50.002,27.07,129.5,6.34,3.46,0.35,7.23,6.17,0,Combined_Weather_Electrical,1,0.03507,0.5208,52.6
187.67,15.54,50.007,26.55,180.7,5.03,3.1,0.59,5.93,6.14,0,Combined_Weather_Electrical,1,0.03389,0.5214,50.84
187.99,15.59,49.992,29.11,96.2,5.46,3.99,0.98,6.83,7.21,0,Combined_Weather_Electrical,1,0.03461,0.5221,51.91
189.21,15.74,50.003,25.94,94.4,4.96,1.71,0.76,5.31,5.65,0,Combined_Weather_Electrical,1,0.03204,0.5228,48.06
187.38,15.81,50.034,27.83,104.5,6.58,3.24,0.44,7.35,8.12,0,Combined_Weather_Electrical,1,0.03683,0.5235,55.25
187.17,16.15,49.997,28,125,7.79,3.42,0.18,8.51,9.79,0,Combined_Weather_Electrical,1,0.03656,0.5242,54.85
143.89,15.72,49.999,30.08,31.4,6.01,3.46,0.61,6.96,5.58,0,Combined_Weather_Electrical,1,0.06316,0.5255,94.74
145.16,15.72,49.999,27.69,47.9,5.69,4.2,0.66,7.1,5.79,0,Combined_Weather_Electrical,1,0.06249,0.5268,93.73
145.38,15.4,50.039,27.18,63.7,6.48,3.75,0.58,7.51,8.3,0,Combined_Weather_Electrical,1,0.06464,0.5281,96.96
144.57,15.87,49.967,29.82,50.1,6.06,2.39,1.05,6.6,5.88,0,Combined_Weather_Electrical,1,0.06398,0.5293,95.97
145.26,16.13,50.053,28.8,46.5,6.53,3.23,0.57,7.31,8.89,0,Combined_Weather_Electrical,1,0.06524,0.5306,97.86
177.6,15.68,49.965,22.54,72.4,1.66,1.55,0.03,2.27,2.53,0,Voltage_Sag,1,0.03821,0.5314,57.31
178.72,16.06,49.98,22.56,96,2.4,0.7,0.5,2.55,3.29,0,Voltage_Sag,1,0.03698,0.5321,55.47
231.37,15.89,50.022,22.28,188.5,1.49,1.44,0.71,2.19,2.55,0,None,0,0.0042,0.5322,6.3
231.35,15.94,50.031,23.07,297.7,2.36,0.67,0.7,2.55,2.15,0,None,0,0.00497,0.5323,7.46
230.18,16.45,49.958,23.09,303.4,2.09,1.51,0.56,2.64,2.34,0,None,0,0.00486,0.5324,7.29
228.44,16.4,49.967,21.09,238.6,1.49,1.63,0.51,2.26,1.86,0,None,0,0.00492,0.5325,7.38
229.08,15.95,50.008,23.57,230.1,2.02,0.93,0.1,2.22,2.6,0,None,0,0.00324,0.5326,4.86
230.89,15.72,50.07,21.23,274.1,2.78,1.69,0.62,3.31,2.86,0,None,0,0.00741,0.5327,11.12
232.96,33.95,50.037,23.42,279,2.05,0.57,0.52,2.19,2.48,1,None,0,0.00599,0.5329,8.98
229.49,15.23,49.993,23.53,205.3,2.05,1.64,0.66,2.71,2.92,0,None,0,0.00341,0.5329,5.12
163.5,15.97,49.927,21.79,67.9,2.2,1.78,0.72,2.92,3.26,0,Voltage_Sag,1,0.04991,0.5339,74.87
162.43,15.91,50.002,22.37,58.7,2.28,1.34,0.91,2.79,2.94,0,Voltage_Sag,1,0.04699,0.5349,70.48
161.98,16.54,50.011,21.85,81,1.8,1.12,0.36,2.15,1.74,0,Voltage_Sag,1,0.04706,0.5358,70.58
162.3,16.07,49.989,22.6,84.9,2.21,1.32,0.28,2.59,2.4,0,Voltage_Sag,1,0.04732,0.5367,70.98
160.8,15.93,49.974,22.56,60.6,1.37,0.96,0.46,1.73,2.15,0,Voltage_Sag,1,0.04814,0.5377,72.21
164.46,15.75,50.005,23.47,72.5,1.52,2.25,0.42,2.75,3.47,0,Voltage_Sag,1,0.04573,0.5386,68.6
226.65,15.79,49.972,23.93,200.3,1.6,0.97,0.39,1.91,1.62,0,None,0,0.0055,0.5387,8.25
229.6,15.53,50.056,24.03,220.7,2.28,1.73,0.96,3.02,3.85,0,None,0,0.00609,0.5389,9.13
228.23,16.09,50.046,22.5,281.1,2.1,0.9,0.64,2.37,2.69,0,None,0,0.0058,0.539,8.7
228.67,15.88,50.02,22.82,232.2,1.92,1.84,1.09,2.87,3.62,0,None,0,0.00473,0.5391,7.09
232.06,16.08,50.003,21.67,252,2.41,2,0.6,3.2,3.2,0,None,0,0.00468,0.5392,7.01
230.3,15.64,49.98,22.41,201.5,2.23,1.35,0.31,2.62,2.23,0,None,0,0.00381,0.5392,5.72
228.55,16.22,49.999,23.86,276.5,1.83,1.31,0.4,2.28,2.17,0,None,0,0.00326,0.5393,4.89
229.12,16.1,50.049,24.42,269.8,1.38,0.82,0.86,1.82,2.08,0,None,0,0.00485,0.5394,7.28
228.85,15.89,50.026,22.17,245,1.51,0.77,0.32,1.72,2.06,0,None,0,0.00377,0.5395,5.66
229.93,16.14,50.006,22.72,269.1,1.12,1.32,0.74,1.88,1.55,0,None,0,0.00223,0.5395,3.34
230.26,16.22,50.028,23.21,286.5,2.08,1.78,0.51,2.79,2.91,0,None,0,0.00435,0.5396,6.52
232.84,16.3,50.016,23.49,249.3,1.48,0.98,0.37,1.82,1.51,0,None,0,0.00449,0.5397,6.73
227.13,15.9,50.012,22.65,225.4,1.7,2.08,0.95,2.85,3.51,0,None,0,0.00532,0.5398,7.98
175.94,28.82,50.029,23.68,359.3,1.92,0.96,0.45,2.2,2.28,1,None,0,0.03892,0.5406,58.39
229.53,16.05,50.016,22.99,264.4,2.63,1.29,0.39,2.95,3.71,0,None,0,0.00404,0.5407,6.06
231.42,16.01,50.026,23.4,288.5,2.56,1.29,0.58,2.92,2.45,0,None,0,0.00514,0.5408,7.71
230.53,16.33,50.005,23.88,335.5,1.97,1.16,0.47,2.33,2.25,0,None,0,0.00292,0.5408,4.38
230.89,17.44,49.992,23.48,438.9,2.76,0.38,1.15,3.02,3.43,0,None,0,0.00397,0.5409,5.96
230.52,15.79,49.984,23.16,250.6,0.79,0.95,0.87,1.51,1.43,0,None,0,0.00267,0.541,4.01
228.6,16.27,49.98,23.46,321.1,3.13,1.28,0.45,3.41,4.16,0,None,0,0.00532,0.5411,7.98
231.82,16.07,49.952,23.51,277.5,2.42,1.16,0.48,2.72,3.52,0,None,0,0.00632,0.5412,9.47
157.17,16.14,49.973,23.32,141.2,2.06,1.45,0.1,2.52,2.37,0,Voltage_Sag,1,0.05139,0.5422,77.08
157.29,16.1,49.972,23.45,139,1.47,1.5,0.63,2.19,2.15,0,Voltage_Sag,1,0.05102,0.5432,76.53
157.65,16.31,49.985,24.97,132.4,1.74,1.1,0.41,2.1,2.69,0,Voltage_Sag,1,0.05005,0.5442,75.07
156.78,15.86,50.047,24.17,155.1,2.37,0.82,0.62,2.58,2.52,0,Voltage_Sag,1,0.05267,0.5453,79.01
157.87,16.43,49.995,23.52,128.3,2.38,1.82,0.11,3,3.23,0,Voltage_Sag,1,0.05028,0.5463,75.41
156.74,16.75,50.007,24.35,177.3,2.4,0.66,0.59,2.56,3.03,0,Voltage_Sag,1,0.0507,0.5473,76.05
229.67,16.01,50.008,23.56,327.4,1.56,0.96,1.02,2.1,2.14,0,None,0,0.00273,0.5474,4.09
229.99,15.84,50.048,24.8,344.9,1.44,0.86,0.61,1.79,1.76,0,None,0,0.00418,0.5474,6.26
229.96,16.07,49.983,24.19,312.2,2.12,1.5,0.41,2.63,2.75,0,None,0,0.00351,0.5475,5.27
229.22,16.3,49.993,23.85,319.1,2.46,1.73,0.59,3.07,3.65,0,None,0,0.00391,0.5476,5.86
232.45,17.28,49.997,24.33,348.1,2,1.13,0.58,2.37,2.27,0,None,0,0.00413,0.5477,6.19
230.44,16.37,50.034,22.75,292.9,2.89,1.29,1.15,3.37,3.28,0,None,0,0.00536,0.5478,8.04
230.14,15.83,50.04,23.14,328.1,2.02,1.37,0.52,2.5,2.23,0,None,0,0.0046,0.5479,6.91
230.58,16.09,50.014,23.12,310.9,2,1.92,0.3,2.79,3.21,0,None,0,0.00388,0.548,5.82
234.47,16.35,50.037,24.22,312.6,2.4,0.49,0.61,2.53,3.16,0,None,0,0.00729,0.5481,10.93
228.3,16.32,50.005,25.53,266.8,2.73,1.5,0.65,3.18,2.84,0,None,0,0.00456,0.5482,6.83
228.73,16.43,49.995,25.96,407.7,1.19,1.35,0.74,1.95,1.59,0,None,0,0.00303,0.5483,4.55
227.93,16.41,50.035,24.72,329.6,1.33,1.05,0.79,1.87,1.85,0,None,0,0.00499,0.5484,7.48
229.65,16.54,50.015,24.65,406.6,1.81,1.33,1.09,2.5,2.51,0,None,0,0.00346,0.5484,5.19
230.37,16.33,49.978,22.84,405.8,3.9,1.5,0.45,4.2,4.71,0,None,0,0.00554,0.5485,8.31
229.3,16.43,50.03,23.88,314.6,1.84,1.43,0.43,2.37,2,0,None,0,0.00433,0.5486,6.49
229.19,16.62,49.994,23.72,325.5,1.93,2.06,0.14,2.83,3.42,0,None,0,0.00367,0.5487,5.5
230.21,17.24,49.99,23.89,474.5,2.37,1.25,0.77,2.79,3.03,0,None,0,0.00342,0.5488,5.14
229.25,17.07,50.027,24.29,445.1,2.59,1.21,0.38,2.88,3.09,0,None,0,0.00471,0.5489,7.07
230.47,16.46,49.997,24.08,376.9,2.1,1.13,0.82,2.52,2.42,0,None,0,0.00296,0.5489,4.44
231.67,16.83,50.012,22.91,391.5,2.7,1.42,0.48,3.09,3.03,0,None,0,0.00476,0.549,7.14
231.02,16.68,50.02,25.12,359,1.28,1.19,1.03,2.03,1.68,0,None,0,0.00369,0.5491,5.53
231.32,16.74,49.977,23.7,404.6,1.54,1.21,0.24,1.97,2.32,0,None,0,0.00401,0.5492,6.01
231.63,16.4,50.012,24.79,361.7,2.7,1.21,0.86,3.08,3.39,0,None,0,0.00472,0.5493,7.07
230.42,16.31,50.04,26.29,312.2,2.01,1.15,0.83,2.45,3.16,0,None,0,0.00475,0.5494,7.13
192.14,16.49,49.971,23.93,147.7,1.24,0.96,0.73,1.73,1.69,0,Voltage_Sag,1,0.02785,0.5499,41.78
191.37,17.37,50.013,22.67,172.1,1.21,1.37,0.32,1.85,2.1,0,Voltage_Sag,1,0.02772,0.5505,41.58
191.85,16.65,49.975,24.5,153.7,1.51,1.09,0.73,2,2.52,0,Voltage_Sag,1,0.02813,0.551,42.19
191.69,16.61,50.031,25.65,173.3,2,1.45,0.63,2.55,2.95,0,Voltage_Sag,1,0.02907,0.5516,43.6
193.26,16.43,50.03,26.37,157.4,2.28,1.24,0.14,2.6,2.13,0,Voltage_Sag,1,0.02808,0.5522,42.12
198.13,16.47,49.989,28.87,130.9,6.41,2.08,0.99,6.81,7.6,0,Combined_Weather_Electrical,1,0.02813,0.5527,42.19
198.58,17.62,50.066,31.78,154.5,6.21,4.11,0.51,7.46,8.01,0,Combined_Weather_Electrical,1,0.03127,0.5534,46.91
196.18,16.72,50.033,28.84,147.2,5.93,3.29,0.97,6.85,7.19,0,Combined_Weather_Electrical,1,0.03056,0.554,45.84
199.53,17.1,50.021,29.12,144.8,6.65,4.41,0.58,8,8.61,0,Combined_Weather_Electrical,1,0.02893,0.5545,43.4
197.13,16.98,50.02,35.06,158.1,6.39,2.94,0.85,7.09,7.3,0,Combined_Weather_Electrical,1,0.0295,0.5551,44.25
196.26,16.96,50.03,31.05,153.8,4.77,2.46,0.39,5.38,6.16,0,Combined_Weather_Electrical,1,0.02886,0.5557,43.29
132.31,17.36,49.97,29.52,42.8,5.96,2.54,0.65,6.51,5.26,0,Combined_Weather_Electrical,1,0.07172,0.5571,107.57
134.84,16.67,50.006,30.61,36.4,6.86,1.54,0.64,7.06,6.32,0,Combined_Weather_Electrical,1,0.06941,0.5585,104.12
132.36,16.69,50.011,31.8,36.8,5.44,3.52,0.52,6.5,6.39,0,Combined_Weather_Electrical,1,0.07076,0.56,106.13
132.41,17.22,49.988,28.28,34.1,6.01,4.4,0.38,7.46,7.66,0,Combined_Weather_Electrical,1,0.07171,0.5614,107.56
132.53,17.18,50.014,33.22,37.4,5.39,3.58,0.17,6.48,5.6,0,Combined_Weather_Electrical,1,0.07074,0.5628,106.11
154.24,17.33,50.037,24.89,123.9,1.72,0.36,0.39,1.8,2.17,0,Voltage_Sag,1,0.05305,0.5639,79.58
153.6,17.42,49.987,25.46,128.1,2.79,1.8,0.78,3.41,4.31,0,Voltage_Sag,1,0.05387,0.5649,80.8
154.53,17.26,49.998,25,125.5,2.12,1.01,0.25,2.36,2.78,0,Voltage_Sag,1,0.05166,0.566,77.49
155.47,17.34,49.975,25.81,98.3,1.77,1.19,0.3,2.16,2.73,0,Voltage_Sag,1,0.05199,0.567,77.99
154.7,17.18,49.946,25.05,128.4,3.47,1.52,0.24,3.79,4.44,0,Voltage_Sag,1,0.05558,0.5681,83.37
153.27,16.92,50.023,25.68,99.5,1.93,1.41,0.65,2.48,2.53,0,Voltage_Sag,1,0.05369,0.5692,80.53
229.48,16.75,49.999,25.39,503.7,2.15,1.5,0.38,2.65,2.64,0,None,0,0.00303,0.5693,4.54
229.17,16.8,50.001,26.34,456.4,2.11,1.56,0.91,2.77,2.45,0,None,0,0.00338,0.5693,5.07
230.08,16.82,49.97,25.44,502.6,1.92,0.5,0.78,2.14,1.8,0,None,0,0.00367,0.5694,5.5
232,22.91,49.994,24.09,424.6,7.37,2.88,3.59,8.69,7.91,0,Harmonic_Distortion,1,0.01027,0.5696,15.41
229.78,22.09,50.033,26.55,528.1,7.71,6.41,2.88,10.43,11.12,0,Harmonic_Distortion,1,0.01222,0.5699,18.33
229.87,22.3,50,24.85,426,11.09,3.36,2.64,11.89,10.31,0,Harmonic_Distortion,1,0.01197,0.5701,17.96
232.67,21.46,50.001,25.09,461.2,5.74,3.72,3.11,7.52,9.59,0,Harmonic_Distortion,1,0.0093,0.5703,13.95
231.31,22.28,50.006,25.17,451.4,5.66,5.28,3.6,8.53,7.76,0,Harmonic_Distortion,1,0.0097,0.5705,14.55
230.86,22.38,49.963,26.78,424.6,7.39,4.82,1.94,9.03,10.99,0,Harmonic_Distortion,1,0.01145,0.5707,17.18
232.94,23.36,50.019,24,501.9,5.86,3.28,1.91,6.98,8.45,0,Harmonic_Distortion,1,0.00984,0.5709,14.76
152.4,17.73,49.962,28.25,183.5,0.82,0.83,0.48,1.26,1.1,0,Voltage_Sag,1,0.05375,0.572,80.63
149.95,17.43,49.972,26.62,195.6,1.26,0.78,0.5,1.56,1.81,0,Voltage_Sag,1,0.05518,0.5731,82.77
152.74,17.57,49.969,25.99,163.8,3.04,1.33,0.37,3.34,4.05,0,Voltage_Sag,1,0.0553,0.5742,82.95
150.34,17.42,49.995,25.8,178,0.92,0.88,0.79,1.5,1.86,0,Voltage_Sag,1,0.05371,0.5753,80.57
129.1,17.31,49.989,29.92,59.9,4.06,2.29,0.11,4.66,5.96,0,Voltage_Sag,1,0.071,0.5767,106.49
127.28,17.01,50,31.04,61.5,4.78,2.27,0.05,5.3,6.7,0,Voltage_Sag,1,0.07229,0.5781,108.43
128.33,16.96,49.973,32.53,58,4.82,4.27,0.1,6.44,6.15,0,Voltage_Sag,1,0.0741,0.5796,111.15
128.42,17.11,50.03,29.81,60.9,3.81,3.09,0.06,4.91,4.58,0,Voltage_Sag,1,0.07266,0.5811,109
128.07,17.42,50.025,29.87,62.8,6.45,3.89,0.94,7.59,7.58,0,Voltage_Sag,1,0.07532,0.5826,112.98
128.43,17.25,49.995,33.76,58.1,7.5,3.13,0.8,8.16,8.43,0,Voltage_Sag,1,0.07467,0.5841,112
129.59,17.79,49.986,32.04,60.8,6.05,2.64,0.3,6.61,6.06,0,Voltage_Sag,1,0.07282,0.5855,109.22
193.97,17.46,49.983,29.64,191.7,5.99,2.53,0.57,6.52,5.5,0,Combined_Weather_Electrical,1,0.03089,0.5861,46.33
178.99,16.74,49.991,35.86,85.4,8.86,4.14,0.97,9.83,11.09,0,Combined_Weather_Electrical,1,0.04356,0.587,65.34
177.23,17.33,49.958,34.5,74.7,8.42,5.05,0.73,9.85,8.74,0,Combined_Weather_Electrical,1,0.04636,0.5879,69.55
178.14,16.85,49.971,38.53,81.3,8.23,4.35,1.13,9.37,11.79,0,Combined_Weather_Electrical,1,0.04464,0.5888,66.96
178.73,17.47,50.026,36.79,93.4,8.89,3.28,0.57,9.5,8.96,0,Combined_Weather_Electrical,1,0.04422,0.5897,66.33
209.13,17.39,50.009,33.13,250.8,4.3,3.28,0.44,5.43,4.88,0,Combined_Weather_Electrical,1,0.01949,0.5901,29.23
208.7,17.47,50.049,30.13,255.3,6.59,3.11,0.33,7.3,6.55,0,Combined_Weather_Electrical,1,0.02364,0.5906,35.46
211.18,17.05,49.991,32.51,234.7,4.27,2.75,0.61,5.11,4.83,0,Combined_Weather_Electrical,1,0.01784,0.5909,26.76
231.68,17.64,49.989,27.26,580.1,2.78,0.99,0.83,3.07,3.39,0,None,0,0.00471,0.591,7.06
229.88,17.28,49.988,27.15,610.9,3.24,1.91,0.62,3.81,4.91,0,None,0,0.0045,0.5911,6.75
229.31,17.84,49.99,25.8,636.7,1.89,1.51,0.51,2.48,2.58,0,None,0,0.0034,0.5912,5.1
230.23,17.91,49.98,26.78,499.7,1.46,1.02,0.91,2,2.2,0,None,0,0.00314,0.5912,4.72
230.08,16.9,50.008,25.71,528.7,2.9,2.12,0.73,3.67,4.48,0,None,0,0.00413,0.5913,6.19
185.86,17.63,50.001,25.41,346.1,3.13,0.72,0.57,3.27,3.16,0,Voltage_Sag,1,0.0321,0.592,48.15
182.51,16.75,49.985,26.05,313.6,1.9,0.87,0.41,2.13,1.9,0,Voltage_Sag,1,0.03387,0.5926,50.8
184.27,17.43,50.038,27.27,306.9,1.87,1.16,0.54,2.26,2.3,0,Voltage_Sag,1,0.03396,0.5933,50.94
184.54,17.64,50.057,27.37,296.1,1.95,0.59,0.72,2.16,2.07,0,Voltage_Sag,1,0.03465,0.594,51.98
185.75,17.78,50.035,27.05,313.2,1,1.92,0.4,2.2,2.71,0,Voltage_Sag,1,0.03281,0.5947,49.21
185.79,17.47,50.017,27.25,296.7,1.83,1.27,0.29,2.24,2.89,0,Voltage_Sag,1,0.03191,0.5953,47.87
186.34,18.28,50.023,27.12,374.5,3.03,0.88,0.48,3.19,3.65,0,Voltage_Sag,1,0.03281,0.596,49.22
185.88,18.41,50.056,26.22,330.5,1.9,1.38,0.59,2.42,2.73,0,Voltage_Sag,1,0.03398,0.5966,50.97
183.99,18.21,50.023,27.11,331.7,1.38,1.26,0.94,2.09,2.42,0,Voltage_Sag,1,0.03323,0.5973,49.85
187.32,17.67,49.982,27.44,347.6,2.3,1.08,0.31,2.56,2.64,0,Voltage_Sag,1,0.03127,0.5979,46.91
231.91,17.47,50.012,27.43,658.4,1.6,0.72,0.66,1.87,2.09,0,None,0,0.0037,0.598,5.56
228.11,17.81,50.019,27.81,661.2,1.96,0.63,0.53,2.12,1.78,0,None,0,0.0043,0.5981,6.44
230.5,17.67,49.97,27.45,669.8,1.24,2.07,0.54,2.48,2.59,0,None,0,0.00429,0.5982,6.44
229.11,17.82,49.991,27.2,605.2,1.38,0.66,0.98,1.82,1.76,0,None,0,0.00283,0.5982,4.24
230.21,17.42,50.033,27.8,622,2.44,1.88,0.62,3.14,2.6,0,None,0,0.00493,0.5983,7.4
231.58,17.9,49.945,26.96,668.2,2.07,0.86,0.37,2.27,2.44,0,None,0,0.00604,0.5985,9.06
233.2,17.95,49.962,26.3,619.8,1.53,1.52,0.82,2.31,2.26,0,None,0,0.00627,0.5986,9.4
231.13,17.79,49.995,26.91,644.2,2.07,1.39,0.8,2.62,2.87,0,None,0,0.00362,0.5987,5.43
230.44,17.6,50.011,26.47,663.8,1.64,1.47,0.35,2.22,2.35,0,None,0,0.00304,0.5987,4.57
229.49,18.31,49.959,26.56,682.8,1.53,1.49,0.3,2.16,2.03,0,None,0,0.00453,0.5988,6.79
230.27,17.02,49.996,27.01,583.8,2.7,0.56,0.7,2.84,3.04,0,None,0,0.00321,0.5989,4.82
232.04,17.88,50.035,26.53,686.9,2.47,0.93,0.59,2.7,2.68,0,None,0,0.00577,0.599,8.65
229.93,17.84,50.002,26.94,652.5,1.99,0.65,0.48,2.15,2.71,0,None,0,0.00229,0.599,3.44
228.67,17.96,50.028,25.7,693.6,2.09,1.28,0.86,2.59,2.56,0,None,0,0.00487,0.5991,7.3
227.57,18.12,49.982,27.42,699.9,1.99,0.67,0.45,2.15,1.77,0,None,0,0.00463,0.5992,6.94
230.77,18.39,49.976,27.28,736.6,2.29,0.41,0.71,2.43,2.87,0,None,0,0.00415,0.5993,6.22
230.37,18.14,50.025,26.65,729.9,1.52,1.11,0.89,2.08,2.67,0,None,0,0.0036,0.5994,5.39
229.03,18.11,50.011,27.86,733,2.52,0.32,0.52,2.59,2.29,0,None,0,0.00377,0.5995,5.66
220.76,37.07,49.964,28.12,740.4,2.21,1.3,0.14,2.57,3.31,1,None,0,0.01038,0.5997,15.57
229.37,17.81,49.976,26.11,697.7,1.84,0.7,0.5,2.03,2.25,0,None,0,0.00365,0.5997,5.47
229.8,18.24,50.047,26.81,690.8,1.71,0.86,0.65,2.02,2.47,0,None,0,0.0045,0.5998,6.75
229.98,17.96,49.972,26.84,727.9,2.5,0.29,0.85,2.66,2.76,0,None,0,0.00406,0.5999,6.1
229.47,18.39,50.028,26.73,725.7,1.91,1.86,0.47,2.71,3.01,0,None,0,0.00445,0.6,6.68
230.35,18.06,49.986,28.18,687.5,1.58,0.61,1.03,1.98,2.42,0,None,0,0.00293,0.6,4.4
231.73,17.99,50,27.39,719.4,1.77,1.05,0.28,2.08,2.68,0,None,0,0.00321,0.6001,4.81
228.29,18.27,50.009,27.36,705.2,2.46,0.48,0.64,2.59,2.31,0,None,0,0.00415,0.6002,6.22
230.73,17.69,49.937,25.99,675.9,1.03,0.87,0.54,1.45,1.81,0,None,0,0.00508,0.6003,7.62
230.26,18.56,49.956,28.13,765.1,1.79,1.9,0.94,2.77,3.14,0,None,0,0.00513,0.6004,7.7
230.23,18.17,50.003,26.66,719,2.64,1.32,0.23,2.96,3.77,0,None,0,0.00324,0.6005,4.86
231.31,18.32,49.978,27.73,802.2,1.9,0.91,0.71,2.22,2.13,0,None,0,0.00416,0.6005,6.24
230.07,18.09,50.03,27.93,658.6,2.16,1.19,0.54,2.53,2.33,0,None,0,0.00407,0.6006,6.1
230.72,18.32,49.952,28.83,704.7,2.65,0.98,0.98,2.99,2.94,0,None,0,0.00587,0.6007,8.81
162.55,18.51,50.017,26.72,259.3,2.54,1.16,0.39,2.82,3.5,0,Voltage_Sag,1,0.04766,0.6017,71.48
161.26,18.58,49.959,25.38,276.1,1.74,1.5,0.7,2.4,2.47,0,Voltage_Sag,1,0.04929,0.6027,73.94
162.11,18.46,49.989,27.97,266.8,1.92,1.07,0.39,2.23,2.85,0,Voltage_Sag,1,0.04704,0.6036,70.56
161.53,18.04,49.968,29.29,266.8,2.54,1.29,0.65,2.92,2.69,0,Voltage_Sag,1,0.04918,0.6046,73.76
229.8,18.87,50.057,28.87,698.5,2.56,1.29,0.51,2.92,2.65,0,None,0,0.0059,0.6047,8.85
229.52,17.69,49.96,28.07,700.7,1.95,1.07,0.5,2.28,2.6,0,None,0,0.0046,0.6048,6.9
230.71,18.61,49.996,27.54,763.1,1.97,0.91,0.1,2.17,2.05,0,None,0,0.00281,0.6049,4.22
230.12,18.26,49.948,28.61,699,2.16,0.99,0.7,2.48,2.14,0,None,0,0.00515,0.605,7.72
230.59,17.85,50.048,27.21,735.5,2.82,1.48,0.33,3.2,3.16,0,None,0,0.00599,0.6051,8.98
229.97,18.4,50.012,28.4,780.1,2.64,1.51,0.32,3.06,2.86,0,None,0,0.00368,0.6052,5.52
227.59,18.19,50.004,28.45,724,2.42,0.74,0.21,2.54,2.55,0,None,0,0.00431,0.6053,6.47
230.05,19.06,50.044,28.92,830.8,1.35,1.1,0.34,1.77,1.58,0,None,0,0.00402,0.6053,6.02
230.1,18.48,50.004,30.3,818.7,1.84,0.9,0.73,2.17,2.77,0,None,0,0.00245,0.6054,3.68
230.36,18.08,50.007,28.44,710.1,1.87,1.52,0.71,2.51,3.01,0,None,0,0.00308,0.6055,4.62
229.11,17.54,50.004,27.74,738.9,2.85,1.01,0.77,3.12,3.81,0,None,0,0.0039,0.6055,5.85
228.21,18.58,50.017,28.16,688,1.86,2.08,0.34,2.81,2.67,0,None,0,0.00482,0.6056,7.24
230.94,17.92,49.985,26.79,751.3,2.75,1.29,0.65,3.11,3.82,0,None,0,0.00446,0.6057,6.69
229.59,18.65,49.994,27.67,816.4,1.66,1.67,0.45,2.4,2.63,0,None,0,0.00299,0.6058,4.48
230.26,18.36,50.024,27.93,772.3,1.71,0.79,0.84,2.06,1.71,0,None,0,0.00344,0.6058,5.16
229.58,18.51,50.008,27.86,810.5,2.29,1.2,0.71,2.68,2.35,0,None,0,0.00337,0.6059,5.06
229.99,18.5,49.997,28.43,734.3,2.94,1.45,0.44,3.31,3.38,0,None,0,0.00348,0.606,5.23
229.33,19.11,49.958,27.68,830.2,1.87,0.79,0.86,2.21,2.2,0,None,0,0.00475,0.6061,7.12
228.55,18.55,50.045,29.26,779.2,0.46,1.21,0.73,1.48,1.78,0,None,0,0.00468,0.6062,7.02
230.71,18.74,49.98,28.39,804.9,1.06,1.62,0.25,1.95,2.42,0,None,0,0.00341,0.6062,5.11
229.1,18.63,50.03,28.4,803.8,2.18,1.07,0.18,2.43,3,0,None,0,0.0045,0.6063,6.76
230.25,18.65,50.005,28.18,759.7,1.12,0.86,0.26,1.43,1.41,0,None,0,0.00186,0.6064,2.78
230.62,18.26,49.961,28.59,767.5,1.48,1.92,1.01,2.63,2.94,0,None,0,0.00497,0.6065,7.46
229.12,19.1,50.038,29.15,855.3,2.01,0.73,0.35,2.16,2.27,0,None,0,0.00462,0.6066,6.93
228.19,18.97,50.008,27.82,835.6,0.53,1.26,1.07,1.74,2.16,0,None,0,0.0033,0.6066,4.95
233.64,19.08,50.04,28.01,864.6,1.77,0.92,0.33,2.02,2.52,0,None,0,0.0064,0.6068,9.6
229.21,18.47,49.995,28.32,838.5,1.3,0.83,0.31,1.57,1.3,0,None,0,0.00236,0.6068,3.54
230.94,18.56,50.021,27.51,834.2,1.1,1.5,0.82,2.03,2.21,0,None,0,0.0037,0.6069,5.54
232.91,18.42,49.947,27.96,762.4,1.52,1.12,0.83,2.06,2.17,0,None,0,0.0066,0.607,9.9
231.18,18.2,49.985,28.26,823.5,1.36,1.36,0.74,2.06,2.44,0,None,0,0.00358,0.6071,5.38
229.55,19.19,49.962,29.36,836.1,2.28,0.3,0.77,2.43,2.18,0,None,0,0.00463,0.6072,6.94
229.9,19.01,49.989,28.9,918.2,2.72,1.4,0.4,3.08,3.54,0,None,0,0.00371,0.6072,5.57
228.75,18.91,50.014,28.87,870.5,1.78,0.91,0.81,2.16,2.52,0,None,0,0.00368,0.6073,5.52
231.32,0,49.982,29.42,907.3,1.64,0.45,0.66,1.83,1.49,1,None,0,0.0036,0.6074,5.39
230.85,18.42,50.026,28.65,872.5,1.75,1.95,0.51,2.67,2.71,0,None,0,0.00452,0.6075,6.78
229.23,18.47,49.974,29.1,823,1.34,1.44,0.62,2.06,2.66,0,None,0,0.00385,0.6076,5.77
228.44,18.84,50.027,28.73,858.9,1.23,1.29,0.87,1.98,1.88,0,None,0,0.00433,0.6076,6.49
228.02,19.02,50.039,29.04,866.4,1.01,1.7,0.7,2.1,2.61,0,None,0,0.00536,0.6077,8.03
231.48,18.66,50.03,28.39,822.2,1.2,1.3,0.06,1.77,1.94,0,None,0,0.00426,0.6078,6.38
230.18,18.74,49.99,26.93,847.1,2.98,0.88,0.82,3.21,3.05,0,None,0,0.00385,0.6079,5.77
230.32,18.67,49.936,28.8,856.9,1.59,1.13,0.8,2.11,2.57,0,None,0,0.00551,0.608,8.26
228.77,19.28,50.017,30.06,932.1,0.24,0.93,0.51,1.08,1.4,0,None,0,0.00276,0.6081,4.14
227.8,18.98,49.996,29.69,787.3,1.65,1,0.63,2.03,2.37,0,None,0,0.00365,0.6081,5.47
231.44,19.28,49.971,29.75,921.4,1.05,0.7,0.63,1.4,1.17,0,None,0,0.00381,0.6082,5.72
230.06,0,49.983,29.98,838.3,2.04,0.81,0.11,2.19,1.81,1,None,0,0.00307,0.6083,4.6
194.91,18.74,50.043,32.28,573.2,6.6,3.62,0.5,7.54,7.88,0,Combined_Weather_Electrical,1,0.03258,0.6089,48.87
164.28,18.62,49.966,40.17,442.7,11.03,5.05,0.51,12.14,9.75,0,Combined_Weather_Electrical,1,0.05671,0.6101,85.06
164.44,18.67,50.014,37.74,435.4,8.38,4.95,0.56,9.75,11.09,0,Combined_Weather_Electrical,1,0.05321,0.6111,79.81
165.46,19.22,50.007,39.42,446.5,9.86,4.19,0.47,10.72,8.67,0,Combined_Weather_Electrical,1,0.05314,0.6122,79.71
165.48,19.06,49.989,38.95,439.1,5.93,5.77,0.77,8.31,10.69,0,Combined_Weather_Electrical,1,0.05092,0.6132,76.38
165.55,19.43,50.019,42.21,464.3,8.15,5.25,0.4,9.71,12.04,0,Combined_Weather_Electrical,1,0.05271,0.6143,79.06
164.38,26.07,50.049,41.17,436.8,13.1,8.53,3.75,16.07,19.41,0,Harmonic_Distortion,1,0.06132,0.6155,91.98
165.35,25.54,49.991,38.47,424.3,19.12,8.52,1.84,21.01,25.35,0,Harmonic_Distortion,1,0.06362,0.6168,95.43
165.88,25.9,49.993,40.4,435,14.92,13.11,2.29,19.99,24.34,0,Harmonic_Distortion,1,0.06217,0.618,93.26
164.58,25.67,50.019,43.47,453.3,14.61,7.4,2.79,16.61,16.9,0,Harmonic_Distortion,1,0.06021,0.6192,90.32
164.14,24.78,50.028,35.84,415.9,14.29,9.99,3.28,17.75,21.22,0,Harmonic_Distortion,1,0.06207,0.6205,93.11
166.13,25.08,49.996,36.65,419.4,19.2,8.87,1.96,21.24,20.89,0,Harmonic_Distortion,1,0.06308,0.6217,94.62
194.66,0,49.991,35.71,613.6,12.3,7.15,3.11,14.56,17.82,1,Harmonic_Distortion,1,0.03806,0.6225,57.1
196.3,25.5,49.933,32.48,565.9,14.81,5.83,1.75,16.01,17.75,0,Harmonic_Distortion,1,0.04131,0.6233,61.97
229.91,25.72,49.977,28.92,917.9,7.15,7.06,3.62,10.68,10.45,0,Harmonic_Distortion,1,0.0119,0.6235,17.85
227.24,25.21,49.966,29.23,839.2,6.53,3.54,2.55,7.86,9.21,0,Harmonic_Distortion,1,0.01137,0.6238,17.05
231.69,25.91,50.021,29.01,919,9.94,4.63,2.97,11.36,10.47,0,Harmonic_Distortion,1,0.01349,0.624,20.24
225.86,24.89,49.993,30.55,953.7,8.25,3.35,2.85,9.35,11.99,0,Harmonic_Distortion,1,0.01241,0.6243,18.62
227.02,25.61,49.992,29.67,902.2,10.63,6.59,1.18,12.56,14.23,0,Harmonic_Distortion,1,0.01493,0.6246,22.39
227.02,25.61,50,29.67,990.5,7.73,5.37,3.25,9.96,9.96,1,Harmonic_Distortion,1,0.01191,0.6248,17.87
230.79,18.86,49.974,29.95,867.1,2.37,0.23,0.43,2.42,2.6,0,None,0,0.00424,0.6249,6.36
229.04,19.14,50.047,28.56,975.2,2.62,1.23,0.5,2.94,3.44,0,None,0,0.00589,0.625,8.84
230.22,19.44,50.039,30.32,956.7,2.51,1.23,0.69,2.88,3.45,0,None,0,0.00497,0.6251,7.45
226.2,18.89,50.049,29.45,863.1,1.8,0.88,0.73,2.13,2.74,0,None,0,0.00703,0.6253,10.55
172.46,19.98,50.021,30.07,563.7,3.32,1.34,0.06,3.58,3.24,0,Voltage_Sag,1,0.04213,0.6261,63.2
171.95,18.89,49.999,28.7,504.7,2.08,1.76,0.54,2.78,2.92,0,Voltage_Sag,1,0.04068,0.6269,61.02
171.62,19.14,50.048,28.33,488.2,0.17,1.21,0.48,1.31,1.11,0,Voltage_Sag,1,0.04181,0.6278,62.71
171.69,18.99,49.98,30.25,477.8,1.83,1.73,0.95,2.69,2.26,0,Voltage_Sag,1,0.04174,0.6286,62.61
172.22,18.64,49.974,29.91,504.5,1.72,2.1,0.75,2.81,2.4,0,Voltage_Sag,1,0.0418,0.6294,62.7
171.64,18.82,49.982,28.91,507.5,2.48,2.21,0.55,3.37,3.13,0,Voltage_Sag,1,0.04233,0.6303,63.5
169.57,19.1,50.016,28.95,513.5,1.73,0.72,0.66,1.99,2.28,0,Voltage_Sag,1,0.04218,0.6311,63.27
174.13,19.5,49.977,30.57,505.8,2.66,0.73,0.18,2.76,3.4,0,Voltage_Sag,1,0.04034,0.6319,60.52
231.8,19.37,49.995,28.74,974.2,2.33,1.02,0.77,2.66,2.71,0,None,0,0.00407,0.632,6.1
228.07,18.84,49.952,31.02,935.1,1.4,1.25,0.5,1.94,2.09,0,None,0,0.0056,0.6321,8.4
229.48,18.81,50.014,29.01,874.9,1.92,1.83,0.4,2.68,2.42,0,None,0,0.00374,0.6322,5.61
229.65,19.81,49.954,30.26,948.1,1.53,1.45,0.93,2.31,2.76,0,None,0,0.00481,0.6323,7.22
231.62,18.85,49.972,29.5,861,2.11,0.72,0.67,2.33,2.9,0,None,0,0.00478,0.6324,7.17
226.76,19.2,50.037,30.26,971.5,1.53,0.96,0.43,1.86,1.94,0,None,0,0.00579,0.6325,8.69
229.25,19.2,50.035,29.36,919.8,2.04,1.18,0.45,2.4,2.12,0,None,0,0.00466,0.6326,6.99
227.36,19.48,50.011,29.69,967.1,1.84,0.6,0.69,2.05,1.65,0,None,0,0.00434,0.6327,6.51
229.57,19.32,50.008,29.87,1014.7,1.91,1.21,0.67,2.36,2.52,0,None,0,0.00305,0.6327,4.57
229.29,19.21,49.984,29.05,925.7,3.23,0.72,0.61,3.37,3.53,0,None,0,0.00462,0.6328,6.94
230.12,19.36,49.977,30.46,1007.6,1.78,0.54,0.3,1.89,2.38,0,None,0,0.00312,0.6329,4.69
229.09,19.39,49.989,29.48,949.3,0.84,0.82,0.34,1.22,1,0,None,0,0.00236,0.633,3.53
228.87,19.59,49.955,29.72,1038.2,2.61,1.36,0.41,2.97,2.6,0,None,0,0.00598,0.6331,8.97
230.93,19.32,50.008,29.13,954.9,2.6,1.36,0.55,2.99,2.69,0,None,0,0.00398,0.6332,5.96
230.68,18.82,50.001,27.89,937.3,0.81,1.24,0.59,1.59,1.71,0,None,0,0.00211,0.6332,3.17
230.83,19.14,49.972,29.8,999.7,1.58,1.6,0.56,2.31,2.18,0,None,0,0.00425,0.6333,6.38
229.73,19.6,50.047,31.9,956.1,2.26,1.55,0.57,2.8,2.53,0,None,0,0.00533,0.6334,7.99
229.14,19.17,50.018,30.62,941.2,2.31,1.28,1.07,2.85,3.02,0,None,0,0.00432,0.6335,6.49
229.82,19.31,50.021,29.99,957,2,1.23,0.81,2.48,2.03,0,None,0,0.00363,0.6335,5.45
230.75,19.2,49.985,29.81,975.6,2.01,1.25,0.9,2.53,3.26,0,None,0,0.00375,0.6336,5.63
226.73,19.8,50,30.06,1032.2,1.44,1.14,0.72,1.97,2.42,0,None,0,0.0041,0.6337,6.15
230.59,18.85,50.019,30.49,902.3,0.56,0.33,0.62,0.9,0.84,0,None,0,0.00222,0.6337,3.34
230.46,19.24,50.005,29.13,981.8,3.23,1.65,0.7,3.7,3.58,0,None,0,0.00423,0.6338,6.34
230.09,19.71,50.048,30.98,1006.9,1.42,1.36,0.66,2.07,1.91,0,None,0,0.00454,0.6339,6.8
229.78,19.75,49.994,30.68,990.7,2.11,0.71,0.8,2.36,2.99,0,None,0,0.00282,0.634,4.22
226.15,19.42,49.985,30.69,1036.4,1.9,1.77,0.36,2.63,2.96,0,None,0,0.00589,0.6341,8.84
229.34,19.94,50.019,30.49,982.1,2.54,0.96,0.78,2.83,3,0,None,0,0.00421,0.6342,6.31
232.68,19.42,49.962,30.17,978.6,2.07,1.16,0.64,2.46,2.59,0,None,0,0.0061,0.6343,9.15
230.02,19.16,50.028,30.7,1010.7,2.09,1.61,0.15,2.64,2.33,0,None,0,0.00404,0.6344,6.06
229.54,19.51,49.961,30.65,991.8,0.42,1.29,0.62,1.49,1.91,0,None,0,0.00374,0.6345,5.61
230.03,19.17,50.019,29.91,973.1,1.5,1.73,0.27,2.31,2.9,0,None,0,0.00328,0.6345,4.93
230.53,19.56,49.981,29.75,1010.2,2.45,1.06,0.47,2.71,3.45,0,None,0,0.00403,0.6346,6.04
230.99,19.26,50.014,30.31,964.3,2.39,1.88,0.56,3.09,2.92,0,None,0,0.00445,0.6347,6.68
229.66,19.36,50.027,31.48,966.7,1.43,0.89,0.22,1.7,1.76,0,None,0,0.00328,0.6348,4.92
230.64,18.97,50.005,29.26,970.8,1.05,1.73,0.59,2.11,2.23,0,None,0,0.00275,0.6348,4.13
195.36,19.84,49.964,36.98,653.2,5.59,1.4,0.62,5.8,6.06,0,Combined_Weather_Electrical,1,0.03019,0.6354,45.28
194.52,18.53,49.973,35.46,539.4,2.31,3.31,0.79,4.11,3.33,0,Combined_Weather_Electrical,1,0.0286,0.636,42.9
196.2,19.12,49.978,34.05,630.1,4.15,2.58,0.49,4.91,5.98,0,Combined_Weather_Electrical,1,0.02805,0.6365,42.08
192.42,19.52,49.943,36.9,621.5,5.53,2.75,0.67,6.22,7.29,0,Combined_Weather_Electrical,1,0.03357,0.6372,50.35
232.51,19.62,50.034,30.52,927.9,2.87,1.17,0.58,3.15,3.27,0,None,0,0.00648,0.6374,9.72
228.81,19.33,50.003,30.16,1008.1,2.29,1.22,0.5,2.64,2.47,0,None,0,0.00358,0.6374,5.37
230.53,19.75,49.966,31.54,1015.3,2.18,0.72,0.18,2.31,2.58,0,None,0,0.00436,0.6375,6.54
231.1,19.76,50.044,29.08,1020.3,0.83,0.75,0.57,1.26,1.09,0,None,0,0.00416,0.6376,6.24
229.23,19.19,49.979,29.71,891.1,1.56,1.29,0.79,2.17,2.82,0,None,0,0.00372,0.6377,5.58
230.13,19.53,50.008,30.31,1052.2,1.82,0.93,0.37,2.08,1.79,0,None,0,0.00254,0.6377,3.81
231.37,18.9,49.975,29.09,968.5,1.57,1.74,0.55,2.4,1.99,0,None,0,0.00453,0.6378,6.8
228.93,18.85,49.939,30.28,1025.8,1.79,1.12,0.58,2.19,2.42,0,None,0,0.00591,0.6379,8.87
232.5,19.52,49.959,31.76,1028.3,2.78,1.49,0.88,3.27,3.38,0,None,0,0.00695,0.6381,10.43
227.92,19.63,49.987,30.46,963.9,1.67,1.38,0.61,2.25,2.61,0,None,0,0.00428,0.6382,6.42
232.91,19.2,50.027,30.64,1025.6,1.8,0.96,0.67,2.14,1.85,0,None,0,0.00539,0.6383,8.08
231.5,19.52,50.01,29.46,984,2.44,0.41,0.6,2.55,2.5,0,None,0,0.00405,0.6383,6.07
229.87,18.78,50.004,29.98,916.7,1.15,1.67,0.48,2.09,2.19,0,None,0,0.00238,0.6384,3.58
229.4,19.63,49.94,30.19,1046.4,1.5,0.81,0.32,1.73,1.77,0,None,0,0.00514,0.6385,7.71
229.24,19.5,50.038,30.25,968.8,1.56,1.04,0.53,1.95,2.12,0,None,0,0.00435,0.6386,6.52
229.8,19.14,50.007,31.54,965.8,2.03,1.14,0.7,2.43,2.07,0,None,0,0.0029,0.6386,4.35
229.93,19.44,49.996,30.97,983.9,1.79,1.18,0.63,2.24,2.35,0,None,0,0.00246,0.6387,3.7
231.88,19.3,50.034,29.65,1010.9,1.81,1.58,0.97,2.6,2.8,0,None,0,0.00552,0.6388,8.28
232.95,19.64,50.037,30.74,997.7,1.6,1.2,0.84,2.17,2.69,0,None,0,0.00597,0.6389,8.95
230.3,19.61,50.035,30.96,1021.9,1.36,1.15,0.91,2,2.17,0,None,0,0.00392,0.639,5.89
246.09,27.57,49.993,31.48,946.3,2.37,1.61,0.09,2.86,3.07,1,None,0,0.01372,0.6393,20.59
229.18,19.84,49.97,31.84,970,1.8,1.44,0.99,2.51,3.03,0,None,0,0.00455,0.6394,6.82
229.73,19.57,50.03,29.78,994.9,2.37,0.91,0.67,2.62,2.18,0,None,0,0.00429,0.6394,6.43
228.45,19.49,49.959,29.95,1075.3,1.33,0.74,0.7,1.68,1.89,0,None,0,0.00473,0.6395,7.1
228.23,19.33,50.058,29.6,994.6,1.6,0.87,0.82,2,2.41,0,None,0,0.00607,0.6397,9.11
233.15,19.57,50.001,30.43,1042.3,1.87,1.18,0.61,2.29,1.94,0,None,0,0.00438,0.6397,6.58
230.45,19.48,49.968,31,1000.2,1.92,0.7,0.33,2.07,2.5,0,None,0,0.00396,0.6398,5.94
228.75,20.14,49.963,31.43,979,2.45,1.24,0.96,2.91,3.47,0,None,0,0.00557,0.6399,8.36
231.22,19.49,49.962,30.59,988.1,1.74,1.15,0.41,2.13,1.7,0,None,0,0.00484,0.64,7.26
228.23,18.77,50.004,30.4,990.9,2.45,0.18,0.35,2.48,2.29,0,None,0,0.00384,0.6401,5.77
228.36,19.36,50,30.79,1021.3,2.22,0.64,0.54,2.38,2.08,0,None,0,0.00346,0.6402,5.19
228.8,19.03,49.963,30.01,1051.7,1.94,0.05,0.5,2,2.11,0,None,0,0.00464,0.6403,6.96
232.48,19.46,49.989,32.36,1010.6,1.43,1.06,0.6,1.88,2.36,0,None,0,0.00403,0.6404,6.05
229.62,18.95,49.959,29.41,1043.2,2.45,1.63,0.58,3,3.31,0,None,0,0.0053,0.6405,7.95
226.34,19.01,50.018,30.85,956.6,1.44,0.44,0.94,1.78,1.96,0,None,0,0.00505,0.6406,7.58
231.82,18.97,49.998,32.33,978,1.99,0.67,0.71,2.22,1.91,0,None,0,0.00348,0.6406,5.22
229.54,19.41,49.989,30.73,965,1.97,1.13,0.39,2.3,2.61,0,None,0,0.00317,0.6407,4.76
227.23,22.67,49.961,30.58,1005.9,9.98,5.95,3.23,12.06,15.01,0,Harmonic_Distortion,1,0.0158,0.641,23.7
229.52,22.64,49.991,30.45,978.3,6.32,3.75,3.16,8,8.12,0,Harmonic_Distortion,1,0.00876,0.6412,13.14
230.78,22.7,49.988,30.6,1021.1,8.04,5.93,2.46,10.29,11.74,0,Harmonic_Distortion,1,0.01142,0.6414,17.13
230.61,22.01,50.01,31.85,953.9,8.05,3.58,2.78,9.23,8.75,0,Harmonic_Distortion,1,0.01011,0.6416,15.16
232.7,22.69,50.005,28.99,992.1,7.09,6.1,1.82,9.52,8.9,0,Harmonic_Distortion,1,0.01153,0.6418,17.3
228.72,23.47,50.024,32,1017.1,10.5,2.76,2.44,11.13,9.93,0,Harmonic_Distortion,1,0.01315,0.6421,19.73
230.07,19.13,49.985,29.64,906.1,1.92,2.08,0.49,2.88,2.65,0,None,0,0.00365,0.6422,5.47
228.95,19.59,49.944,30.57,1072.7,1.92,1.65,0.36,2.56,2.48,0,None,0,0.00603,0.6423,9.05
227.69,18.9,50.03,30.45,975.6,2.66,1.02,0.72,2.94,3.18,0,None,0,0.00593,0.6424,8.9
231.33,18.81,49.972,31.27,905,3.16,1.24,0.81,3.49,4.15,0,None,0,0.00576,0.6425,8.64
230.69,19.48,49.967,29.53,991.4,2.1,1,0.54,2.39,2.25,0,None,0,0.0045,0.6426,6.75
230.43,19.72,49.999,31.18,985.4,1.91,1.4,1.05,2.59,2.29,0,None,0,0.00293,0.6427,4.39
230.64,19.52,50.009,32.44,979.7,1.33,0.86,1.15,1.96,2,0,None,0,0.00283,0.6427,4.24
228.97,19.71,49.984,29.73,1021.6,1.13,0.98,0.72,1.67,1.99,0,None,0,0.00313,0.6428,4.7
228.49,19.7,49.984,30.98,1010.7,0.94,1.38,0.48,1.74,1.73,0,None,0,0.00353,0.6429,5.29
230.06,19.53,49.988,30.31,991.6,1.52,1.78,0.67,2.44,3.06,0,None,0,0.00306,0.6429,4.59
231.74,19.25,50.042,31.18,996.5,0.75,1.5,0.29,1.7,1.57,0,None,0,0.00496,0.643,7.44
232.41,19.39,50,30.86,973.2,2.65,1.69,0.38,3.17,3.73,0,None,0,0.00474,0.6431,7.11
231.19,19.35,49.971,30.34,1047.1,2.25,1.08,0.18,2.5,2.59,0,None,0,0.00473,0.6432,7.1
230.04,19.13,49.971,31.25,915.7,1.85,0.95,0.44,2.13,1.81,0,None,0,0.00359,0.6433,5.39
230.4,19.53,49.992,32.31,979.1,2.67,0.42,0.29,2.71,2.55,0,None,0,0.00336,0.6434,5.03
230.02,19.84,50.007,30.72,974.8,1.36,1.23,0.76,1.98,2.43,0,None,0,0.00235,0.6434,3.52
228.46,19.09,50.015,31.45,1003.4,1.51,1.35,0.41,2.07,1.66,0,None,0,0.0038,0.6435,5.69
230.04,19.28,50.004,29.85,935.8,0.84,1.08,0.67,1.52,1.79,0,None,0,0.00173,0.6435,2.6
228,19.44,49.975,30.12,898.4,2.46,0.89,0.79,2.74,3.3,0,None,0,0.0053,0.6436,7.96
229.81,19.58,49.987,31.27,972.9,1.51,1.7,0.89,2.44,2.1,0,None,0,0.0032,0.6437,4.8
232.45,19.66,50.022,32.08,976.4,2.01,1.45,0.51,2.53,3.24,0,None,0,0.00523,0.6438,7.85
231.23,19.73,49.966,31.18,1023.3,2.6,1.73,0.68,3.19,3.95,0,None,0,0.00572,0.6439,8.58
228.62,19.47,49.986,30.65,911.3,2.82,0.82,0.69,3.02,2.68,0,None,0,0.00462,0.644,6.93
229.89,19.15,50.018,30.91,1006.8,1.98,0.92,0.92,2.37,2.18,0,None,0,0.00334,0.6441,5
228.75,19.19,50.026,29.91,1053.7,2.23,1.68,0.8,2.9,3.51,0,None,0,0.00503,0.6442,7.55
229.91,19.24,49.994,31.4,942.3,1.46,1.18,0.93,2.09,2.25,0,None,0,0.00244,0.6442,3.66
231.56,18.45,49.988,31.62,904.1,3.01,0.97,0.18,3.17,4,0,None,0,0.0048,0.6443,7.21
230.98,19.55,49.96,30.56,937.8,1.9,1,0.43,2.19,2.83,0,None,0,0.00481,0.6444,7.22
233.73,19.61,50.016,30.55,952.9,2.05,1.2,0.86,2.52,2.45,0,None,0,0.00574,0.6445,8.61
231.79,19.22,50.04,31.14,973.2,1.76,1.6,0.75,2.49,2.11,0,None,0,0.00564,0.6446,8.45
230.31,19.02,50.077,30.58,925.2,2.72,1.14,0.57,3,3.46,0,None,0,0.00705,0.6448,10.57
231.02,19.46,50.012,30.88,1009.3,2.12,1.52,0.48,2.65,3.34,0,None,0,0.00389,0.6449,5.84
229.7,19.15,49.998,32.62,900.6,2.46,1.39,0.8,2.93,2.59,0,None,0,0.00321,0.6449,4.81
228.31,18.97,49.972,30.74,873.8,2.21,0.85,0.11,2.37,3.07,0,None,0,0.00485,0.645,7.28
186.09,19.54,49.944,30.65,507.3,1.87,0.85,0.8,2.2,1.98,0,Voltage_Sag,1,0.03365,0.6457,50.48
185.74,18.76,50.005,30.43,436.7,2.56,1.02,0.62,2.82,2.38,0,Voltage_Sag,1,0.03196,0.6463,47.93
184.23,19.48,50.071,31.54,478.3,2.21,0.67,0.48,2.35,2.47,0,Voltage_Sag,1,0.03573,0.647,53.59
184.85,19.82,50.038,30.8,545.7,1.42,0.99,0.73,1.88,2.26,0,Voltage_Sag,1,0.03323,0.6477,49.85
186.02,18.97,50.033,30.43,480.2,1.41,1.81,0.5,2.34,2.29,0,Voltage_Sag,1,0.0327,0.6484,49.06
185.54,19.45,50.007,32.01,456.4,2.09,1.19,0.61,2.48,2.39,0,Voltage_Sag,1,0.03184,0.649,47.76
227.81,18.81,50.011,32.09,927.4,2.54,0.89,0.59,2.76,2.48,0,None,0,0.00473,0.6491,7.1
230.37,19.1,49.927,30.47,925.6,2.98,1.97,0.79,3.66,4.73,0,None,0,0.00753,0.6492,11.3
229.75,19.39,50.023,29.46,931.9,0.93,0.83,0.64,1.4,1.36,0,None,0,0.00271,0.6493,4.06
231.67,19.07,49.983,31.76,949.9,2.02,0.82,0.12,2.18,2.47,0,None,0,0.00414,0.6494,6.2
231.55,19.03,49.979,30.41,879.7,2.29,1.69,0.25,2.86,2.48,0,None,0,0.00492,0.6495,7.38
231.98,19.59,49.99,31.59,986.6,2.18,1.46,0.33,2.64,2.71,0,None,0,0.00442,0.6496,6.63
228.32,18.82,49.989,29.38,926.7,2.61,1.15,0.71,2.94,3.52,0,None,0,0.00456,0.6497,6.85
228.82,19.24,49.978,31.67,943.7,2.39,1.53,0.74,2.94,3.77,0,None,0,0.00478,0.6498,7.17
202.55,18.9,50,36.85,435.2,5.46,3.45,1.02,6.54,5.81,0,Combined_Weather_Electrical,1,0.02446,0.6502,36.69
142.53,19.16,49.983,35.13,228.5,4.62,3,0.35,5.52,4.67,0,Combined_Weather_Electrical,1,0.0634,0.6515,95.09
141.67,19.73,50.003,36.24,213.3,6.07,1.36,0.93,6.29,8.14,0,Combined_Weather_Electrical,1,0.06405,0.6528,96.08
143.58,18.85,49.955,36.17,217.8,7.09,2.11,0.12,7.4,7.97,0,Combined_Weather_Electrical,1,0.06599,0.6541,98.99
142.58,19.2,49.994,37.93,205.8,6.74,3.63,0.6,7.68,7.47,0,Combined_Weather_Electrical,1,0.06501,0.6554,97.52
144.76,18.8,49.967,39.45,204.6,3.1,2.14,0.66,3.83,4.9,0,Combined_Weather_Electrical,1,0.06107,0.6566,91.6
143.36,18.83,49.981,34.13,220,5.31,3.94,0.66,6.64,6.61,0,Combined_Weather_Electrical,1,0.06411,0.6579,96.16
163.83,19.01,50.004,31.42,425.5,2.41,1.27,0.52,2.78,2.55,0,Voltage_Sag,1,0.04615,0.6588,69.22
133.63,19.16,49.952,37.29,186.5,5.11,1.74,0.63,5.44,6.53,0,Voltage_Sag,1,0.07069,0.6603,106.04
135.34,19.12,49.975,36.14,187.8,6.79,3.1,0.29,7.46,7.14,0,Voltage_Sag,1,0.07043,0.6617,105.65
134.27,19.65,50.017,36.08,198.9,6.84,3.25,0.82,7.61,7.31,0,Voltage_Sag,1,0.0709,0.6631,106.35
133.6,19.78,49.958,38.06,186.9,5.52,3.44,0.66,6.53,6.68,0,Voltage_Sag,1,0.07153,0.6645,107.29
133.26,19,50.053,37.16,190.8,4.01,3.06,0.69,5.09,5.84,0,Voltage_Sag,1,0.07085,0.6659,106.28
87.51,18.72,50.036,36.51,90.6,5.54,3.32,0.53,6.48,7.91,0,Voltage_Sag,1,0.10121,0.668,151.82
87,18.78,49.985,34.39,82.4,5.22,3.67,0.52,6.4,5.84,0,Voltage_Sag,1,0.1004,0.67,150.61
123.87,18.67,49.976,39.62,173.3,6.47,3.96,0.73,7.62,7.48,0,Voltage_Sag,1,0.07801,0.6715,117.02
121.6,19.27,50.006,38.55,188.1,4.82,4.34,1,6.56,6.87,0,Voltage_Sag,1,0.07756,0.6731,116.34
150.2,18.48,49.957,32.15,398.3,2,0.82,0.25,2.17,1.77,0,Voltage_Sag,1,0.05639,0.6742,84.58
150.93,19.74,49.94,29.77,431,2.52,1.01,0.24,2.73,3.13,0,Voltage_Sag,1,0.05729,0.6753,85.94
150.67,19.32,49.986,30.92,428,0.89,1.21,0.67,1.64,1.78,0,Voltage_Sag,1,0.05407,0.6764,81.1
149.63,18.46,49.996,29.93,422,1.96,1.74,0.52,2.67,2.31,0,Voltage_Sag,1,0.05528,0.6775,82.93
150.98,18.98,50.003,31.22,441.6,1.27,1.01,0.63,1.74,1.51,0,Voltage_Sag,1,0.05342,0.6786,80.12
228.67,19.14,49.982,31.63,853.7,1.62,0.51,0.59,1.79,2.24,0,None,0,0.00358,0.6787,5.37
229.97,19.3,50.038,30.58,880.2,0.5,1.38,0.76,1.65,1.88,0,None,0,0.00358,0.6787,5.37
230.98,18.27,49.955,28.83,828.1,2.84,0.9,0.53,3.02,3,0,None,0,0.0059,0.6789,8.85
230.69,19.45,49.966,31.07,946.7,1.79,0.69,0.3,1.94,1.88,0,None,0,0.0041,0.6789,6.15
228.99,18.58,50.015,31.26,925.2,1.52,1.21,0.4,1.98,1.9,0,None,0,0.00337,0.679,5.05
231.8,18.81,49.965,31.23,843.5,2.2,1.59,0.56,2.77,3.12,0,None,0,0.00568,0.6791,8.52
230.13,25.78,49.964,31.89,855.6,10.18,5.51,2.77,11.9,10.58,0,Harmonic_Distortion,1,0.01379,0.6794,20.68
231.11,25.18,50.004,30.04,891.6,9.39,4.22,2.39,10.57,13.67,0,Harmonic_Distortion,1,0.01148,0.6796,17.22
232.29,24.55,49.968,31.44,828.5,8.95,5.74,3.18,11.1,12.69,0,Harmonic_Distortion,1,0.01417,0.6799,21.26
231.68,25.11,49.996,31.84,805.2,7.96,3.57,2.64,9.12,7.87,0,Harmonic_Distortion,1,0.01041,0.6801,15.61
231.68,24.97,49.979,29.46,863.5,8.5,6.66,1.69,10.93,9.49,0,Harmonic_Distortion,1,0.01307,0.6804,19.61
230.29,25.39,49.974,31.13,828.7,11.04,2.9,1.46,11.51,12.94,0,Harmonic_Distortion,1,0.01299,0.6806,19.48
186.36,24.74,49.937,34.57,550.4,13.84,9.31,2.51,16.87,16.72,0,Combined_Weather_Electrical,1,0.04848,0.6816,72.72
185.66,24.57,50.004,36.11,521.4,11.62,9.68,1.64,15.22,17.19,0,Combined_Weather_Electrical,1,0.04434,0.6825,66.52
183.94,23.89,49.963,39.02,496,13.46,8.04,3.04,15.97,18.54,0,Combined_Weather_Electrical,1,0.04788,0.6835,71.82
185.77,25.13,49.995,33.65,545.8,15.24,7.02,3.07,17.06,18.24,0,Combined_Weather_Electrical,1,0.04616,0.6844,69.24
185.71,25.11,49.985,36.46,561.5,10.07,6.31,2.76,12.2,11.33,0,Combined_Weather_Electrical,1,0.04186,0.6852,62.79
186.11,24.48,49.994,35.9,529.5,14.25,5.6,2.12,15.46,16.62,0,Combined_Weather_Electrical,1,0.04439,0.6861,66.59
185.24,25.31,49.996,36.83,571.6,11.79,7.07,3.07,14.09,14.24,0,Combined_Weather_Electrical,1,0.0435,0.687,65.25
184.48,32.48,50.006,34.58,512.8,16.47,9.91,4.61,19.77,24.61,0,Harmonic_Distortion,1,0.04974,0.688,74.62
186.19,23.78,49.978,36.24,501.4,10.99,8.26,3.38,14.16,16.57,0,Harmonic_Distortion,1,0.04382,0.6888,65.73
183.81,24.06,50.037,35.48,525.5,12.8,6.88,3.66,14.99,16.63,0,Harmonic_Distortion,1,0.04697,0.6898,70.46
187.16,18.7,49.945,36.08,523.1,7.03,2.39,0.77,7.47,6.12,0,Combined_Weather_Electrical,1,0.03818,0.6906,57.26
185.12,18.38,49.993,35.48,543.6,6.39,3.4,0.29,7.24,9.38,0,Combined_Weather_Electrical,1,0.03685,0.6913,55.28
185.7,19.01,50.025,34.2,500.5,3.79,4.57,0.67,5.98,6.48,0,Combined_Weather_Electrical,1,0.03613,0.692,54.19
230.84,18.62,50.014,30.25,837.3,1.49,0.72,0.15,1.66,1.54,0,None,0,0.00292,0.6921,4.38
230.89,19.12,49.971,31.74,858.1,1.95,0.46,0.54,2.08,2.27,0,None,0,0.00412,0.6922,6.17
227.89,18.73,49.976,30,774.6,1.22,1.34,0.52,1.89,2.28,0,None,0,0.00448,0.6922,6.72
231.24,18.67,49.97,30.4,823,2.14,1.43,0.54,2.63,2.82,0,None,0,0.00495,0.6923,7.43
230.45,18.55,50.018,31.14,727.5,1.51,1.99,0.52,2.55,3.03,0,None,0,0.00374,0.6924,5.62
229.05,18.78,49.978,31.38,809.6,2.65,0.65,0.48,2.77,2.79,0,None,0,0.0045,0.6925,6.75
228.88,18.22,50.008,30.55,805.2,1.66,1.15,0.53,2.08,2.28,0,None,0,0.0032,0.6926,4.8
229.5,18.49,50.008,30.26,794.6,0.95,1.66,0.66,2.03,2.05,0,None,0,0.00275,0.6926,4.13
228.05,18.33,50.071,31.87,756.2,2.84,1.25,0.67,3.17,3.38,0,None,0,0.008,0.6928,11.99
232.58,17.91,50.009,32.12,635.4,2.11,1.12,0.63,2.47,2.18,0,None,0,0.00463,0.6929,6.94
232.23,17.98,49.976,31.5,724.6,2.02,1.52,0.46,2.56,2.82,0,None,0,0.00524,0.693,7.85
230.68,18.66,49.956,30.78,721.9,2.66,0.96,0.87,2.96,3.81,0,None,0,0.00559,0.6931,8.38
229.66,18.7,49.992,30.05,704.5,2.52,1.54,0.98,3.11,3.68,0,None,0,0.00375,0.6932,5.62
229.7,24.7,49.996,30.03,745.2,9.5,6.3,3.16,11.83,11.36,0,Harmonic_Distortion,1,0.01221,0.6934,18.31
231.14,24.75,49.934,31.1,720.2,8.5,3.93,2.1,9.6,11.83,0,Harmonic_Distortion,1,0.01366,0.6937,20.48
232.64,24,49.979,31.01,700.7,5.67,3.87,1.81,7.1,8.86,0,Harmonic_Distortion,1,0.00989,0.6939,14.83
229.14,23.87,50.009,31.79,688,6.88,4.33,3.71,8.93,7.94,0,Harmonic_Distortion,1,0.00994,0.6941,14.91
228.32,23.83,49.984,31.18,698.3,8,4.78,3.22,9.86,8.15,0,Harmonic_Distortion,1,0.01175,0.6943,17.63
232.32,24.65,50.029,29.44,768.5,10.27,5.1,2.14,11.67,12.67,0,Harmonic_Distortion,1,0.01463,0.6946,21.95
227.32,24.22,49.953,31.48,693.8,7.9,6.98,3.33,11.06,11.48,0,Harmonic_Distortion,1,0.01514,0.6949,22.71
228.49,18.15,50.02,29.83,696.2,2.77,1.27,0.53,3.09,3.58,0,None,0,0.00509,0.695,7.64
229.63,18.58,50.027,30.31,695.2,2.46,1.17,1.02,2.91,2.76,0,None,0,0.00453,0.6951,6.79
227.66,18.46,50.029,30.81,723.6,2.52,1.37,0.73,2.96,2.93,0,None,0,0.00592,0.6952,8.88
231.67,18.16,49.953,32.19,724.9,0.75,1.28,0.83,1.7,1.59,0,None,0,0.00514,0.6953,7.71
231.29,17.68,50.009,33.07,581.5,1.82,1.08,0.54,2.18,2.07,0,None,0,0.00349,0.6954,5.24
229.14,18.62,49.98,31.06,740.7,2.58,1.93,0.57,3.27,2.63,0,None,0,0.00484,0.6955,7.26
231.92,18.75,49.958,30.42,753.8,1.3,1.36,0.8,2.04,2.16,0,None,0,0.0054,0.6956,8.11
232.17,18.22,49.988,30.98,651,2.06,1.51,0.78,2.67,2.76,0,None,0,0.0047,0.6957,7.06
229.83,18.63,49.973,31.25,650.6,2.31,1.63,0.29,2.84,2.78,0,None,0,0.00431,0.6958,6.47
229.32,18.58,50.028,30.27,668.1,2.27,1.47,0.63,2.77,2.97,0,None,0,0.00459,0.6959,6.89
233.39,18.24,50.015,31.96,652.4,2.22,2.03,0.72,3.09,3.08,0,None,0,0.00607,0.696,9.11
231.08,17.94,49.965,30.69,688.1,2.36,1.27,0.57,2.74,2.78,0,None,0,0.00517,0.6961,7.76
231.08,17.94,49.978,30.89,597.9,2.11,1.2,0.69,2.52,2.02,1,None,0,0.00431,0.6962,6.47
232.05,17.84,49.989,31.02,627.5,1.12,0.94,0.58,1.57,1.31,0,None,0,0.00348,0.6963,5.22
230.45,18.59,49.998,30.81,730.4,2.3,1.1,0.04,2.55,2.23,0,None,0,0.00296,0.6963,4.43
229.24,18.52,50.03,31.13,628.2,2.17,0.91,0.27,2.37,2.11,0,None,0,0.00437,0.6964,6.56
230.12,18.37,50.021,29.95,711.6,1.13,1.47,0.84,2.04,2.09,0,None,0,0.00315,0.6965,4.73
231.56,18.44,50.002,29.99,672.6,2.83,0.84,0.54,3,3.71,0,None,0,0.00409,0.6965,6.14
227.01,17.63,49.992,29.54,582.5,2.32,1.23,0.65,2.7,2.71,0,None,0,0.00504,0.6966,7.57
229.57,18.33,49.947,30.76,676.8,1.17,1.42,0.6,1.94,2.16,0,None,0,0.00488,0.6967,7.32
232.07,18.27,50.039,31.02,643.2,1.51,1.26,0.39,2.01,1.63,0,None,0,0.0053,0.6969,7.94
229.23,17.35,49.987,30.75,626.2,1.66,0.84,0.48,1.92,2.36,0,None,0,0.0031,0.6969,4.64
232.32,17.96,50.047,31.71,650.7,1.66,1.48,0.68,2.33,1.99,0,None,0,0.00617,0.697,9.26
232.12,18.33,50.006,30.35,656.4,2.18,1.17,0.71,2.57,2.42,0,None,0,0.00425,0.6971,6.37
229.9,18.18,50.061,30.88,662.2,1.41,0.05,1.15,1.82,2.2,0,None,0,0.00492,0.6972,7.39
229.15,17.72,50.018,29.46,677.5,2.68,0.81,0.48,2.84,2.65,0,None,0,0.0043,0.6973,6.45
229.57,17.24,49.957,30.01,643.2,2.63,1.76,1.02,3.32,3.09,0,None,0,0.00575,0.6974,8.63
234,17.61,49.982,30.86,568.3,2.37,1.79,0.38,3,3.3,0,None,0,0.00653,0.6976,9.79
232.81,17.83,49.995,30.97,600.9,2.03,1.41,0.72,2.57,3.22,0,None,0,0.00466,0.6976,6.99
230.19,18.07,49.974,30.04,734.1,2.56,1.51,0.64,3.05,2.76,0,None,0,0.00448,0.6977,6.72
229.09,18.02,49.989,30.21,641.8,1.83,0.89,0.57,2.12,2.35,0,None,0,0.00328,0.6978,4.92
230.18,18.32,49.959,29.03,704.1,1.57,1.1,0.6,2,2.2,0,None,0,0.00417,0.6979,6.25
230.37,18.25,50,29.95,661.6,2.71,1.69,0.44,3.23,3.65,0,None,0,0.00348,0.698,5.22
228.13,17.19,50.007,30.93,612,2.19,1.37,0.83,2.71,3.45,0,None,0,0.00429,0.698,6.43
230.12,17.48,49.97,30.67,610.9,1.59,1.23,0.39,2.04,1.81,0,None,0,0.00363,0.6981,5.44
231.98,0,50.058,30.59,593.8,1.75,1.13,0.68,2.19,2.47,1,None,0,0.00639,0.6982,9.59
227.3,17.67,50.002,30.21,522.3,1.56,1.67,0.79,2.42,2.15,0,None,0,0.00427,0.6983,6.41
231.24,17.91,49.975,30.17,589,3.21,1.65,0.95,3.73,3.57,0,None,0,0.00577,0.6984,8.65
232.06,18.06,49.951,29.62,633.2,2,1.46,0.84,2.62,2.6,0,None,0,0.00641,0.6986,9.61
229.16,17.55,50.002,30.69,557.3,2.09,1.23,0.74,2.54,3.09,0,None,0,0.00318,0.6986,4.77
232.54,17.7,49.992,30.45,594.2,2.43,1.06,0.44,2.69,2.22,0,None,0,0.00474,0.6987,7.11
228.96,17.64,50.023,30.49,608.3,1.27,1.48,0.4,1.99,2.32,0,None,0,0.00384,0.6988,5.76
230.66,17.75,49.996,29.66,534.4,2.66,0.76,0.32,2.78,3.5,0,None,0,0.00343,0.6989,5.14
229.54,17.24,49.964,28.34,549.2,1.64,0.84,0.29,1.86,1.56,0,None,0,0.00395,0.6989,5.93
229.54,17.79,50.05,30.93,523.1,3.1,0.62,0.6,3.22,3.84,0,None,0,0.00602,0.6991,9.03
229.07,17.55,50.013,29.65,527.4,1.81,1.69,0.42,2.52,2.15,0,None,0,0.00377,0.6991,5.66
231.05,17.37,49.992,29.33,505.3,2.62,0.91,0.9,2.92,3.74,0,None,0,0.00398,0.6992,5.97
231.27,17.3,50.005,30.56,517.3,0.5,1.36,0.46,1.52,1.84,0,None,0,0.0026,0.6993,3.9
229.9,17.4,50.014,29.67,606.6,1.29,1.15,0.62,1.84,2.11,0,None,0,0.00261,0.6993,3.92
227.96,17.29,49.957,30.82,509.7,1.82,2.36,0.53,3.03,3.26,0,None,0,0.0065,0.6995,9.75
230.6,17.52,50.005,30.45,547.9,0.78,1.38,0.25,1.6,2.02,0,None,0,0.00223,0.6995,3.35
230.63,16.79,49.986,30.48,519.3,2.36,0.46,0.87,2.56,2.2,0,None,0,0.00365,0.6996,5.47
229.67,22.87,50.015,28.82,583.1,6.38,4.53,2.43,8.2,7.06,0,Harmonic_Distortion,1,0.00917,0.6998,13.76
232.8,23.45,49.978,30.87,584.9,10.27,6.84,3.32,12.78,15.48,0,Harmonic_Distortion,1,0.01571,0.7001,23.57
227.65,23.15,49.982,30.09,563.6,10.12,6.82,2.61,12.48,12.99,0,Harmonic_Distortion,1,0.01491,0.7004,22.37
389.26,22.57,50.05,29.57,537.8,7.79,4.13,2.3,9.11,11.14,1,Harmonic_Distortion,1,0.11547,0.7027,173.21
228.9,22.68,50.037,29.96,512.9,6.83,3.29,2.99,8.15,8.11,0,Harmonic_Distortion,1,0.01071,0.7029,16.07
231.07,22.12,49.901,28.41,471,7.21,5.34,3.24,9.54,9.79,0,Harmonic_Distortion,1,0.01518,0.7032,22.77
228.42,23.14,50.035,30.14,593,10.11,6.13,2.36,12.05,11.64,0,Harmonic_Distortion,1,0.01482,0.7035,22.23
228.53,23.03,49.998,28.97,481.4,7.79,4.07,2.53,9.14,11.66,0,Harmonic_Distortion,1,0.01021,0.7037,15.32
231.43,23.07,49.979,28.69,534.9,6.2,5,3.54,8.72,9,0,Harmonic_Distortion,1,0.01071,0.7039,16.07
230.69,22.95,49.97,28.54,547.4,7.61,2.95,2.38,8.5,10.01,0,Harmonic_Distortion,1,0.01046,0.7041,15.7
230.57,17.2,49.972,30.63,479.3,2.29,0.62,0.87,2.53,2.9,0,None,0,0.00432,0.7042,6.48
231.17,17.74,49.98,29.22,539.7,2.42,1.87,0.5,3.1,2.84,0,None,0,0.00488,0.7043,7.32
229.36,17.04,49.966,30.93,525.3,1.17,1.33,0.66,1.89,2.37,0,None,0,0.004,0.7044,5.99
229.43,17.53,49.959,29.25,560.5,2.09,0.99,0.51,2.37,2.54,0,None,0,0.00477,0.7045,7.15
231.21,17.37,49.969,28.3,469.2,1.82,0.52,0.82,2.06,2.53,0,None,0,0.00441,0.7046,6.62
227.98,17.29,50.01,28.75,433.2,2.88,1.18,0.83,3.22,3.91,0,None,0,0.00502,0.7047,7.53
226.79,17.48,50.002,30.61,461,2.1,1.59,0.23,2.65,2.2,0,None,0,0.00482,0.7048,7.23
229.35,17.41,50.017,29.48,486.2,1.6,2.26,0.93,2.92,3.24,0,None,0,0.00417,0.7049,6.26
231.4,17.21,49.998,29.15,476.8,2.51,1.96,1.19,3.4,4.06,0,None,0,0.00441,0.7049,6.62
230.38,17.37,49.961,29.7,455.4,2.34,0.85,0.51,2.54,3.18,0,None,0,0.00475,0.705,7.12
231.29,16.68,50.015,29.95,391.4,1.51,1,0.57,1.9,2,0,None,0,0.00348,0.7051,5.22
226.98,17.1,49.97,30.42,483.3,1.79,0.61,0.91,2.1,2.47,0,None,0,0.00558,0.7052,8.37
230.47,17.61,50.019,30.67,540,1.8,0.86,0.62,2.09,2.69,0,None,0,0.00337,0.7053,5.05
230.98,17.32,49.965,29.2,476.4,2.74,1.11,0.6,3.01,3.66,0,None,0,0.0054,0.7054,8.11
227.97,16.69,49.979,28.41,478.9,2.12,1.05,1.07,2.6,3.19,0,None,0,0.00495,0.7055,7.43
231.29,17.39,49.989,29.12,474.1,2.44,2.02,0.26,3.18,3.19,0,None,0,0.00456,0.7056,6.84
229.83,17.47,50.02,29.64,463.8,1.7,0.67,0.4,1.88,1.59,0,None,0,0.003,0.7056,4.5
234.61,17.24,50.005,28.64,481.9,2.2,1.18,0.7,2.6,3.33,0,None,0,0.00586,0.7058,8.8
226.73,17.87,50.001,28.62,457.2,2.78,0.37,0.2,2.81,3.23,0,None,0,0.00497,0.7059,7.46
232.05,16.88,50.057,29.64,425.6,1.78,1.33,0.51,2.28,2.02,0,None,0,0.00645,0.706,9.68
229.41,16.87,49.945,29.31,403,2.07,0.66,0.5,2.23,2.87,0,None,0,0.00537,0.7061,8.06
227.57,16.94,49.969,29.35,421.7,1.18,1.64,0.84,2.19,2.54,0,None,0,0.00533,0.7062,7.99
229.21,17.08,49.968,28.7,441,1.54,1.08,0.77,2.04,1.72,0,None,0,0.00417,0.7063,6.26
230.42,16.91,49.947,29.1,412.5,1.8,0.64,0.18,1.92,1.7,0,None,0,0.00485,0.7064,7.27
231.56,16.64,49.978,28.52,434.5,1.36,0.36,0.43,1.47,1.82,0,None,0,0.00357,0.7065,5.35
232.58,16.98,50.021,29.95,436.3,2.79,0.81,0.43,2.94,3.75,0,None,0,0.00566,0.7066,8.48
232.13,17.17,49.982,30.04,448.9,1.5,1.3,0.55,2.05,2.02,0,None,0,0.00433,0.7067,6.5
228.55,17.51,49.99,27.72,463.7,2.47,1.37,0.33,2.84,2.86,0,None,0,0.00429,0.7067,6.43
195.86,17.63,49.948,34.85,229.9,4.89,2.42,0.71,5.5,5.49,0,Combined_Weather_Electrical,1,0.03035,0.7073,45.53
194.93,17.11,49.976,31.02,197.2,6.8,2.89,0.43,7.4,9.01,0,Combined_Weather_Electrical,1,0.03147,0.708,47.21
193.6,16.65,49.986,34.78,216.9,7.52,2.88,0.75,8.08,8.3,0,Combined_Weather_Electrical,1,0.03252,0.7086,48.78
194.16,16.75,50.019,34.07,223.9,4.19,1.67,0.6,4.55,4.49,0,Combined_Weather_Electrical,1,0.02889,0.7092,43.33
193.53,16.54,49.95,33.19,180.2,6.85,2.47,0.36,7.29,8.1,0,Combined_Weather_Electrical,1,0.03359,0.7099,50.38
194.48,17.65,49.986,32.81,250.4,4.25,3.74,0.95,5.74,6,0,Combined_Weather_Electrical,1,0.02959,0.7105,44.38
193.5,16.85,50.033,31.87,220.9,4.3,4.06,0.95,5.99,6.39,0,Combined_Weather_Electrical,1,0.03142,0.7111,47.13
193.13,16.57,49.987,34.19,224.5,6.07,3.15,0.67,6.87,6.89,0,Combined_Weather_Electrical,1,0.03159,0.7117,47.38
195.04,16.96,49.937,33.59,244.7,5.4,3.66,0.54,6.54,6.74,0,Combined_Weather_Electrical,1,0.03252,0.7124,48.78
195.23,16.97,50.038,36.19,198.5,4.98,3.45,0.34,6.07,4.96,0,Combined_Weather_Electrical,1,0.03067,0.713,46
194.19,17.17,50.022,36.81,223.6,4.78,2.73,0.87,5.57,7.03,0,Combined_Weather_Electrical,1,0.03003,0.7136,45.04
232.05,16.75,50.026,28.49,370.7,1.87,1.24,0.81,2.39,1.95,0,None,0,0.00503,0.7137,7.54
229.61,17,49.948,28.68,364.7,1.81,0.91,0.4,2.06,2.45,0,None,0,0.00493,0.7138,7.4
229.55,16.08,50.045,30.22,338.1,1.81,0.76,0.43,2.01,1.91,0,None,0,0.00457,0.7139,6.86
230.99,17.16,49.977,29.93,432.6,1.94,0.84,0.71,2.23,1.91,0,None,0,0.00404,0.714,6.06
229.8,16.94,49.985,27.79,348,1.75,1.58,0.31,2.38,2.63,0,None,0,0.00327,0.714,4.91
230.13,16.68,49.979,29.47,388,1.49,1.21,0.44,1.97,2.27,0,None,0,0.0031,0.7141,4.66
226.22,16.25,50.028,29.43,282.1,2.59,1.71,0.34,3.12,3.48,0,None,0,0.00701,0.7142,10.52
230.03,16.34,49.995,27.84,401.3,1.63,1.41,0.35,2.18,2.37,0,None,0,0.00246,0.7143,3.7
227.26,17.42,50.014,29.39,393.2,1.77,1.84,0.42,2.59,2.77,0,None,0,0.0051,0.7144,7.65
228.17,16.59,50.002,29.94,352.1,2.26,1.53,0.83,2.85,3.05,0,None,0,0.00416,0.7145,6.23
228,16.71,49.997,27.79,336.2,2.19,1.5,0.16,2.66,3.28,0,None,0,0.00411,0.7145,6.17
228.44,16.91,49.972,27.93,358.4,1.46,1.15,0.71,1.99,1.68,0,None,0,0.00443,0.7146,6.65
459.62,17.55,50.054,29.45,431,2.45,2.4,0.66,3.5,3.07,1,None,0,0.15597,0.7178,233.95
229.27,16.36,49.956,28.83,266.1,2.32,1.25,0.84,2.77,3.34,0,None,0,0.00544,0.7179,8.16
231,16.65,50.012,29.03,365,2.11,0.41,0.66,2.25,2.14,0,None,0,0.00352,0.7179,5.27
230.33,16.57,50.011,28.84,294.4,1.74,1.31,0.51,2.24,2.65,0,None,0,0.00302,0.718,4.53
227.15,17.04,50.035,28.85,327.2,1.76,0.81,0.4,1.97,1.93,0,None,0,0.00556,0.7181,8.35
230.12,16.48,50.042,27.45,315.3,1.88,1.61,0.85,2.61,3.3,0,None,0,0.00478,0.7182,7.17
230.48,16.3,49.996,29.33,305.3,1.26,1.49,0.72,2.08,1.96,0,None,0,0.0026,0.7183,3.9
229.51,16.18,50.016,29.4,319.2,1.98,1.12,0.48,2.32,2.35,0,None,0,0.00344,0.7183,5.16
229.91,16.03,50.053,28.26,271.4,2.54,0.84,0.83,2.8,2.46,0,None,0,0.0055,0.7184,8.26
230.29,17,49.998,28.38,355.2,2.53,1.26,0.49,2.86,3.25,0,None,0,0.00315,0.7185,4.72
231.15,16.12,49.968,27.16,239.5,1.77,0.94,0.6,2.09,2.1,0,None,0,0.00444,0.7186,6.66
227.64,16.48,49.988,28.77,330.1,2.64,1.52,0.45,3.08,3.91,0,None,0,0.00519,0.7187,7.79
229.63,16.3,49.961,28.8,292.7,3.14,1.42,0.73,3.53,2.85,0,None,0,0.00572,0.7188,8.59
232.26,16.36,50.011,28.26,256.3,1.81,2.37,0.35,3.01,2.99,0,None,0,0.00504,0.7189,7.56
232.12,16.52,50.032,29.19,308.5,2.41,1.02,0.53,2.67,2.17,0,None,0,0.00566,0.719,8.49
231.28,16.16,49.996,27.99,235.4,0.64,1.08,0.44,1.33,1.28,0,None,0,0.00234,0.7191,3.51
230.81,16.93,49.951,28.69,296.6,1.25,1.14,0.67,1.81,1.8,0,None,0,0.00477,0.7192,7.16
232.48,16.67,50.031,27.39,235.4,2.05,1.16,0.7,2.46,2.28,0,None,0,0.00561,0.7193,8.41
232.48,16.67,49.947,28.16,308.2,1.4,1.61,0.32,2.16,2,1,None,0,0.00644,0.7194,9.66
229.81,16.4,49.954,28.02,250.1,3.22,1.09,0.7,3.47,3.23,0,None,0,0.00592,0.7195,8.88
228.55,16.15,49.995,28.31,266.4,2.36,1.99,0.23,3.09,2.89,0,None,0,0.00431,0.7196,6.46
229.59,16.39,50.008,27.81,293.6,2.58,1.43,1.15,3.17,2.98,0,None,0,0.00381,0.7197,5.71
234.65,16.38,50.013,27.97,248.4,1.98,1.01,0.47,2.27,2.79,0,None,0,0.00594,0.7198,8.9
227.65,16.37,49.998,28.71,274.4,1.4,0.9,0.86,1.87,1.54,0,None,0,0.00351,0.7199,5.26
229.29,16.21,50.053,27.67,213.6,1.69,1.62,0.65,2.43,3.14,0,None,0,0.00553,0.72,8.29
227.88,16.62,50.002,26.71,296.8,2.15,1.21,0.66,2.56,2.41,0,None,0,0.00404,0.7201,6.05
227.88,16.62,50.031,29.37,339.7,1.62,1.2,0.31,2.04,1.66,1,None,0,0.00497,0.7202,7.46
228.2,16.67,50.024,29.05,378.2,2.4,0.96,0.81,2.71,2.41,0,None,0,0.00507,0.7203,7.6
229.84,16.13,49.961,26.88,267.7,2.43,1.18,0.61,2.77,3.51,0,None,0,0.00481,0.7204,7.22
227.07,16.06,49.995,28.44,293.1,2,0.94,0.72,2.33,3.02,0,None,0,0.00449,0.7204,6.74
230.93,15.77,50.064,27.46,187.9,0.9,1.74,0.58,2.05,1.89,0,None,0,0.00584,0.7206,8.76
231.83,17.16,49.985,28.04,316.7,3.03,1.49,0.63,3.43,3.13,0,None,0,0.00539,0.7207,8.08
229.42,16.21,49.98,28.04,285.2,1.87,1.13,0.38,2.22,2.7,0,None,0,0.00361,0.7207,5.41
229.8,15.85,50.005,27.59,232.4,3.63,1.12,0.56,3.84,4.82,0,None,0,0.00423,0.7208,6.34
229.75,16.55,49.986,27.12,298.8,2.39,1.24,0.5,2.74,3.08,0,None,0,0.0036,0.7209,5.4
230.27,16.17,49.976,27.17,236.8,1.87,1.2,0.42,2.26,2.87,0,None,0,0.00363,0.721,5.45
229.94,16.09,49.986,26.96,226.3,2.27,0.82,0.63,2.49,3.18,0,None,0,0.00326,0.721,4.88
231.15,16.72,50.043,27,261.2,0.79,0.44,0.69,1.14,1.34,0,None,0,0.00404,0.7211,6.05
231.85,16.23,49.996,27.58,197.3,2.62,0.88,0.66,2.84,2.77,0,None,0,0.00425,0.7212,6.37
231.18,29.54,49.96,27.04,278.4,3.54,1.15,0.57,3.77,3.29,1,None,0,0.00652,0.7213,9.79
229.54,15.95,49.955,28.13,193,0.75,0.9,0.7,1.37,1.45,0,None,0,0.00394,0.7214,5.91
231.35,15.95,50.066,28.74,190.9,1.83,1.53,0.66,2.47,2.34,0,None,0,0.00666,0.7215,10
227.87,16.29,49.993,27.06,194.2,1.94,1.11,0.62,2.32,1.99,0,None,0,0.00404,0.7216,6.06
227.04,16.23,50.013,27.69,258.7,2.53,1.95,0.64,3.25,3.24,0,None,0,0.00583,0.7217,8.75
230.34,15.56,49.977,27.87,201.4,3.26,0.98,0.9,3.52,3.66,0,None,0,0.0049,0.7218,7.35
230.74,15.96,50.01,27.81,169.9,2.23,1.26,0.3,2.58,2.91,0,None,0,0.00354,0.7219,5.32
228.92,21.04,50.044,27.47,197.3,8.88,3.36,3.18,10.01,9.11,0,Harmonic_Distortion,1,0.0129,0.7222,19.36
229.13,22.7,49.98,27.97,218.1,8.9,7.08,1.8,11.52,14.21,0,Harmonic_Distortion,1,0.01306,0.7224,19.59
228.86,21.15,50.014,27.74,169.9,9.38,4.03,1.67,10.35,9.24,0,Harmonic_Distortion,1,0.01178,0.7227,17.67
228.7,21.37,49.958,26.33,168.9,7.75,6.71,3.08,10.71,13.91,0,Harmonic_Distortion,1,0.01367,0.7229,20.5
231.04,22.34,50.061,27.99,297.2,9.9,6.01,3.42,12.08,13.02,0,Harmonic_Distortion,1,0.01579,0.7233,23.68
228.23,21.47,50.008,27.97,176.2,8.86,5.27,3.47,10.87,9.5,0,Harmonic_Distortion,1,0.01243,0.7235,18.65
229.6,21.48,49.988,26.62,195.6,11.01,3.01,3.24,11.86,14.44,0,Harmonic_Distortion,1,0.01274,0.7238,19.11
228.64,21.79,49.991,27.23,191.7,6.45,5.46,2.85,8.92,8.27,0,Harmonic_Distortion,1,0.01025,0.724,15.38
227.82,22.25,49.985,27.72,187.4,9.32,4.41,2.3,10.56,9.45,0,Harmonic_Distortion,1,0.01275,0.7242,19.13
231.31,22.1,49.986,26.98,227,7.87,3.46,2.06,8.84,7.67,0,Harmonic_Distortion,1,0.01038,0.7244,15.57
229.22,22.52,49.927,27.97,238,6.7,5.93,2.84,9.39,10.1,0,Harmonic_Distortion,1,0.01357,0.7247,20.35
230.28,21.28,49.997,28.98,185.7,7.39,4.48,2.32,8.95,11.09,0,Harmonic_Distortion,1,0.00928,0.7249,13.92
227.74,21.45,49.996,26.43,146.5,6.97,6.99,1.92,10.05,12.55,0,Harmonic_Distortion,1,0.01174,0.7251,17.61
228.89,21.88,50.015,25.92,244.9,7.07,5.59,3.49,9.67,11.53,0,Harmonic_Distortion,1,0.01113,0.7253,16.69
231.13,16.12,49.984,27.24,188,0.96,1.88,0.29,2.13,2.33,0,None,0,0.00366,0.7254,5.49
233.88,16.73,49.977,27.54,259.1,1.19,1.68,1.12,2.34,2.49,0,None,0,0.00603,0.7255,9.04
227.04,15.56,50,26.75,98,2.6,0.96,0.67,2.85,2.81,0,None,0,0.00479,0.7256,7.19
175.59,15.96,49.952,28.07,79.1,1.42,0.68,0.94,1.83,1.51,0,Voltage_Sag,1,0.03973,0.7264,59.6
176.29,16.39,50.004,25.8,106.4,2.24,1.25,0.61,2.63,3.21,0,Voltage_Sag,1,0.03787,0.7272,56.81
175.11,15.41,49.944,27.4,68.5,1.82,0.97,0.79,2.21,2.87,0,Voltage_Sag,1,0.0408,0.728,61.2
176.79,0,50.034,26.33,69.8,2.49,1.83,0.61,3.16,3.98,1,Voltage_Sag,1,0.03954,0.7288,59.3
174.83,16.03,50.021,28.16,77.5,1.86,1.1,0.85,2.32,2.94,0,Voltage_Sag,1,0.03933,0.7296,59
176,15.66,49.972,28.35,62.8,3.66,1.08,0.09,3.82,3.69,0,Voltage_Sag,1,0.04042,0.7304,60.64
229.22,16.17,50.02,26.11,161.8,3.14,0.64,0.82,3.31,2.81,0,None,0,0.00481,0.7305,7.21
231.83,15.53,50.003,26.25,158.9,1.81,1.37,0.77,2.4,2.96,0,None,0,0.00376,0.7306,5.63
228.99,15.81,49.97,27.35,145.5,1.73,0.73,0.56,1.96,2.32,0,None,0,0.00413,0.7306,6.2
229.47,16.18,49.939,26.32,217.9,3.88,1.38,0.5,4.15,4.13,0,None,0,0.00753,0.7308,11.29
231.42,16.38,50.009,26.56,185.3,1.35,1.43,0.53,2.04,2.48,0,None,0,0.00344,0.7309,5.16
228.46,15.93,49.976,26.59,175.1,1.97,0.9,0.67,2.26,1.97,0,None,0,0.00446,0.7309,6.69
233.15,6.73,50.033,25,195.6,2.01,1.58,0.9,2.72,3.06,1,None,0,0.00641,0.7311,9.62
227.27,16.04,50,26.5,150.9,2,1.09,0.47,2.32,2.97,0,None,0,0.00413,0.7312,6.19
228.37,15.75,49.979,25.92,128.7,0.96,0.61,0.17,1.15,1.44,0,None,0,0.00326,0.7312,4.89
230.57,15.41,50.054,26.05,133.8,2.3,1.82,1.22,3.17,3.75,0,None,0,0.00625,0.7313,9.37
228.51,15.47,50.017,27.57,156.2,1.42,0.83,0.77,1.81,1.69,0,None,0,0.00365,0.7314,5.47
229.18,15.65,49.89,25.38,112.1,2.86,1.4,0.5,3.23,2.75,0,None,0,0.00924,0.7316,13.86
230.74,15.62,49.985,27,132.7,1.13,1.37,0.9,1.99,1.91,0,None,0,0.0032,0.7317,4.8
229.13,16,49.958,26.1,130.4,2.04,1.36,0.83,2.58,2.86,0,None,0,0.00523,0.7318,7.84
231.23,16.36,49.976,26.06,234.3,0.67,1.35,0.72,1.67,1.6,0,None,0,0.00368,0.7318,5.51
230.32,15.34,49.996,26.89,36.7,0.71,0.81,0.48,1.18,1.19,0,None,0,0.00161,0.7319,2.41
230.65,15.43,50.011,26.5,138.8,1.5,1.88,0.77,2.52,2.52,0,None,0,0.00348,0.732,5.22
231.86,16.24,50.008,26.65,213.3,1.58,1.58,0.87,2.4,2.32,0,None,0,0.00401,0.732,6.01
230.48,15.53,50.032,26.94,147.6,2.88,1.39,0.17,3.2,4.04,0,None,0,0.00513,0.7321,7.7
232.31,15.65,50.019,25.86,171.2,1.98,0.67,0.66,2.19,2.1,0,None,0,0.00465,0.7322,6.97
231.37,15.46,50.017,25.61,143.4,2.78,0.81,0.67,2.97,3.85,0,None,0,0.00472,0.7323,7.08
229.21,15.56,50.006,25.2,111.2,1.77,1.46,0.67,2.39,2.16,0,None,0,0.00321,0.7324,4.81
231.94,15.71,50.039,25.37,46.6,2.36,0.4,0.61,2.47,3.06,0,None,0,0.00567,0.7325,8.5
230.4,15.89,49.991,28.36,142.9,1.56,1.34,0.9,2.24,2.62,0,None,0,0.00298,0.7326,4.46
229.41,15.52,49.991,26.97,102.1,1.52,0.67,0.55,1.75,1.99,0,None,0,0.00257,0.7326,3.86
230.42,15.08,49.943,24.86,99.6,0.91,0.85,0.6,1.38,1.41,0,None,0,0.00451,0.7327,6.77
231.67,15.75,50.032,24.85,110.1,2.2,0.64,0.68,2.39,2.89,0,None,0,0.00506,0.7328,7.59
230.68,15.77,49.998,26.26,198.4,2.16,1.3,0.56,2.58,2.7,0,None,0,0.00314,0.7329,4.71
232.73,16.14,50.088,26.28,223.3,2.47,1.65,0.25,2.98,2.58,0,None,0,0.00916,0.733,13.74
231.63,15.64,49.988,26.25,134.3,2.13,1.34,0.65,2.6,2.44,0,None,0,0.00427,0.7331,6.4
230.78,15.85,50.003,25.57,105.5,3.22,1.38,0.66,3.56,3.17,0,None,0,0.00421,0.7332,6.31
228.46,15.44,50.016,25.64,75.6,2.11,1.27,0.51,2.51,2.72,0,None,0,0.00433,0.7333,6.5
229.73,15.74,49.967,25.97,139.9,2.6,1.47,0.57,3.04,3.43,0,None,0,0.00487,0.7334,7.3
230.11,16.1,50.011,25.75,191.1,1.81,1.39,0.19,2.29,2.21,0,None,0,0.00289,0.7335,4.34
231.04,16.16,50.001,23.87,108.5,1.45,0.11,0.9,1.72,1.41,0,None,0,0.00245,0.7335,3.67
230.96,15.53,49.991,25.43,21.8,2.43,1.56,0.83,3.01,3.39,0,None,0,0.00408,0.7336,6.13
230.25,15.69,50.035,24.9,142.3,1.95,1.52,0.27,2.48,2.06,0,None,0,0.00441,0.7337,6.61
230.18,15.34,49.973,25.69,39.4,2.5,1.06,0.43,2.75,3.52,0,None,0,0.00422,0.7338,6.33
231.08,15.14,50.008,27.9,0,2.21,0.41,0.96,2.45,3.04,0,None,0,0.00356,0.7338,5.35
228.71,14.93,50.044,25.78,7.1,1.52,1.3,0.31,2.03,2.46,0,None,0,0.00505,0.7339,7.57
232.54,15.07,49.979,25.2,18,2.64,1.33,0.72,3.05,3,0,None,0,0.00577,0.734,8.65
226.93,14.98,49.991,26.15,0,1.48,1.02,0.48,1.86,2.18,0,None,0,0.00431,0.7341,6.46
232.18,15.38,50.07,25.77,0,2.38,1.27,0.7,2.79,2.29,0,None,0,0.00773,0.7343,11.59
229.93,15.03,50.014,25.69,40.6,2.77,1.63,0.61,3.27,2.76,0,None,0,0.00403,0.7344,6.04
231.5,15.59,49.985,25.8,0,1.77,2.16,0.53,2.84,2.98,0,None,0,0.00458,0.7345,6.87
230.55,15.47,50.024,26.93,0,2.69,1.26,0.7,3.05,3.34,0,None,0,0.00461,0.7346,6.92
230.52,15.12,49.983,24.35,0,2.24,1.33,0.48,2.65,3.13,0,None,0,0.00384,0.7346,5.76
230.83,15.38,49.953,25.6,50.4,2.51,0.87,0.15,2.66,2.53,0,None,0,0.00555,0.7347,8.33
231.21,15.05,50.041,24.44,24.7,1.5,1,0.37,1.84,1.97,0,None,0,0.00469,0.7348,7.03
229.51,15.26,49.967,25.59,0,2.13,1.15,0.34,2.44,2.03,0,None,0,0.00442,0.7349,6.63
231.55,15.45,50.074,24.38,0,1.16,1.67,0.2,2.04,2.11,0,None,0,0.00673,0.7351,10.1
228.37,14.93,49.985,24.75,0,3.03,1.53,0.69,3.46,3.93,0,None,0,0.00526,0.7352,7.88
229.99,14.68,50.064,24.81,0,0.79,1.97,0.56,2.2,2.84,0,None,0,0.0054,0.7353,8.1
231.25,15.4,49.959,25.8,0,1.79,0.6,0.69,2.01,2.38,0,None,0,0.00488,0.7354,7.32
231.49,15.28,50.031,25.72,0,1.44,0.67,0.73,1.75,2.27,0,None,0,0.00426,0.7355,6.39
230.69,14.76,50.015,23.95,0,2.4,1.64,0.79,3.02,3.16,0,None,0,0.00422,0.7355,6.33
229.41,14.93,50.025,24.96,0,3.15,1.78,0.7,3.69,3.75,0,None,0,0.00533,0.7356,8
231.35,14.96,50.029,24.32,24.4,2.39,1.21,0.36,2.71,3.29,0,None,0,0.00504,0.7357,7.55
229,14.87,49.985,23.84,0,3.78,0.59,0.74,3.89,4.02,0,None,0,0.0053,0.7359,7.94
232.63,15.16,49.961,24.64,31.8,1.17,0.9,0.66,1.62,1.91,0,None,0,0.0053,0.736,7.94
229.87,15.26,49.998,24.54,54,1.22,1.33,1.15,2.14,2.78,0,None,0,0.0023,0.736,3.45
227.69,15.21,50.007,26.69,42.3,1.46,0.84,0.6,1.79,2.08,0,None,0,0.00363,0.7361,5.45
228.21,15,49.986,25.06,18.8,2.07,1.27,0.7,2.53,2.04,0,None,0,0.00441,0.7362,6.61
230.07,15.01,50.008,23.58,0,1.38,1.96,0.58,2.47,2.2,0,None,0,0.00293,0.7362,4.39
230.21,15.16,50.01,24.19,0,1.55,1.77,0.61,2.43,2.28,0,None,0,0.00306,0.7363,4.59
232.95,15.2,49.973,25.43,29.6,2.37,1.52,0.6,2.88,3.49,0,None,0,0.00617,0.7364,9.26
228.44,15.83,50.012,26.25,67.2,1.26,1.17,0.49,1.79,2.26,0,None,0,0.0034,0.7365,5.1
230.06,15.27,49.992,23.28,13.7,1.32,1,0.64,1.78,2,0,None,0,0.00222,0.7365,3.33
228.41,14.88,49.979,23.01,76.7,1.76,1.5,0.76,2.44,2.06,0,None,0,0.00452,0.7366,6.78
229.26,15.36,50.024,25.97,0,1.82,1.21,0.5,2.24,2.35,0,None,0,0.0039,0.7367,5.85
232.53,15.32,49.977,24.76,0,2.61,1.22,0.81,2.99,3.68,0,None,0,0.0058,0.7368,8.71
228.3,15.09,49.986,23.71,34.2,1.46,0.58,0.78,1.75,1.72,0,None,0,0.00355,0.7369,5.32
230.88,14.73,50.002,24.8,10.6,1.57,0.91,0.38,1.85,1.54,0,None,0,0.00254,0.7369,3.8
230.59,15.22,50.041,22.23,52.6,2.35,1.5,0.36,2.81,3.34,0,None,0,0.00526,0.737,7.88
229.96,15.11,50.006,24.31,0,2.48,0.76,0.71,2.69,3.04,0,None,0,0.003,0.7371,4.5
230.78,14.79,50.016,24.54,0,2.86,1.31,0.45,3.17,3.28,0,None,0,0.00447,0.7372,6.71
228.26,14.71,49.991,24.98,0,2.28,1.37,0.34,2.68,3.28,0,None,0,0.00426,0.7373,6.39
232.48,15.04,49.998,23.39,0,2.08,1.39,1.03,2.7,3.31,0,None,0,0.00444,0.7374,6.66
232.89,15.04,49.999,24.24,0,2.35,1.42,0.36,2.77,3.18,0,None,0,0.00472,0.7375,7.08
230.07,15.1,50.009,23.4,38.9,1.84,1.45,0.22,2.35,2.99,0,None,0,0.00284,0.7375,4.26
233.63,15.23,49.991,24.31,34.9,1.84,0.95,0.4,2.11,2.16,0,None,0,0.00492,0.7376,7.38
229.4,14.79,50.04,23.35,14.5,0.94,0.61,0.66,1.3,1.51,0,None,0,0.0037,0.7377,5.55
230.6,14.95,49.989,23.71,0,2.54,0.85,0.62,2.75,3.34,0,None,0,0.0037,0.7378,5.55
232.15,15.22,49.949,23.2,0,2.13,1.49,1.07,2.81,3.14,0,None,0,0.00677,0.7379,10.16
229.31,15.02,50.082,24.49,0,2.47,0.72,0.41,2.6,2.8,0,None,0,0.00716,0.738,10.75
227.93,14.82,49.99,24.62,47.1,0.31,0.78,0.66,1.07,1.25,0,None,0,0.00291,0.7381,4.37
227.58,14.94,50.039,23.71,0,1.97,0.78,0.88,2.3,2.24,0,None,0,0.00584,0.7382,8.77
233.09,14.77,50.042,23.89,0,1.49,0.46,0.44,1.62,1.59,0,None,0,0.00574,0.7383,8.61
229.21,15.11,50.028,22.67,0,2.9,0.74,0.78,3.09,3.98,0,None,0,0.00503,0.7384,7.54
229.72,15.17,49.994,23.55,0,2.37,1.6,0.14,2.86,2.46,0,None,0,0.00334,0.7385,5.01
228.33,14.83,50.009,23.72,59.3,2.14,0.91,1.04,2.55,3.11,0,None,0,0.00407,0.7386,6.1
231.42,15.42,49.962,25.82,0,1.74,0.5,0.85,2,2.39,0,None,0,0.00484,0.7387,7.26
228.83,14.71,50.06,22.8,0,2.24,1,0.43,2.49,2.06,0,None,0,0.00624,0.7388,9.36
229.26,15.61,49.974,24.83,0,1.44,1.4,0.81,2.17,2.5,0,None,0,0.00393,0.7389,5.89
230.45,15.11,49.992,24.42,0,1.94,0.47,0.93,2.2,1.86,0,None,0,0.00287,0.7389,4.31
228.4,14.72,50.003,23.81,0,1.65,1.58,0.28,2.3,2.09,0,None,0,0.00349,0.739,5.24
229.73,14.81,49.997,24.96,0,3.36,0.62,0.45,3.45,4.41,0,None,0,0.00378,0.7391,5.67
155.82,15.39,49.98,23.82,23.5,2.88,1.04,0.94,3.2,3.14,0,Voltage_Sag,1,0.05257,0.7401,78.85
154.84,15.08,50.042,23.8,13.2,2.64,1.04,0.62,2.9,2.4,0,Voltage_Sag,1,0.05401,0.7412,81.01
154.54,15.04,50.029,23.41,0,1.11,0.98,0.71,1.64,1.74,0,Voltage_Sag,1,0.05227,0.7423,78.41
154.62,15.82,50.01,24.39,27,2.52,1.17,0.62,2.85,2.57,0,Voltage_Sag,1,0.05249,0.7433,78.73
229.42,15.01,49.988,24.26,26.5,2.11,1.51,0.82,2.72,2.76,0,None,0,0.0037,0.7434,5.56
232.99,15.06,50.032,22.85,0,2.73,1.18,0.73,3.07,2.61,0,None,0,0.00662,0.7435,9.92
228.78,15.44,49.986,22.26,0,2.19,0.96,0.63,2.47,2.1,0,None,0,0.00397,0.7436,5.95
230.32,15.27,50.047,23.11,32.7,2,1.38,0.07,2.43,2.56,0,None,0,0.00499,0.7437,7.49
230.17,14.61,50.003,22.6,15.9,2.14,1.28,0.76,2.61,2.52,0,None,0,0.00289,0.7437,4.33
231.51,15.24,50.037,23.16,6.8,0.92,0.93,0.78,1.52,1.34,0,None,0,0.00436,0.7438,6.53
231.65,14.76,49.997,24.16,0,1.54,1.22,0.29,1.98,2.16,0,None,0,0.00323,0.7439,4.85
229.95,15.56,50.002,22.77,24.3,2.22,0.9,0.31,2.42,2.01,0,None,0,0.00256,0.7439,3.84
230.44,0,50.037,23.07,0,2.68,0.85,0.73,2.91,3.42,1,None,0,0.00503,0.744,7.55
230.49,15.95,50.066,23.12,0,1.67,1.52,0.65,2.35,1.94,0,None,0,0.00596,0.7442,8.94
226.59,15.76,50.047,23.71,57.9,1.98,1.38,0.11,2.41,3.1,0,None,0,0.00697,0.7443,10.46
227.62,14.72,50.026,21.2,0,1.04,1.51,0.39,1.87,2.19,0,None,0,0.00474,0.7444,7.12
229.09,15.03,50.018,22.48,0,2.88,1.45,0.68,3.29,4.11,0,None,0,0.00477,0.7445,7.15
229.16,15.28,49.985,23.1,0,2.67,0.85,0.77,2.9,2.96,0,None,0,0.00421,0.7446,6.32
228.2,15.49,50.009,23.86,39.8,2.39,1.6,0.45,2.91,2.42,0,None,0,0.00453,0.7447,6.79
231.12,15.2,49.973,22.47,10.2,2.24,1.08,0.56,2.55,2.34,0,None,0,0.00466,0.7448,6.98
230,15.34,50.011,21.33,0,2.93,1.57,0.38,3.35,4.3,0,None,0,0.00391,0.7448,5.87
229.68,15.03,50.013,23.29,0,1.52,1.15,0.93,2.12,2.35,0,None,0,0.00299,0.7449,4.48
228.12,14.98,49.941,22.25,19.4,1.45,1.33,0.64,2.07,1.89,0,None,0,0.00624,0.745,9.36
229.93,14.88,50.001,21.77,0,2.64,1.34,0.43,2.99,3.11,0,None,0,0.00309,0.7451,4.63
226.06,15.32,50.012,22.19,12.2,2.6,1.53,0.31,3.03,2.9,0,None,0,0.00622,0.7452,9.33
229.76,15.13,49.997,22.51,0,1.28,0.55,0.28,1.42,1.49,0,None,0,0.00171,0.7452,2.56
230.09,15.09,50.011,22.14,0,1.68,0.57,1.05,2.06,2.51,0,None,0,0.00266,0.7453,3.99
230.36,15.18,49.96,20.82,0,3.01,1.47,0.56,3.4,3.1,0,None,0,0.00565,0.7454,8.47
227.65,14.45,49.977,23.27,0,2.25,1.34,0.5,2.66,2.66,0,None,0,0.00536,0.7455,8.04
230.34,15.17,50.031,23.54,0,2.47,0.89,0.55,2.68,2.75,0,None,0,0.00446,0.7456,6.68
228.44,15.15,50,23.01,9.4,1.3,1.35,0.44,1.93,2.11,0,None,0,0.00295,0.7457,4.42
228.78,15.48,50.01,21.54,0,2.39,0.64,0.57,2.54,2.13,0,None,0,0.00385,0.7457,5.77
231.08,14.55,49.984,22.25,0,1.15,2.51,0.61,2.82,2.55,0,None,0,0.00434,0.7458,6.52
233.02,15.49,50.001,22.38,0,0.81,1.72,0.6,2,2,0,None,0,0.004,0.7459,6
230.08,15.3,49.931,22.83,60.2,2.44,1.45,0.28,2.85,3.43,0,None,0,0.00635,0.746,9.53
228.77,15.19,50.025,22.85,0,2.86,1.23,0.82,3.22,2.88,0,None,0,0.00529,0.7461,7.93
230.28,15.51,50.054,21.69,6.5,1.85,0.95,0.46,2.13,2.64,0,None,0,0.00503,0.7462,7.54
231.41,15.42,49.968,22.31,59.8,1.67,0.68,0.44,1.86,1.8,0,None,0,0.00437,0.7463,6.56
230.93,15.15,49.972,22.58,0,3.03,1.15,0.42,3.27,3.03,0,None,0,0.00528,0.7464,7.93
234.11,15.2,50.013,23.34,15.8,1.88,0.86,0.34,2.1,2.11,0,None,0,0.00544,0.7465,8.16
228.93,14.89,50.044,22.7,0,1.96,0.88,0.67,2.25,2.42,0,None,0,0.00516,0.7467,7.74
230.38,15.03,50,22.74,0,3.02,0.63,0.82,3.19,3.72,0,None,0,0.00344,0.7467,5.16
232.32,14.79,49.963,22.14,0,1.79,1.3,0.42,2.25,2.34,0,None,0,0.00561,0.7468,8.41
232.23,15.04,49.994,23.17,0,1.61,1.05,0.14,1.92,2.33,0,None,0,0.00369,0.7469,5.54
227.07,14.75,49.969,22.33,108.9,2.49,1.41,0.34,2.88,3.49,0,None,0,0.00634,0.747,9.5
229.99,15.23,49.98,21.28,33.8,1.57,1.38,0.49,2.15,1.72,0,None,0,0.00316,0.7471,4.74
232.23,15.19,49.991,23.06,44.1,1.91,1.29,0.29,2.33,2.78,0,None,0,0.00424,0.7472,6.35
234.34,15,49.972,22.46,19.7,1.21,2.26,0.45,2.61,2.66,0,None,0,0.00683,0.7473,10.24
231.06,15.04,49.977,21.51,0,2.11,1.53,0.46,2.65,3.4,0,None,0,0.0045,0.7474,6.75
229.45,14.61,50.002,21.45,15.8,2.04,0.7,0.6,2.24,2.71,0,None,0,0.00271,0.7475,4.06
228.49,15.75,50.006,22.04,42.9,2.58,1.38,0.24,2.94,2.91,0,None,0,0.00425,0.7475,6.37
233.33,14.98,49.957,22.14,0,2.51,1.18,0.75,2.88,3.21,0,None,0,0.00718,0.7477,10.77
231.09,15.11,50.012,21.89,38.6,2.33,0.66,1.02,2.63,2.36,0,None,0,0.00394,0.7478,5.9
228.73,14.82,49.989,21.95,28.2,2.24,0.63,0.96,2.51,2.38,0,None,0,0.00392,0.7478,5.87
229.7,15.35,50.022,23.02,74.1,1.96,1.38,0.45,2.44,2.2,0,None,0,0.00372,0.7479,5.57
230.47,15.44,50.023,22.49,0,2.37,1.48,0.77,2.89,3.4,0,None,0,0.00437,0.748,6.55
230.82,15.3,49.984,21.75,0,1.33,0.78,0.74,1.71,1.38,0,None,0,0.00306,0.7481,4.59
228.65,15.27,50.018,22.31,0,0.59,1.59,0.59,1.79,1.8,0,None,0,0.0036,0.7481,5.39
229.08,15.33,49.975,20.7,57.4,2.7,1.31,0.64,3.07,3.74,0,None,0,0.00492,0.7482,7.39
227.52,14.88,50.04,21.81,0,2.4,1.68,0.77,3.03,3.5,0,None,0,0.00663,0.7484,9.95
231.56,14.61,49.976,22.91,0,1.92,1.64,0.82,2.66,2.68,0,None,0,0.00487,0.7485,7.31
229.49,14.9,50.011,21.25,0,2.64,1.14,0.4,2.91,3.24,0,None,0,0.00377,0.7485,5.65
230.7,14.86,49.994,20.72,0,1.56,1.85,0.79,2.55,2.59,0,None,0,0.00329,0.7486,4.93
232.13,15.26,49.969,20.84,0,1.58,0.75,1.02,2.02,2.47,0,None,0,0.00494,0.7487,7.41
230.33,15.17,50.027,20.45,37.8,1.49,2.16,0.82,2.75,2.99,0,None,0,0.00431,0.7488,6.47
229.83,15.42,49.982,20.66,0,2.34,0.85,0.98,2.68,2.99,0,None,0,0.00371,0.7489,5.56
230.29,15.31,49.949,20.96,0,1.05,1.18,0.05,1.58,2.05,0,None,0,0.00432,0.749,6.48
230.09,15.1,49.914,20.1,81.8,1.54,0.97,0.75,1.97,2.33,0,None,0,0.00635,0.7491,9.53
231.87,14.42,49.974,21.2,0,2.17,1.05,0.67,2.5,2.36,0,None,0,0.00504,0.7492,7.55
230.47,15.41,50.041,21.88,0,1.28,2.37,0.86,2.82,3.35,0,None,0,0.00519,0.7493,7.79
229.18,15.5,50.038,20.4,44.1,1.6,1.01,0.32,1.92,2.43,0,None,0,0.00434,0.7494,6.52
231.57,14.61,49.978,22.31,0,0.67,1.54,0.47,1.75,1.65,0,None,0,0.00385,0.7495,5.77
231.85,15.43,49.989,21.47,0,2.36,1.11,0.83,2.74,3.31,0,None,0,0.0045,0.7495,6.75
227.99,15.18,49.986,21.85,19.3,1.59,1.57,0.34,2.26,2.08,0,None,0,0.00427,0.7496,6.4
232.3,15.14,49.96,20.47,43.3,1.34,0.98,0.66,1.79,1.82,0,None,0,0.00529,0.7497,7.93
230.55,15.47,49.972,21.64,0,1.22,1.3,0.6,1.88,2.16,0,None,0,0.00366,0.7498,5.5
230.42,15.55,50.029,20.05,60.8,1.75,1.45,0.55,2.34,2.16,0,None,0,0.00409,0.7499,6.13
231.51,15.18,50.015,21.6,0,1.05,0.91,0.74,1.58,1.41,0,None,0,0.00332,0.75,4.98
229.15,15.21,50.008,21,30.4,3.17,2.3,0.32,3.93,4.05,0,None,0,0.00489,0.7501,7.34
231.43,15.15,49.96,21.27,0,0.57,1.47,0.4,1.63,1.94,0,None,0,0.00457,0.7501,6.85
229.43,14.99,50.003,19.85,54.9,1.73,1.11,0.57,2.13,2.34,0,None,0,0.00265,0.7502,3.98
227.79,14.91,49.931,20.04,5.7,2.06,0.92,0.3,2.28,2.62,0,None,0,0.00718,0.7503,10.77
228.5,14.69,50.025,21.2,0,1.53,1.24,0.91,2.17,2.48,0,None,0,0.00441,0.7504,6.62
230.85,14.9,50.008,19.94,26.5,2.13,0.71,0.4,2.28,2.44,0,None,0,0.00322,0.7505,4.83
228.58,14.98,49.96,21.03,35.7,1.52,1.91,0.8,2.57,2.46,0,None,0,0.00551,0.7506,8.27
232.42,14.79,50.048,19.53,25.7,2.92,1.37,0.38,3.25,3.28,0,None,0,0.00725,0.7507,10.87
231.78,15,49.946,21.27,0,1.33,1.16,0.78,1.93,1.91,0,None,0,0.00579,0.7509,8.68
232,14.78,50.016,19.58,0,0.59,1.62,0.2,1.73,1.46,0,None,0,0.00383,0.7509,5.75
230.19,15.1,50.017,20.97,0,1.22,0.91,0.95,1.8,2.24,0,None,0,0.00275,0.751,4.13
230.39,14.46,49.963,21,0,2.23,0.74,0.88,2.51,2.81,0,None,0,0.00462,0.7511,6.93
230.39,14.46,49.999,19.91,30,1.93,1.15,0.46,2.29,2.82,1,None,0,0.0026,0.7511,3.9
231.49,14.98,49.951,20.9,0,2.45,1.25,0.39,2.78,3.3,0,None,0,0.00621,0.7513,9.31
230.57,14.89,49.915,20.61,13.4,2.3,1.41,0.71,2.79,2.33,0,None,0,0.00743,0.7514,11.15
230.85,14.85,49.968,19.94,0,1.62,0.61,0.22,1.74,1.58,0,None,0,0.0039,0.7515,5.85
232.53,14.4,49.982,19.53,0,1.71,1.02,0.61,2.08,2.65,0,None,0,0.00465,0.7516,6.98
229.09,14.94,50.019,18.73,0,1.77,0.03,0.4,1.81,1.87,0,None,0,0.00337,0.7517,5.06
229.81,15.12,50.002,20.55,0,3.13,0.73,0.54,3.26,3.93,0,None,0,0.00348,0.7517,5.22
230.49,15,50.003,18.99,0,2.41,1.49,0.44,2.87,3.12,0,None,0,0.00333,0.7518,4.99
228.6,15.23,49.97,20.28,0,3.14,1.58,0.4,3.54,4.28,0,None,0,0.00597,0.7519,8.96
229.72,14.96,49.984,19.96,0,2.5,0.74,1.03,2.81,3.28,0,None,0,0.00379,0.752,5.68
230.74,15.16,49.972,20.69,21.3,1.96,1.07,0.8,2.37,2.23,0,None,0,0.00425,0.7521,6.37
229.51,14.94,49.963,19.87,0,1.39,1.21,0.23,1.86,2.4,0,None,0,0.00401,0.7521,6.02
231.96,15.1,49.982,19.82,0,2.12,1.63,0.38,2.7,2.82,0,None,0,0.00487,0.7522,7.31
227.73,14.71,50.002,20.63,61.7,1.96,1.81,0.81,2.79,3.05,0,None,0,0.00438,0.7523,6.57
231.68,14.81,49.983,20.28,39.8,1.94,1.26,0.84,2.47,2.64,0,None,0,0.00442,0.7524,6.63
230.99,15.53,49.99,20.24,36.1,1.87,1.1,0.25,2.19,2.72,0,None,0,0.00332,0.7525,4.98
229.15,14.18,50.021,20.33,0,0.77,0.62,0.77,1.26,1.18,0,None,0,0.00286,0.7525,4.28
228.61,14.88,49.985,18.69,21.7,2.76,1.24,0.67,3.1,2.57,0,None,0,0.00475,0.7526,7.13
226.88,15.28,49.96,20.49,0,1.97,2.03,0.11,2.83,2.87,0,None,0,0.00687,0.7528,10.3
228.81,14.89,50.017,20.35,0,1.15,1.72,0.5,2.13,2.68,0,None,0,0.00375,0.7529,5.62
231.57,14.79,50.008,19.01,16.4,2.29,1.27,0.57,2.68,2.73,0,None,0,0.0041,0.7529,6.15
229.92,14.92,50.01,19.6,0,1.49,1.32,0.61,2.08,1.95,0,None,0,0.00263,0.753,3.94
231.74,15.02,50.019,19.73,59.7,2.34,0.92,0.27,2.53,2.8,0,None,0,0.0046,0.7531,6.91
229.07,14.89,50.014,19.63,0,2.53,1.06,0.41,2.77,3.24,0,None,0,0.00406,0.7532,6.09
231.06,14.79,50.001,19.97,24.7,2.61,1.26,0.44,2.93,3.03,0,None,0,0.00367,0.7532,5.5
228.92,15.51,50.072,20.82,58.2,1.9,1.26,0.47,2.33,2.31,0,None,0,0.00662,0.7534,9.93
228.55,15.52,49.961,20.5,41.3,1.75,1.6,0.47,2.42,2.38,0,None,0,0.00529,0.7535,7.94
229.84,14.79,49.982,18.56,0,1.62,1.58,0.57,2.34,2.36,0,None,0,0.00332,0.7535,4.99
229,14.56,50.029,20.08,17.8,1.57,1.41,0.68,2.21,2.7,0,None,0,0.00431,0.7536,6.47
227.69,14.91,50.004,20.61,34,1.99,0.8,1.04,2.39,2.48,0,None,0,0.00411,0.7537,6.16
229.73,14.98,50.023,19.83,35.7,1.87,0.82,0.82,2.2,2.11,0,None,0,0.00352,0.7538,5.28
230.16,15.07,50.005,20.36,0,1.5,0.84,0.93,1.96,1.75,0,None,0,0.00232,0.7538,3.48
231.9,14.65,50.041,21.06,0,1.31,1.29,0.48,1.91,1.79,0,None,0,0.00521,0.7539,7.81
231.41,14.84,49.97,20.24,39.8,1.93,0.39,0.35,2,2.07,0,None,0,0.00443,0.754,6.65
231.83,15.03,50.04,19.59,0,1.74,1.2,0.8,2.26,2.43,0,None,0,0.00547,0.7541,8.2
231.08,15.19,50.035,20.2,0,1.32,1.76,0.6,2.28,2.53,0,None,0,0.00474,0.7542,7.11
230.5,14.94,49.964,19.45,63,2.5,1.47,0.78,3,2.51,0,None,0,0.00514,0.7543,7.71
228.16,14.47,50.019,19.32,0,3.06,1.06,0.38,3.26,3.61,0,None,0,0.00541,0.7544,8.12
230.22,15.83,49.999,18.99,0,2.58,0.92,0.76,2.84,2.77,0,None,0,0.00305,0.7545,4.58
230.9,15.16,49.982,20.49,0,1.57,1.52,0.56,2.25,2.09,0,None,0,0.00375,0.7546,5.62
232.19,14.8,49.943,18.56,13.3,1.97,1.32,0.48,2.42,2.34,0,None,0,0.00668,0.7547,10.02
231.03,15.18,49.97,20.41,0,2.92,1.1,0.51,3.17,3.77,0,None,0,0.00535,0.7548,8.03
231.86,14.84,50.021,19.55,0,1.3,0.96,0.72,1.77,2.13,0,None,0,0.00405,0.7549,6.07
228.45,15.11,50.024,18,13.3,2.47,1.23,0.79,2.87,2.45,0,None,0,0.0051,0.755,7.65
229.51,15.13,49.994,19.39,52,1.13,1.08,0.51,1.64,1.72,0,None,0,0.00228,0.755,3.42
230.64,14.9,50.025,17.38,26.7,3.01,1.51,0.69,3.44,3.66,0,None,0,0.00508,0.7551,7.63
231.74,14.84,50.028,19.53,0,1.74,1.7,0.69,2.53,2.06,0,None,0,0.00508,0.7552,7.62
229.78,14.64,50.005,19.71,47.1,3.34,0.65,0.78,3.49,4.04,0,None,0,0.00386,0.7553,5.8
229.88,15.41,49.978,18.5,0,3.04,0.71,0.85,3.23,3.18,0,None,0,0.0044,0.7554,6.59
231.03,14.57,50.013,19.04,0,1.94,1.74,1.05,2.81,2.83,0,None,0,0.00414,0.7555,6.21
228.31,14.52,50.015,20.48,0,1.57,1.27,0.48,2.07,2.29,0,None,0,0.0039,0.7556,5.86
232.41,14.99,50.02,18.48,57.5,2.12,0.75,0.97,2.44,2.53,0,None,0,0.00503,0.7557,7.54
228.68,14.54,50.026,18.01,6.6,1.89,1.59,0.63,2.55,3,0,None,0,0.00471,0.7558,7.07
227.12,14.89,49.959,20.01,0,1.76,1.34,0.33,2.23,2.45,0,None,0,0.00615,0.7559,9.23
230.02,15.39,49.985,20.37,65.5,1.01,2.08,0.44,2.35,2.15,0,None,0,0.00313,0.7559,4.69
232.55,15.14,49.943,18.77,0,1.69,1.11,0.72,2.14,2.65,0,None,0,0.00665,0.7561,9.98
230.88,15.12,50.022,19.55,0,1.33,1.64,0.78,2.26,2.05,0,None,0,0.00395,0.7562,5.93
231.13,14.8,49.994,19.79,0,2.33,0.62,0.35,2.44,2.82,0,None,0,0.00349,0.7562,5.24
230.06,14.88,50.013,18.09,14.9,2.59,1.76,0.41,3.16,3.78,0,None,0,0.00385,0.7563,5.77
229.77,14.96,49.956,18.27,6.7,2.44,1.58,0.47,2.95,3.37,0,None,0,0.00531,0.7564,7.96
227.68,14.6,50.042,19.61,61.7,2.21,1.84,0.38,2.9,2.93,0,None,0,0.00651,0.7565,9.77
226.61,15.11,49.964,19.95,9.7,1.49,1.64,0.13,2.22,2.75,0,None,0,0.00622,0.7567,9.33
230.29,14.41,50.023,19.02,0,2.12,1.16,0.05,2.42,2.33,0,None,0,0.00377,0.7567,5.66
231.97,15.4,50.004,17.84,0,2.48,0.73,0.5,2.63,3.01,0,None,0,0.00409,0.7568,6.14
230.52,14.78,49.994,20.11,0,1.65,0.96,0.66,2.02,2.5,0,None,0,0.00264,0.7569,3.96
230.94,14.75,49.992,18.06,0,2.07,0.5,0.76,2.26,1.99,0,None,0,0.00328,0.7569,4.92
232.38,15.01,49.981,18.19,108.4,1.91,0.83,0.26,2.1,2.37,0,None,0,0.00461,0.757,6.91
230.49,14.73,50.039,18.71,20.8,3,1.37,0.26,3.31,4.13,0,None,0,0.00557,0.7571,8.36
229.82,15.6,50,19.65,8.4,2.51,1.18,0.47,2.81,2.4,0,None,0,0.00295,0.7572,4.43
228.77,15.23,49.962,19.06,24.6,2.37,1.11,0.6,2.68,2.34,0,None,0,0.00539,0.7573,8.08
233.03,14.48,49.988,18.68,28.4,0.97,0.88,0.85,1.56,1.55,0,None,0,0.00412,0.7574,6.18
230.79,15.29,50.004,18.69,0,2.1,0.49,0.78,2.3,2.98,0,None,0,0.003,0.7575,4.51
228.58,15.17,50.027,18.33,0,1.91,1.27,0.51,2.35,2.14,0,None,0,0.00462,0.7575,6.93
228.24,19.84,49.982,18.71,24,10.47,6.53,2.8,12.66,12.18,0,Harmonic_Distortion,1,0.01471,0.7578,22.06
231.88,19.87,49.984,16.22,15.4,6.88,6.35,3.05,9.85,11.99,0,Harmonic_Distortion,1,0.01188,0.7581,17.82
228.44,19.77,50.001,17.98,0,5.46,3.64,2.54,7.04,6.09,0,Harmonic_Distortion,1,0.00809,0.7582,12.13
232.78,15.64,50.026,18.38,56.8,1.96,1.82,0.58,2.74,3.55,0,None,0,0.00586,0.7584,8.79
225.87,14.57,49.959,17.24,11.7,2.67,1.66,0.95,3.29,3.84,0,None,0,0.00804,0.7585,12.05
232.13,14.98,50.015,18.44,29.2,1.65,0.61,0.72,1.9,2.43,0,None,0,0.00405,0.7586,6.07
230.73,14.89,49.986,17.94,55.7,1.76,1.17,0.41,2.15,1.88,0,None,0,0.00332,0.7587,4.98
230.18,14.44,49.99,19.48,0,3.07,1.78,0.41,3.57,3.27,0,None,0,0.00417,0.7588,6.26
229.74,15.57,50.06,19.31,12.7,1.82,1.11,0.52,2.2,2.16,0,None,0,0.00537,0.7589,8.06
232.84,14.56,49.994,17.65,32.4,1.92,1.09,0.21,2.22,1.83,0,None,0,0.00437,0.7589,6.55
231.06,14.86,50.023,17.88,0,1.93,1.64,0.54,2.59,2.15,0,None,0,0.00441,0.759,6.62
247.8,7.72,50.022,17.92,0,1.19,1.59,0.56,2.07,2.59,1,None,0,0.01476,0.7593,22.14
227.42,14.68,49.965,17.59,5,2.34,1.57,0.72,2.91,2.39,0,None,0,0.00636,0.7595,9.55
176.27,14.93,49.945,18.08,0,1.61,1.1,0.75,2.09,2.45,0,Voltage_Sag,1,0.0399,0.7603,59.85
176.06,14.89,50.025,17.29,50,1.98,1.47,0.62,2.54,2.95,0,Voltage_Sag,1,0.03895,0.761,58.43
174.32,14.92,49.967,16.97,0,2.27,1.8,0.19,2.9,2.43,0,Voltage_Sag,1,0.04084,0.7618,61.26
176,14.74,49.95,18.34,0,3.17,1.18,0.29,3.39,3.03,0,Voltage_Sag,1,0.0411,0.7627,61.66
175.4,15.37,50.031,18.32,28.3,1.21,1.04,0.45,1.66,1.7,0,Voltage_Sag,1,0.0388,0.7634,58.2
176.07,15.28,49.969,17.15,15.4,2.52,1.69,0.76,3.13,3.51,0,Voltage_Sag,1,0.03983,0.7642,59.74
176.9,14.65,49.977,18.48,0,2.52,2.02,0.75,3.32,4.14,0,Voltage_Sag,1,0.03911,0.765,58.66
177.78,14.88,50.059,17.24,13.1,1.62,2.05,0.54,2.66,2.83,0,Voltage_Sag,1,0.03968,0.7658,59.52
177.11,15.09,49.95,17.92,31.6,2.36,1.05,1.19,2.84,3.61,0,Voltage_Sag,1,0.03983,0.7666,59.74
175.23,15,49.962,18.35,0,2.99,1.09,0.99,3.33,2.98,0,Voltage_Sag,1,0.04093,0.7674,61.4
176.49,15.2,49.986,17.64,56,1.54,0.79,0.91,1.96,2.17,0,Voltage_Sag,1,0.03754,0.7682,56.32
230.09,14.86,49.993,18.01,0,2.14,1.25,0.78,2.6,3.18,0,None,0,0.00302,0.7682,4.53
228,14.8,49.973,17.2,27.8,2.24,0.77,0.71,2.48,2.27,0,None,0,0.00512,0.7683,7.68
230.6,14.99,49.965,17.44,46.7,2.32,0.99,0.7,2.62,3.13,0,None,0,0.00474,0.7684,7.12
232.79,15.3,50.045,17.4,35.7,2.46,1.48,0.15,2.88,2.88,0,None,0,0.00696,0.7686,10.44
230.05,14.94,50.008,16.95,0,2.1,1.36,0.34,2.52,3.28,0,None,0,0.00295,0.7686,4.42
227.61,14.98,50.018,17.38,0,2.31,0.48,0.54,2.42,2.05,0,None,0,0.00486,0.7687,7.28
230.05,15,49.996,16.26,17.8,1.45,1.83,0.63,2.42,2.6,0,None,0,0.00265,0.7688,3.98
228.18,14.84,50.009,17.08,32.6,2.1,0.77,0.57,2.3,2.75,0,None,0,0.00393,0.7689,5.89
231.3,14.95,50.028,17.22,24.1,1.71,0.82,0.67,2.01,2.29,0,None,0,0.00426,0.769,6.38
230.79,14.6,49.97,17.22,41.6,1.26,0.7,0.07,1.45,1.52,0,None,0,0.00346,0.769,5.18
229.74,15.14,50.008,17.21,0,1.69,0.94,0.73,2.07,2.18,0,None,0,0.00263,0.7691,3.95
229.5,13.93,50.021,17.33,0,2.16,0.84,0.62,2.4,2.41,0,None,0,0.00377,0.7692,5.65
229.68,14.76,50.046,17.74,0,2.26,0.85,0.55,2.48,2.41,0,None,0,0.005,0.7693,7.51
230.01,15.14,50.058,18.03,0,1.24,0.21,0.83,1.51,1.65,0,None,0,0.00444,0.7693,6.66
228.84,14.49,50.002,16.79,40.6,1.44,1.25,0.34,1.94,2.27,0,None,0,0.0028,0.7694,4.19
227.92,14.84,50.034,16.32,0,2.43,1.29,0.54,2.81,2.64,0,None,0,0.00587,0.7695,8.81
231.71,14.93,49.92,16.43,104.3,2.3,2.1,0.67,3.19,4.06,0,None,0,0.00831,0.7697,12.46
229.42,14.66,50.047,16.85,7.7,2.53,1.39,0.39,2.92,2.87,0,None,0,0.00562,0.7698,8.43
230.25,15.03,49.978,16.93,0,2.82,1,0.1,2.99,3.05,0,None,0,0.00425,0.7699,6.37
230.43,14.79,49.993,16.57,0,2.32,0.72,0.31,2.45,2.47,0,None,0,0.00309,0.7699,4.64
230.48,14.1,50.013,16.13,0,1.75,1.16,0.58,2.18,1.87,0,None,0,0.00316,0.77,4.74
228.24,14.45,49.995,16.78,0,2.07,1.38,0.54,2.54,2.18,0,None,0,0.00392,0.7701,5.88
227.49,15.24,50.006,17.27,45.1,3,1,0.6,3.21,3.85,0,None,0,0.00515,0.7702,7.72
229.12,14.91,50.048,17.58,0,3.66,1.22,0.44,3.88,3.85,0,None,0,0.00684,0.7703,10.26
230.59,15.26,49.988,16.63,0,2.28,1.96,0.27,3.02,2.74,0,None,0,0.00398,0.7704,5.97
228.91,15.24,49.967,16.73,0,2.32,1.05,0.63,2.62,3.03,0,None,0,0.00497,0.7705,7.45
229.47,14.61,50.054,16.29,0,2.44,0.45,0.56,2.54,3.25,0,None,0,0.00561,0.7706,8.41
233.19,15.5,50.016,16.99,0,2.01,1.55,0.76,2.65,3.36,0,None,0,0.00552,0.7707,8.29
149.67,14.91,50.058,16.31,18,2.7,1.33,0.41,3.03,3.53,0,Voltage_Sag,1,0.0583,0.7719,87.46
150.75,14.48,50.026,17.43,0,2.6,0.52,0.09,2.66,2.38,0,Voltage_Sag,1,0.05564,0.773,83.45
153.37,14.49,49.96,15.52,0,2.21,1.37,0.05,2.6,2.28,0,Voltage_Sag,1,0.05456,0.7741,81.85
151.45,14.08,50.019,16.64,2.2,1.81,0.8,0.5,2.04,2.52,0,Voltage_Sag,1,0.05423,0.7752,81.35
150.8,15.24,49.97,17.15,0,1.09,1.38,0.63,1.86,2.39,0,Voltage_Sag,1,0.05499,0.7763,82.49
152.65,15.23,50,17.03,0,2.44,1.96,0.54,3.18,3.53,0,Voltage_Sag,1,0.05363,0.7774,80.45
151.55,14.55,49.998,19.02,0,2.13,1.13,0.46,2.45,3.07,0,Voltage_Sag,1,0.05373,0.7784,80.59
151.15,14.69,49.951,17.12,0,1.56,1.63,0.2,2.27,2.74,0,Voltage_Sag,1,0.05611,0.7795,84.17
151.69,14.76,49.976,16.02,2.9,1.32,0.71,0.13,1.51,1.32,0,Voltage_Sag,1,0.0538,0.7806,80.7
150.85,14.45,50.066,16.72,0,2.4,0.59,0.69,2.56,2.34,0,Voltage_Sag,1,0.05749,0.7818,86.24
150.49,14.14,50.007,15.36,0,1.04,2.01,0.54,2.32,1.94,0,Voltage_Sag,1,0.05454,0.7829,81.8
151.38,14.74,49.995,16.7,6.5,2.18,1.32,0.51,2.6,2.7,0,Voltage_Sag,1,0.05413,0.7839,81.2
150.5,14.88,50.054,16.07,26.1,2.51,1.45,0.21,2.91,2.8,0,Voltage_Sag,1,0.05747,0.7851,86.21
230.02,14.92,49.988,17.45,65.6,2.33,1.66,0.36,2.88,2.92,0,None,0,0.00349,0.7852,5.23
230.53,14.78,49.997,16.26,0,1.77,0.99,0.61,2.11,1.7,0,None,0,0.0026,0.7852,3.9
231.28,15.25,50.03,16.59,23.1,1.25,1.53,0.67,2.09,2.42,0,None,0,0.00441,0.7853,6.61
231.69,14.62,49.988,16.15,0,2.35,1.47,0.56,2.83,2.55,0,None,0,0.00453,0.7854,6.8
229.39,14.88,49.978,18.03,6.2,2.72,0.68,0.94,2.96,2.91,0,None,0,0.00448,0.7855,6.71
367.06,14.94,49.932,16.36,0,1.66,1.81,0.46,2.49,2.5,1,None,0,0.09526,0.7874,142.89
230.74,14.97,49.972,18.07,0,2.3,1.72,0.92,3.02,2.52,0,None,0,0.00491,0.7875,7.36
230.49,14.6,49.972,17.23,6.1,2.95,0.69,0.65,3.1,3.04,0,None,0,0.00484,0.7876,7.26
229.28,14.78,50.005,16.95,0,2.2,1.28,0.63,2.62,3.28,0,None,0,0.00333,0.7877,5
228.46,14.91,49.982,16.84,0,1.76,1.11,0.83,2.24,2.79,0,None,0,0.00416,0.7877,6.24
230.75,14.4,50.065,16.84,0,2.62,1.77,0.44,3.2,2.6,0,None,0,0.00692,0.7879,10.38
227.44,15.06,49.968,14.96,9.4,1.56,0.64,0.52,1.76,1.43,0,None,0,0.00502,0.788,7.52
229.6,15.24,50.042,16.26,24,1.22,2.64,0.29,2.92,3.21,0,None,0,0.00529,0.7881,7.93
226.17,14.68,50.007,17.14,34.1,2.49,1.13,0.83,2.86,2.58,0,None,0,0.00568,0.7882,8.53
226.17,14.68,50.024,16.41,0,1.76,1.5,0.68,2.41,3.01,1,None,0,0.00611,0.7883,9.17
228.68,14.9,50.022,15.31,11.4,1.81,1.75,0.87,2.67,2.78,0,None,0,0.00465,0.7884,6.97
231.65,14.71,49.933,16.37,38.5,1.62,1.12,0.65,2.08,2,0,None,0,0.00648,0.7885,9.72
231.03,15.12,50,17.76,46.6,1.72,1.15,0.88,2.25,2.87,0,None,0,0.00294,0.7886,4.4
229.17,14.82,49.992,17.38,0,2.84,1,0.41,3.04,2.92,0,None,0,0.00398,0.7887,5.96
231.09,14.28,49.966,16.31,0,3,0.85,0.85,3.23,3.1,0,None,0,0.00564,0.7888,8.46
231.33,14.92,50.014,17.1,7.6,3.08,1.31,0.5,3.38,2.93,0,None,0,0.00494,0.7889,7.41
229.76,14.37,50.051,16.03,0,2.65,1.15,0.6,2.95,2.69,0,None,0,0.00568,0.789,8.53
227.92,14.93,49.92,14.94,0,2.28,1,0.78,2.61,3.08,0,None,0,0.00797,0.7892,11.96
229.69,14.6,49.984,15.55,29.8,1.14,1.02,1.18,1.93,2.28,0,None,0,0.00294,0.7892,4.41
229.85,14.83,49.963,17.52,25.7,1.89,1.43,0.81,2.5,2.48,0,None,0,0.00447,0.7893,6.7
228.15,15.11,50.002,16.04,0,3.29,0.88,0.83,3.51,3.42,0,None,0,0.00482,0.7894,7.23
230.55,14.89,49.99,16.04,8.7,1.74,1.1,0.46,2.11,2.13,0,None,0,0.00296,0.7895,4.44
230.42,14.38,49.982,15.98,0,2.91,1.56,0.64,3.36,3.19,0,None,0,0.00454,0.7896,6.82
230.42,14.38,50.021,17.73,28.1,2.03,1.3,0.58,2.48,2.74,1,None,0,0.00379,0.7896,5.68
230.42,14.59,50.049,17.49,0,0.39,0.78,0.95,1.29,1.57,0,None,0,0.00402,0.7897,6.03
231.09,18.26,50.08,17.95,0,9.35,6.31,2.23,11.5,9.25,0,Harmonic_Distortion,1,0.01621,0.79,24.31
229.73,18.13,49.978,16.03,0,7.93,6.82,3.65,11.08,14.04,0,Harmonic_Distortion,1,0.01236,0.7903,18.54
230.3,17.71,49.945,16.38,0,6.03,7.16,2.99,9.83,8.44,0,Harmonic_Distortion,1,0.01276,0.7905,19.14
229.4,17.5,50.017,14.91,0,11.08,6.17,2.08,12.86,16.07,0,Harmonic_Distortion,1,0.01408,0.7908,21.13
229.12,18.31,50.048,17.29,26.3,9.09,6.38,2.08,11.3,10.36,0,Harmonic_Distortion,1,0.01429,0.7911,21.44
232.01,17.88,50.024,15.16,0,8.37,4.93,2.16,9.95,12.52,0,Harmonic_Distortion,1,0.01248,0.7914,18.71
226.93,19.12,50.048,16.25,63.7,10.18,5.77,1.66,11.82,14.11,0,Harmonic_Distortion,1,0.01623,0.7917,24.34
231.32,14.9,49.993,15.18,58.6,2.29,1.36,0.75,2.77,2.59,0,None,0,0.00396,0.7918,5.94
229.07,15.22,49.982,15.58,0,2.81,1.44,0.36,3.18,2.59,0,None,0,0.0047,0.7919,7.05
228.87,14.32,50.003,15.36,0,2.38,1.62,0.86,3.01,3.48,0,None,0,0.00391,0.7919,5.87
230.39,14.2,49.99,15.53,0,1.28,1.16,0.81,1.91,2.32,0,None,0,0.00266,0.792,4
227.77,14.34,50.02,15.57,0,2.13,0.64,0.45,2.27,2.58,0,None,0,0.00472,0.7921,7.08
228.78,15.35,50.029,15.55,80.1,2.36,1.47,0.74,2.88,2.85,0,None,0,0.00513,0.7922,7.7
228.73,15.26,50.031,16.64,0,0.88,1.26,0.84,1.75,1.51,0,None,0,0.00415,0.7923,6.23
229.67,18.79,50.015,15.07,14.4,6.16,4.73,1.92,8,7.79,0,Harmonic_Distortion,1,0.00898,0.7924,13.47
228.79,19.02,50.007,16.12,21.7,9.86,5.96,1.38,11.6,10.84,0,Harmonic_Distortion,1,0.01276,0.7927,19.13
232.4,18.69,50.024,16.9,0,8.56,4.34,1.68,9.75,11.32,0,Harmonic_Distortion,1,0.0125,0.793,18.76
206.76,18.35,49.941,19.64,0,10.97,6.96,1.82,13.12,11.54,0,Combined_Weather_Electrical,1,0.03122,0.7936,46.83
201.67,19.32,50.006,19.46,0,13.35,7.63,3.14,15.7,18.99,0,Combined_Weather_Electrical,1,0.03449,0.7943,51.73
205.09,19.15,50.002,23.1,0,13.05,8.86,3.62,16.18,17.9,0,Combined_Weather_Electrical,1,0.03251,0.7949,48.76
231.29,14.74,50.006,16.82,0,2.34,0.99,0.74,2.64,2.75,0,None,0,0.0038,0.795,5.7
230.81,14.37,49.997,16.02,21.8,2.65,0.59,0.18,2.72,2.67,0,None,0,0.00338,0.7951,5.07
229.01,15.49,50.013,15.42,82.2,1.33,1.61,0.47,2.14,2.25,0,None,0,0.00343,0.7951,5.15
229.63,14.58,49.983,16.22,5.9,1.1,1.1,0.31,1.58,1.69,0,None,0,0.00268,0.7952,4.02
187.52,14.81,50.034,21.85,0,6.23,2.58,0.82,6.79,6.23,0,Combined_Weather_Electrical,1,0.03619,0.7959,54.28
187.92,14.28,50.014,20.48,0,5.23,2.33,0.49,5.74,7.43,0,Combined_Weather_Electrical,1,0.03389,0.7966,50.84
186.95,14.65,50.005,23.55,0,5.8,2.21,0.21,6.21,7.79,0,Combined_Weather_Electrical,1,0.03451,0.7973,51.77
188.3,14.76,49.979,21.5,0,5.2,3.8,0.64,6.47,6.44,0,Combined_Weather_Electrical,1,0.03471,0.798,52.07
186.59,14.89,50.024,22.13,22,6.22,3.6,0.75,7.22,6.7,0,Combined_Weather_Electrical,1,0.03676,0.7987,55.13
188.19,14.83,50.006,19.79,20.7,4.07,3.05,0.36,5.1,4.86,0,Combined_Weather_Electrical,1,0.03268,0.7994,49.01
186.91,14.86,49.977,21.13,0,5.54,3.89,0.53,6.79,8.76,0,Combined_Weather_Electrical,1,0.03603,0.8001,54.05
188.69,14.51,49.998,24.4,18.6,5.89,3.47,0.37,6.84,6.87,0,Combined_Weather_Electrical,1,0.03387,0.8008,50.8
187.61,14.96,50.019,21.32,39.1,6.56,2.91,0.91,7.23,9.08,0,Combined_Weather_Electrical,1,0.03582,0.8015,53.73
188.8,15.04,50.017,20.67,48.7,5.93,3.09,0.49,6.71,5.56,0,Combined_Weather_Electrical,1,0.03441,0.8022,51.61
189.77,15.13,50.015,17.44,73.3,6.45,3.18,0.42,7.21,8.57,0,Combined_Weather_Electrical,1,0.03418,0.8028,51.26
190.39,20.03,50.003,20.39,0,11.01,7.04,3.3,13.48,15.92,0,Combined_Weather_Electrical,1,0.03945,0.8036,59.17
226.21,20.13,50.031,15.65,113,6.4,4.83,1.92,8.24,9.27,0,Harmonic_Distortion,1,0.01225,0.8039,18.38
228.75,19.44,50.037,14.94,0,7.77,4.57,2.09,9.25,7.96,0,Harmonic_Distortion,1,0.01192,0.8041,17.88
428.9,19.08,50.022,14.91,0,9.16,5.25,3.47,11.11,14.34,1,Harmonic_Distortion,1,0.14194,0.807,212.9
230.69,20.4,49.982,15.11,13.1,7.3,6.5,3.65,10.43,9.45,0,Harmonic_Distortion,1,0.01176,0.8072,17.64
227.52,20.39,49.968,15.87,0,9.82,6.35,1.65,11.81,13.64,0,Harmonic_Distortion,1,0.01501,0.8075,22.52
228.53,26.76,49.984,15.47,16,16.41,9.17,5.97,19.72,23.18,0,Harmonic_Distortion,1,0.02149,0.8079,32.24
230.2,26.21,50.059,13.82,0,18.03,10.8,5.47,21.72,25.63,0,Harmonic_Distortion,1,0.02478,0.8084,37.16
230.13,34.58,50.008,13.9,0,19.57,15.01,8.06,25.95,31.48,0,Harmonic_Distortion,1,0.02646,0.8089,39.69
230.57,36.06,50.064,15.11,51.4,20.58,12.35,7.32,25.09,32.48,0,Harmonic_Distortion,1,0.02865,0.8095,42.97
230.67,36.54,49.996,15.95,0,20.37,11.92,7.99,24.92,21.13,0,Harmonic_Distortion,1,0.02554,0.81,38.3
230.51,26.57,49.992,13.37,5.7,19.93,7.62,5,21.91,22.7,0,Harmonic_Distortion,1,0.02263,0.8105,33.95
230.29,19.19,49.998,15.16,19,8.13,4.1,3.59,9.78,12.6,0,Harmonic_Distortion,1,0.01009,0.8107,15.13
230.08,19.56,49.997,15.13,46.8,7.43,7.36,3.12,10.91,13.54,0,Harmonic_Distortion,1,0.0111,0.8109,16.66
231,19.28,49.977,16.65,0,6.68,6.53,1.66,9.49,12.29,0,Harmonic_Distortion,1,0.0113,0.8111,16.95
226.64,19.35,49.966,15.23,23.4,9.18,3.82,2.65,10.29,11.23,0,Harmonic_Distortion,1,0.0142,0.8114,21.3
232.32,18.97,50.015,15.83,0,11.39,4.8,3.71,12.91,14.67,0,Harmonic_Distortion,1,0.01517,0.8117,22.75
226.69,19.63,50.032,15.63,6.7,10.95,6.77,3.57,13.36,12.45,0,Harmonic_Distortion,1,0.0171,0.8121,25.64
228.38,19.14,50.073,13.8,42.4,10.6,3.98,2.5,11.59,11.93,0,Harmonic_Distortion,1,0.01632,0.8124,24.48
229.66,14.31,49.987,16.11,0,1.74,0.69,0.18,1.88,1.52,0,None,0,0.00275,0.8124,4.13
231.01,14.45,49.989,15.66,0,2.13,1.66,0.77,2.81,3.26,0,None,0,0.004,0.8125,6
225.51,14.59,49.977,15.89,0,2.03,2.2,0.81,3.1,3.92,0,None,0,0.00719,0.8127,10.79
229.96,15.13,50.034,18.61,0,2.54,0.57,0.26,2.62,2.24,0,None,0,0.00434,0.8128,6.5
231.19,14.79,50.024,13.8,53.2,1.71,1.76,0.87,2.61,2.68,0,None,0,0.00461,0.8128,6.91
231.49,14.69,49.974,16.84,0,1.27,1.01,0.55,1.71,1.91,0,None,0,0.004,0.8129,6
228.95,14.29,49.973,15.22,0,2.22,1.07,0.34,2.48,2.77,0,None,0,0.00452,0.813,6.78
229.55,14.92,50.029,15.67,0,1.71,1.31,0.46,2.2,2.1,0,None,0,0.00393,0.8131,5.89
229.08,14.47,50.011,15.4,0,2.47,0.72,0.29,2.59,2.1,0,None,0,0.00377,0.8132,5.65
229.41,14.62,50.023,15.09,0,2,1.19,0.45,2.37,2.95,0,None,0,0.00389,0.8132,5.84
228.45,15.15,49.974,14.96,15.6,2.39,0.56,0.13,2.46,2.08,0,None,0,0.00479,0.8133,7.19
228.67,14.84,49.944,15.68,0,1.39,1.39,0.58,2.05,1.82,0,None,0,0.00574,0.8135,8.61
230.65,14.3,49.974,14.19,44.5,2.09,2.09,0.75,3.05,3.91,0,None,0,0.00479,0.8136,7.18
230.2,14.17,50.021,16,0,1.58,0.94,0.26,1.86,1.95,0,None,0,0.00302,0.8136,4.53
162.33,14.63,50.063,15.06,0,1.27,1.13,0.6,1.8,2.23,0,Voltage_Sag,1,0.0491,0.8146,73.66
162.04,14.26,49.987,14.48,0,1.48,1.15,0.4,1.92,2.4,0,Voltage_Sag,1,0.04689,0.8155,70.33
162.55,14.97,50.068,15.02,14,1.67,1.59,0.77,2.44,3.15,0,Voltage_Sag,1,0.04984,0.8165,74.75
162.74,14.86,50.025,16.38,14.2,2.75,1.36,0.02,3.07,2.52,0,Voltage_Sag,1,0.04818,0.8175,72.27
159.97,14.75,49.958,14.94,6.1,1.66,1.57,0.78,2.41,1.99,0,Voltage_Sag,1,0.05017,0.8185,75.26
160.91,14.56,50.006,15.65,10.2,1.24,1,0.15,1.6,1.43,0,Voltage_Sag,1,0.04698,0.8194,70.46
161.57,15.16,50.026,14.77,0,2.08,1.37,0.55,2.55,2.88,0,Voltage_Sag,1,0.04848,0.8204,72.72
161.79,15.64,49.927,15.96,9.8,2.02,0.15,0.42,2.07,1.92,0,Voltage_Sag,1,0.05019,0.8214,75.29
161.1,14.61,50.019,15.89,0,1.7,1.47,0.51,2.31,2.42,0,Voltage_Sag,1,0.04821,0.8224,72.31
231.37,14.85,50.035,16.82,0,1.9,0.71,0.22,2.04,2.44,0,None,0,0.0047,0.8225,7.04
232.97,14.69,50.012,15.19,0,2.59,1.07,1.02,2.98,2.66,0,None,0,0.00551,0.8226,8.27
230.28,14.62,49.998,15.86,0,2.4,1.5,0.28,2.84,2.68,0,None,0,0.00312,0.8226,4.68
230.13,14.42,49.995,15.4,0,2.35,0.59,0.3,2.44,2.84,0,None,0,0.00278,0.8227,4.17
231.27,14.47,49.993,16.36,18.7,1.29,1.64,1.05,2.33,1.87,0,None,0,0.00351,0.8228,5.27
227.2,14.51,49.965,14.74,52.4,3.73,1.15,0.68,3.96,4.67,0,None,0,0.00755,0.8229,11.33
230.04,15,49.979,15.91,46.8,2.63,1.78,0.29,3.19,3.63,0,None,0,0.00425,0.823,6.37
231.47,14.5,49.988,15.15,0,2.31,0.84,0.57,2.52,2.18,0,None,0,0.00411,0.8231,6.16
229.04,14.1,50.003,15.25,51.6,1.3,0.47,0.54,1.49,1.37,0,None,0,0.00229,0.8231,3.43
154.54,14.8,49.983,15.37,0,2.57,1.19,0.18,2.84,2.29,0,Voltage_Sag,1,0.05288,0.8242,79.33
155.6,14.76,49.974,15.5,11.1,1.7,1.43,0.41,2.26,2.47,0,Voltage_Sag,1,0.05209,0.8252,78.13
155.72,15.06,50.023,15.2,0,1.88,1.47,0.59,2.46,2.46,0,Voltage_Sag,1,0.05204,0.8263,78.06
154.86,14.81,50.011,15.46,2.6,0.99,0.75,0.92,1.54,1.56,0,Voltage_Sag,1,0.0511,0.8273,76.65
157.92,14.33,49.984,16.55,5.8,1.26,0.55,0.55,1.48,1.26,0,Voltage_Sag,1,0.0493,0.8283,73.95
155.3,14.03,50.015,16.07,0,2.26,1.08,0.57,2.57,2.51,0,Voltage_Sag,1,0.05205,0.8293,78.07
154.61,14.58,49.986,15.97,11.3,2.6,1.41,0.4,2.99,3.76,0,Voltage_Sag,1,0.05283,0.8304,79.25
155.69,14.67,50.002,14.91,24.9,2.41,1.39,0.87,2.92,2.43,0,Voltage_Sag,1,0.05147,0.8314,77.21
231.36,14.91,50.029,14.56,0,2.39,1.83,0.83,3.12,4.02,0,None,0,0.00547,0.8315,8.21
230.03,14.92,49.982,16.03,54.4,1.96,1.05,0.8,2.36,2.89,0,None,0,0.00329,0.8316,4.93
230.73,15.04,49.965,15.97,0,1.76,0.46,0.63,1.92,1.73,0,None,0,0.00415,0.8317,6.23
228.69,14.46,49.996,16.44,34,2.17,1.68,0.2,2.75,3.17,0,None,0,0.00382,0.8317,5.74
232.23,14.93,49.959,14.78,0,2.49,1.28,0.87,2.93,2.48,0,None,0,0.00643,0.8319,9.65
230.84,15.26,49.992,15.08,96.8,2,1.31,0.61,2.47,2.18,0,None,0,0.00344,0.8319,5.16
231.57,14.23,49.992,13.95,59.8,2.73,1.51,0.52,3.16,3.3,0,None,0,0.0046,0.832,6.91
230.55,15.04,49.926,14.94,0,1.87,1.71,0.71,2.63,2.63,0,None,0,0.00668,0.8322,10.02
231.24,14.73,50.016,16.05,0,1.41,1.19,0.66,1.96,2.37,0,None,0,0.00356,0.8322,5.34
228.69,14.81,49.995,14.88,11.5,1.99,1.67,0.33,2.62,3.33,0,None,0,0.00375,0.8323,5.63
229.26,14.43,50.035,15.76,0,2.06,1.42,0.52,2.56,3.25,0,None,0,0.00481,0.8324,7.22
232.02,15.11,50.006,15.1,17.8,1.95,0.94,0.12,2.17,1.89,0,None,0,0.00381,0.8325,5.71
232.34,14.39,50.022,15.51,16.5,2.77,1.11,0.62,3.05,3.48,0,None,0,0.00567,0.8326,8.51
228.28,14.87,50.036,14.33,0,2.48,1.45,0.93,3.02,3.28,0,None,0,0.00593,0.8327,8.89
230.37,15.09,49.996,15.32,44.8,1.14,0.92,0.15,1.47,1.45,0,None,0,0.00191,0.8328,2.87
229.35,14.38,50,12.86,32.2,2.92,1.55,0.63,3.37,4.37,0,None,0,0.00379,0.8328,5.69
228.95,15.41,49.953,15.1,39,0.36,1.26,0.77,1.52,1.56,0,None,0,0.00456,0.8329,6.84
230.43,14.67,50.037,13.94,0,3.29,1.35,0.8,3.65,4.13,0,None,0,0.00579,0.833,8.68
231.71,14.91,49.996,16.21,0,1.83,1.78,0.41,2.58,2.71,0,None,0,0.00392,0.8331,5.87
230.68,14.39,49.97,15.87,39.1,1.89,1.34,0.32,2.34,1.99,0,None,0,0.00429,0.8332,6.43
229.52,15.32,50.022,15.62,0,1.96,1.23,0.45,2.36,2.05,0,None,0,0.00378,0.8333,5.67
230.77,14.36,49.935,16.47,0,2.23,1.17,0.9,2.67,3.14,0,None,0,0.00645,0.8334,9.67
229.46,15.15,49.987,14.49,54.1,2,1.15,0.17,2.31,2.78,0,None,0,0.00331,0.8335,4.96
230.62,14.77,50.027,16.65,84,1.92,1.32,0.3,2.35,2.31,0,None,0,0.00412,0.8336,6.18
151.32,14.51,49.987,16,0,2.79,1.75,0.49,3.32,2.77,0,Voltage_Sag,1,0.05529,0.8347,82.94
147.92,15.24,49.978,15.06,18.2,2.34,0.96,0.36,2.55,3.26,0,Voltage_Sag,1,0.05716,0.8358,85.73
150.74,15.02,49.988,16.16,0,1.42,0.93,0.59,1.8,1.89,0,Voltage_Sag,1,0.05412,0.8369,81.18
148.45,14.24,49.94,14.37,0,2.44,1.71,0.95,3.13,2.72,0,Voltage_Sag,1,0.05933,0.8381,89
151.16,14.96,50.021,14.6,0,2.31,0.97,0.3,2.53,2.27,0,Voltage_Sag,1,0.05502,0.8392,82.53
149.33,15.21,49.996,14.77,13.8,1.67,1.29,0.56,2.18,1.8,0,Voltage_Sag,1,0.05498,0.8403,82.47
148.76,14.36,49.992,14.84,0,2.48,0.96,0.6,2.72,3.14,0,Voltage_Sag,1,0.05611,0.8414,84.17
150.64,19.81,49.992,14.42,6.2,9.04,4.32,2.93,10.44,12.03,0,Voltage_Sag,1,0.0626,0.8426,93.9
150.31,18.58,50,16.24,0,6.66,4.39,2.35,8.32,9.16,0,Voltage_Sag,1,0.06031,0.8438,90.47
228.5,18.83,50.02,15.06,0,6.19,6.06,2.76,9.09,9.76,0,Harmonic_Distortion,1,0.01105,0.8441,16.58
228.12,19.51,49.998,15.55,41.2,7.22,4.7,1.78,8.79,8.71,0,Harmonic_Distortion,1,0.0101,0.8443,15.15
229.72,18.73,49.959,14.82,0,8.42,3.54,1.8,9.31,11.87,0,Harmonic_Distortion,1,0.01154,0.8445,17.31
228.19,19.1,50.017,13.82,0,8.08,6.89,3.57,11.2,13.44,0,Harmonic_Distortion,1,0.01324,0.8448,19.86
228.41,19.44,50.015,15.49,45.3,10.4,5.04,3.08,11.96,15,0,Harmonic_Distortion,1,0.01375,0.845,20.62
230.17,19.25,50.006,13.75,63.9,6.73,2.95,3.08,7.97,7.62,0,Harmonic_Distortion,1,0.00839,0.8452,12.59
228.55,19.55,50.032,15.23,25.8,9.16,5.85,2.22,11.09,14.3,0,Harmonic_Distortion,1,0.01365,0.8455,20.48
230.64,18.93,50.001,14.19,0,6.75,6.62,2.39,9.75,8.61,0,Harmonic_Distortion,1,0.01022,0.8457,15.33
183.45,19.29,50.033,16.88,0,5.32,6.71,2.39,8.89,7.36,0,Harmonic_Distortion,1,0.04091,0.8465,61.37
181.51,19.59,50.042,16.02,0,9.45,6.3,2.78,11.7,11.23,0,Harmonic_Distortion,1,0.04543,0.8474,68.15
181.84,19.47,50.017,15.38,4.6,8,5.54,2.08,9.95,8.96,0,Harmonic_Distortion,1,0.04223,0.8483,63.35
184.08,19.47,49.978,16.31,0,10.35,6.68,3.1,12.7,13.45,0,Harmonic_Distortion,1,0.04377,0.8491,65.66
180.28,14.4,49.996,14.63,10.4,1.54,0.69,0.69,1.82,1.78,0,Voltage_Sag,1,0.03444,0.8498,51.66
183.1,14.84,50.037,15.75,0,2.08,1.85,0.72,2.88,2.55,0,Voltage_Sag,1,0.03532,0.8505,52.98
182.96,14.41,49.955,15.47,0,1.46,1.71,0.65,2.34,2.86,0,Voltage_Sag,1,0.03526,0.8512,52.9
182.7,14.29,49.988,15.53,0,1.26,1.05,0.55,1.73,1.82,0,Voltage_Sag,1,0.03316,0.8519,49.75
183.22,14.7,49.99,16.34,0,2.31,1.47,0.57,2.8,2.39,0,Voltage_Sag,1,0.03382,0.8526,50.74
182.02,16.67,49.974,15.92,0,10.91,6.13,2.17,12.7,10.64,0,Voltage_Sag,1,0.04529,0.8535,67.93
229.13,17.59,50.026,15.57,75.6,10.81,4.69,2.1,11.97,11.87,0,Harmonic_Distortion,1,0.01385,0.8538,20.78
231.64,17.2,50.011,14.02,9.5,6.17,4.95,2.27,8.22,10.31,0,Harmonic_Distortion,1,0.00986,0.854,14.79
178.48,16.25,49.979,14.58,0,11.06,6.47,2.63,13.08,13.79,0,Voltage_Sag,1,0.04775,0.8549,71.62
178.45,16.7,50.018,15.25,4,11.04,6.19,1.72,12.78,11.11,0,Voltage_Sag,1,0.0473,0.8559,70.96
177.22,16.45,49.995,15.43,0,7.93,3.99,4.03,9.75,9,0,Voltage_Sag,1,0.0444,0.8567,66.61
176.35,16.8,49.973,14.46,6,6.56,5.48,2.91,9.03,7.45,0,Voltage_Sag,1,0.04536,0.8577,68.04
177.39,17.33,49.979,17.3,10.7,8.83,3.65,3.49,10.17,12.37,0,Voltage_Sag,1,0.04555,0.8586,68.33
178.26,17.16,50.013,16.59,22.2,6.86,7.54,2.87,10.59,13.48,0,Voltage_Sag,1,0.04498,0.8595,67.48
231.54,14.52,50.028,15.86,0,1.95,1.31,0.78,2.48,2.08,0,None,0,0.00489,0.8596,7.33
490.77,15.32,49.985,15.44,65.6,2.11,1.21,0.31,2.45,2.17,1,None,0,0.17325,0.863,259.87
230.47,14.11,50.016,15.22,36.3,1.51,0.68,0.52,1.74,1.54,0,None,0,0.00286,0.8631,4.29
228.04,15,50.047,14.64,0,2.07,0.52,0.36,2.17,2.6,0,None,0,0.00582,0.8632,8.73
231.48,14.86,49.962,15.47,88.4,2.07,0.95,0.78,2.41,2.94,0,None,0,0.00526,0.8633,7.89
228.83,14.71,50.011,15.62,13.1,1.29,1.34,0.39,1.91,1.92,0,None,0,0.00321,0.8634,4.81
231.18,14.46,50.025,14.43,0,2.39,0.97,0.88,2.72,3.49,0,None,0,0.00473,0.8635,7.1
228.28,15.41,49.997,15.7,66.1,0.98,1.56,0.58,1.93,1.79,0,None,0,0.0032,0.8635,4.8
231.55,14.63,50.037,15.31,83.1,2.11,0.82,0.79,2.4,2.55,0,None,0,0.00527,0.8636,7.9
230.48,14.6,50.066,13.92,0,3.06,0.99,0.7,3.29,4.27,0,None,0,0.0069,0.8638,10.36
228.83,14.8,50.01,14.76,0,2.41,1.48,0.86,2.96,3.59,0,None,0,0.00424,0.8639,6.35
231.04,14.17,49.993,15.13,0,2.4,1.05,0.37,2.65,2.76,0,None,0,0.00368,0.8639,5.51
229.11,14.59,50.029,16.98,28.6,1.46,1.07,0.83,1.99,1.7,0,None,0,0.00403,0.864,6.05
231.12,14.86,50.025,15.92,51.1,3.06,0.94,0.13,3.21,4.01,0,None,0,0.0052,0.8641,7.8
229.59,14.45,49.924,14.41,22.8,2.83,0.87,0.61,3.02,3.23,0,None,0,0.00707,0.8643,10.6
227.42,14.45,50,15.88,0,1.49,1.34,0.46,2.06,1.97,0,None,0,0.00375,0.8643,5.62
228.53,14.75,49.988,14.26,59.9,1.72,1.39,0.25,2.22,2.28,0,None,0,0.00378,0.8644,5.67
229.35,14.91,50.012,16.37,0,2.75,1.29,0.38,3.06,2.93,0,None,0,0.00408,0.8645,6.12
232.05,14.72,49.994,15.14,41.2,3.08,0.95,0.44,3.25,3.5,0,None,0,0.00488,0.8646,7.32
231.35,15,49.997,15.45,0,1.24,1.12,0.55,1.76,1.65,0,None,0,0.00277,0.8646,4.15
232.44,14.5,49.974,16.6,17.2,1.4,1.84,0.47,2.36,2.41,0,None,0,0.00524,0.8647,7.86
232.48,14.25,50.022,14.52,0,1.91,0.63,0.62,2.11,2.14,0,None,0,0.00483,0.8648,7.24
229.2,15.2,50.05,14.44,0,0.7,1.95,0.39,2.11,2.34,0,None,0,0.00512,0.8649,7.68
229.72,14.46,49.975,15.1,0,2.01,1.24,0.48,2.41,1.95,0,None,0,0.00387,0.865,5.8
229.38,14.54,49.958,16.4,53.8,2.71,1.13,0.53,2.98,3.28,0,None,0,0.00548,0.8651,8.22
228.99,14.1,50.001,14.37,0,1.14,1.58,0.65,2.05,2.25,0,None,0,0.00274,0.8652,4.11
227.24,14.89,49.999,13.33,0,2.08,0.37,0.81,2.26,2.25,0,None,0,0.0041,0.8653,6.16
229.98,14.9,50.035,15.24,84.8,1.65,1.75,0.81,2.54,2.35,0,None,0,0.00431,0.8654,6.47
228.07,14.78,49.963,16.06,39.1,2.98,1.94,0.66,3.62,4.42,0,None,0,0.00672,0.8655,10.08
229.95,14.68,49.984,16.59,0,1.66,1.64,0.71,2.43,2.37,0,None,0,0.00327,0.8656,4.91
233.17,14.97,49.936,15.27,0,2.91,0.36,0.68,3.01,2.88,0,None,0,0.0083,0.8657,12.45
229.24,14.61,50.041,15.32,0,1.64,1.51,0.52,2.29,2.36,0,None,0,0.00485,0.8658,7.27
230.29,15.43,50.008,16.58,0,2.46,1.86,0.83,3.19,3,0,None,0,0.00376,0.8659,5.64
231.36,14.65,49.986,14.17,0,2.15,1.82,0.37,2.84,3.45,0,None,0,0.00442,0.866,6.63
230.42,14.99,49.96,15.37,0,1.92,0.64,0.09,2.02,2.19,0,None,0,0.00428,0.8661,6.42
230.44,14.93,49.963,15.84,0,1.53,1.61,0.34,2.24,2.64,0,None,0,0.00437,0.8662,6.56
229.46,14.69,50.012,16.06,0,2.19,1.92,0.95,3.07,3.59,0,None,0,0.00404,0.8662,6.06
238.53,18.55,49.967,15.31,0,1.74,1.21,0.53,2.18,2.6,1,None,0,0.0094,0.8664,14.1
228.56,14.79,50.003,15.75,0,1.59,0.62,0.67,1.83,2.26,0,None,0,0.00292,0.8665,4.39
231.27,14.74,50.061,13.75,0,2.88,1.53,0.53,3.31,4.17,0,None,0,0.0072,0.8666,10.8
227.39,14.73,49.99,15.22,60.1,2.33,1.62,0.74,2.93,2.91,0,None,0,0.00516,0.8667,7.74
231.46,14.98,49.971,16.13,56.5,2.39,1.14,0.62,2.72,2.78,0,None,0,0.00511,0.8668,7.66
227.89,15.15,50.011,14.99,31.4,1.77,0.72,0.58,1.99,1.65,0,None,0,0.00394,0.8669,5.91
231.44,15.31,49.963,15.84,0,1.89,1.59,0.75,2.58,3.26,0,None,0,0.00536,0.867,8.04
229.47,19.35,50.052,16.16,79.4,7.08,4.42,1.69,8.52,9.31,0,Harmonic_Distortion,1,0.01144,0.8672,17.16
228.15,19.29,50.042,15.54,0,8.03,4.98,2.65,9.81,11.35,0,Harmonic_Distortion,1,0.01312,0.8675,19.69
230.87,18.37,49.995,15.96,0,6.66,4.3,3.16,8.54,8.69,0,Harmonic_Distortion,1,0.00935,0.8677,14.03
231.39,18.82,49.973,15.07,0,6.53,2.71,2.36,7.46,7.73,0,Harmonic_Distortion,1,0.00971,0.8679,14.57
229.34,19.56,49.987,15.69,90.2,9.94,7.03,2.64,12.45,13.34,0,Harmonic_Distortion,1,0.01352,0.8682,20.28
231.08,18.3,49.991,16.35,0,6.99,4.68,2.9,8.89,10.65,0,Harmonic_Distortion,1,0.01004,0.8684,15.06
226.57,18.43,50.012,16.01,0,6.3,3.57,2.89,7.79,8.62,0,Harmonic_Distortion,1,0.01061,0.8686,15.91
228.02,19.24,50.031,15.42,0,8.13,4.21,3.09,9.66,11.65,0,Harmonic_Distortion,1,0.01251,0.8688,18.77
231.94,14.56,49.969,16.09,37.8,0.72,0.89,0.18,1.16,1.05,0,None,0,0.00398,0.8689,5.97
229.66,14.47,50.03,16.49,38.1,2.18,0.73,0.82,2.44,2.2,0,None,0,0.00418,0.869,6.26
227.21,15.2,50.019,14.3,31.6,1.5,0.49,0.16,1.59,1.43,0,None,0,0.00434,0.8691,6.5
228.95,20.12,49.985,16.88,0,9.92,4.99,2.63,11.41,9.16,0,Harmonic_Distortion,1,0.01286,0.8693,19.28
228.61,19.73,49.967,15.69,0,5.92,5.08,2.18,8.1,7.2,0,Harmonic_Distortion,1,0.01063,0.8695,15.95
229.75,19.59,50.003,16.32,0,10.55,6.35,3.07,12.69,10.9,0,Harmonic_Distortion,1,0.01302,0.8698,19.53
229.44,19.47,49.968,16.95,0,10.03,4.67,2.45,11.33,11.64,0,Harmonic_Distortion,1,0.01329,0.8701,19.93
230.27,19.62,50.031,14.91,0,11.72,4.14,1.25,12.49,10.79,0,Harmonic_Distortion,1,0.0142,0.8704,21.31
229.9,20.18,49.966,15.46,0,9.14,3.77,2.91,10.31,10.39,0,Harmonic_Distortion,1,0.01206,0.8706,18.09
232.04,14.76,50.016,15.81,0,2.81,1.33,0.79,3.21,4.17,0,None,0,0.00536,0.8707,8.04
230.64,15.32,49.998,15.43,0,2.01,1.11,0.73,2.41,2.53,0,None,0,0.00295,0.8708,4.42
230.69,14.5,49.983,17.46,0,2.49,1.32,0.44,2.86,3.6,0,None,0,0.00414,0.8708,6.22
231.75,14.74,49.997,15.4,18.7,2.05,0.82,0.8,2.35,2.71,0,None,0,0.00365,0.8709,5.47
229.42,14.57,50.032,15.66,0,2.88,1.62,0.28,3.32,4.14,0,None,0,0.00532,0.871,7.98
228.11,14.39,49.964,16.28,0,1.96,1.72,0.04,2.6,2.9,0,None,0,0.00563,0.8711,8.44
231.81,14.64,49.988,15.17,7.3,1.16,1.5,0.21,1.91,2.3,0,None,0,0.00371,0.8712,5.57
230.2,14.82,49.977,15.83,0,0.8,1.05,0.37,1.37,1.31,0,None,0,0.00263,0.8713,3.95
230.21,14.88,49.999,16.42,0,3,1.22,0.41,3.27,3.22,0,None,0,0.00346,0.8713,5.19
229.05,15.37,49.979,15.91,6,2.29,1.83,0.49,2.97,3.8,0,None,0,0.00462,0.8714,6.92
229.07,14.85,49.947,16.12,0,2.33,1.71,0.5,2.93,2.74,0,None,0,0.00619,0.8715,9.28
231.27,15.19,49.968,15.79,39.8,2.89,2,0.44,3.54,3.58,0,None,0,0.00595,0.8717,8.93
153.29,14.67,50.049,15.02,0,1.01,0.89,0.07,1.35,1.51,0,Voltage_Sag,1,0.05383,0.8727,80.75
153.09,15.23,50.007,16.5,0,1.78,0.85,0.65,2.08,2.07,0,Voltage_Sag,1,0.05261,0.8738,78.92
153.1,15.69,50.006,17.67,13.5,1.86,1.25,0.53,2.3,1.87,0,Voltage_Sag,1,0.05278,0.8748,79.17
152.87,15.02,49.992,16.3,10.8,2.45,1.36,0.43,2.83,3.39,0,Voltage_Sag,1,0.05355,0.8759,80.33
152.44,14.43,49.998,16.48,0,1.58,1.14,0.95,2.17,2.1,0,Voltage_Sag,1,0.05283,0.877,79.25
152.14,14.58,49.987,16.87,0,1.28,1.04,0.54,1.74,1.59,0,Voltage_Sag,1,0.05316,0.878,79.74
121.43,14.9,50.016,15.32,3.4,1.27,1.71,0.61,2.22,2.33,0,Voltage_Sag,1,0.07381,0.8795,110.72
120.19,15.03,50.003,17.71,2.4,2.69,1.16,0.8,3.04,2.44,0,Voltage_Sag,1,0.0748,0.881,112.21
120.77,14.94,49.965,16.53,0,1.55,0.71,0.23,1.73,2.13,0,Voltage_Sag,1,0.07472,0.8825,112.08
119.85,14.92,50.008,17.69,0,1.67,0.76,0.59,1.93,1.79,0,Voltage_Sag,1,0.07414,0.884,111.22
119.96,14.69,49.926,15.82,0,2.38,1.3,0.8,2.83,3.57,0,Voltage_Sag,1,0.07828,0.8856,117.42
152.07,14.63,50.012,17.88,1.8,1.58,2.4,0.58,2.93,3.34,0,Voltage_Sag,1,0.05437,0.8866,81.56
228.79,14.87,49.958,17.06,0,0.98,0.81,0.27,1.3,1.39,0,None,0,0.0042,0.8867,6.3
231.2,15.48,49.997,16.9,45.4,1.05,1.07,0.48,1.58,1.9,0,None,0,0.0025,0.8868,3.75
227.98,0,49.964,16.66,14.4,1.97,2.16,0.65,2.99,3.88,1,None,0,0.0061,0.8869,9.16
230.15,15.09,50,16.3,53.4,2.3,1.01,0.07,2.51,2.32,0,None,0,0.00261,0.887,3.92
230.2,15.08,50.017,17.48,0,1.88,1.38,0.26,2.35,2.29,0,None,0,0.00334,0.887,5.02
227.28,14.8,50.045,16.65,45.5,2.26,1.95,1.09,3.18,3.31,0,None,0,0.0072,0.8872,10.81
229.34,14.5,49.954,14.98,0,1.03,0.82,0.72,1.5,1.61,0,None,0,0.00425,0.8872,6.37
230.38,14.58,50.029,15.68,31.1,1.07,1.08,0.97,1.8,1.94,0,None,0,0.00352,0.8873,5.27
230.64,14.68,50.004,16.44,0,3.35,1.01,0.82,3.59,3.86,0,None,0,0.00421,0.8874,6.32
229.69,14.65,49.986,16.86,9.4,2.74,0.59,0.7,2.89,3.51,0,None,0,0.00376,0.8875,5.65
231.02,15.09,50.023,16.59,0,2.46,1.83,0.52,3.11,3.12,0,None,0,0.00491,0.8876,7.37
229.84,14.64,49.993,17.63,0,1.6,0.97,0.7,2,1.61,0,None,0,0.00246,0.8876,3.69
230.02,14.49,50.022,15.11,17.6,1.86,0.85,0.96,2.26,2.79,0,None,0,0.00335,0.8877,5.02
230.38,15.32,49.97,16.81,0,2,1.02,0.81,2.39,2.7,0,None,0,0.00412,0.8878,6.18
231.39,14.53,49.981,15.26,0,2.79,1.57,0.64,3.26,2.92,0,None,0,0.00512,0.8879,7.68
228.99,14.95,50.028,17.34,33.8,2.24,1.25,0.56,2.62,2.14,0,None,0,0.0047,0.888,7.05
229.27,14.87,50.045,16.68,0,2.32,0.88,0.72,2.58,2.47,0,None,0,0.00529,0.8881,7.93
229,14.41,49.999,17.11,0,1.9,1.36,0.47,2.38,2.06,0,None,0,0.00309,0.8881,4.64
229.5,15.08,49.916,16.1,0,2.48,1.53,0.72,3,3.74,0,None,0,0.0075,0.8883,11.25
232.14,15.4,49.994,17.84,105.5,2.18,1.19,0.43,2.52,2.37,0,None,0,0.00422,0.8884,6.32
230.86,15.44,50.001,17.67,46.1,2.03,1.11,0.51,2.36,2.73,0,None,0,0.00297,0.8884,4.46
228.3,14.75,49.993,17.32,46.5,1.55,1.61,0.34,2.26,2.55,0,None,0,0.00372,0.8885,5.58
229.1,14.84,50.01,16.77,17.4,1.93,1.13,0.49,2.29,2.65,0,None,0,0.00338,0.8886,5.07
230.56,14.81,49.986,17.36,6.7,1.35,1.84,0.43,2.33,2.48,0,None,0,0.00341,0.8886,5.11
228.64,14.8,50.025,16.35,0,1.98,0.9,1.02,2.4,2.79,0,None,0,0.00454,0.8887,6.82
228.91,14.34,49.965,17.62,0,2.05,0.89,0.38,2.27,2.4,0,None,0,0.00473,0.8888,7.09
232.02,14.85,50.037,18.28,0,0.56,0.84,0.7,1.22,1.21,0,None,0,0.0044,0.8889,6.59
229.08,14.36,50.047,17.84,0,1.86,1.1,0.36,2.2,2.7,0,None,0,0.00512,0.889,7.68
231.43,14.83,49.973,16.42,0,1.29,1.2,0.61,1.87,1.92,0,None,0,0.00417,0.8891,6.26
231.88,14.13,49.973,17.32,0,2.3,0.67,0.67,2.49,2.7,0,None,0,0.00509,0.8892,7.63
228.9,14.15,50.012,16.01,0,2.38,1.24,0.14,2.69,2.78,0,None,0,0.00402,0.8893,6.03
228.67,15.15,49.964,17.53,32.8,1.74,1.43,0.25,2.27,2.69,0,None,0,0.00492,0.8894,7.38
229.59,14.79,49.985,17.45,44.3,2.33,0.61,0.36,2.44,2.61,0,None,0,0.00344,0.8894,5.17
228.37,14.45,50.033,15.62,16.6,2.35,0.99,0.27,2.57,2.66,0,None,0,0.00529,0.8896,7.93
230.18,15.09,50.022,16.21,0,1.86,1.43,0.62,2.43,2.25,0,None,0,0.00365,0.8896,5.48
229.69,14.85,50.059,16.93,0,2.92,0.76,0.66,3.09,3.88,0,None,0,0.00626,0.8898,9.39
230.54,15.01,50.005,16.94,0,1.56,1.07,0.33,1.93,2.37,0,None,0,0.00254,0.8898,3.8
232.1,14.66,49.982,16.24,0,2.88,1.64,0.63,3.37,3.43,0,None,0,0.00566,0.8899,8.49
231.23,15.58,50.002,17.54,0,1.86,1.92,0.49,2.72,3.07,0,None,0,0.0036,0.89,5.4
230.73,14.59,49.995,17.45,0,1.49,1.38,0.58,2.11,2.23,0,None,0,0.00282,0.89,4.22
227.05,19.01,49.996,17.12,0,10.62,5.26,2.39,12.09,10.74,0,Harmonic_Distortion,1,0.01422,0.8903,21.33
230.67,18.38,49.999,16.69,13.6,7.8,4.32,3.51,9.58,9.46,0,Harmonic_Distortion,1,0.01005,0.8905,15.07
232.58,17.81,49.972,18.16,0,10.39,6.13,3.19,12.48,15.3,0,Harmonic_Distortion,1,0.01556,0.8908,23.34
232.58,17.81,50.008,18.67,0,5.52,6.35,3.5,9.11,10.93,1,Harmonic_Distortion,1,0.01122,0.8911,16.83
231.03,18.7,49.958,16.98,45.6,8.81,5.45,3.85,11.06,9.41,0,Harmonic_Distortion,1,0.01384,0.8913,20.77
229.76,17.96,49.978,16.9,0,8.01,5.91,1.5,10.07,8.44,0,Harmonic_Distortion,1,0.0113,0.8916,16.95
228.73,18.14,49.996,17.81,16.7,10.39,4.56,2.54,11.63,14.27,0,Harmonic_Distortion,1,0.01264,0.8918,18.96
231.2,21.78,49.932,17.16,0,13.03,12.08,6.2,18.82,23.52,0,Harmonic_Distortion,1,0.02299,0.8923,34.49
232.56,21.96,50.023,17.35,0,19.15,9.82,6.54,22.49,21.3,0,Harmonic_Distortion,1,0.02532,0.8928,37.98
231.16,20.98,49.938,18.08,35.4,16.44,10.19,4.95,19.96,19.46,0,Harmonic_Distortion,1,0.0238,0.8933,35.7
229.44,24.16,50.02,15.99,35.2,12.96,8.75,5.72,16.65,16.11,0,Harmonic_Distortion,1,0.01801,0.8936,27.02
228.58,23.4,49.961,18.59,0,15.7,9.31,3.05,18.5,15.98,0,Harmonic_Distortion,1,0.02137,0.8941,32.05
230.22,22.92,49.988,17.62,0,15.34,7.84,5.24,18.01,21.11,0,Harmonic_Distortion,1,0.01875,0.8944,28.13
231.31,24.05,50.016,17.26,11.2,14.22,8.84,4.82,17.42,17.16,0,Harmonic_Distortion,1,0.01905,0.8948,28.58
229.42,23.54,50.066,17.54,0,14.21,7.01,3.58,16.25,19.79,0,Harmonic_Distortion,1,0.01992,0.8952,29.88
229.56,24.29,50.003,17.61,23.4,13.63,7.87,5.48,16.66,20.65,0,Harmonic_Distortion,1,0.01712,0.8955,25.68
152.87,23.73,49.941,16.28,4.1,16.67,6.26,4.13,18.28,22.96,0,Harmonic_Distortion,1,0.07156,0.897,107.33
151.16,24.13,50.029,18.88,26.4,15.29,7.65,4.76,17.74,21.45,0,Harmonic_Distortion,1,0.07059,0.8984,105.89
151.23,23.5,49.993,17.75,0,12.65,9.83,5.71,17.01,20.31,0,Harmonic_Distortion,1,0.06873,0.8998,103.09
148.67,20.08,50.002,18.09,0,5.85,5.99,2.75,8.82,9.04,0,Voltage_Sag,1,0.06196,0.901,92.94
149.41,19.75,50.017,18.53,0,8.66,6.16,3.54,11.21,9.12,0,Voltage_Sag,1,0.0646,0.9023,96.9
136.88,14.59,49.933,23.53,5.1,4.42,3.28,0.86,5.57,4.77,0,Combined_Weather_Electrical,1,0.06964,0.9037,104.46
135.92,14.99,50,22.37,0,4.31,3.48,0.57,5.57,5.93,0,Combined_Weather_Electrical,1,0.06694,0.905,100.4
138.24,14.79,49.988,25.45,2.9,4.2,1.31,0.85,4.48,4.39,0,Combined_Weather_Electrical,1,0.06494,0.9063,97.41
138.07,14.84,50.037,22.68,0,5.33,4.01,0.34,6.68,8.11,0,Combined_Weather_Electrical,1,0.06846,0.9077,102.7
168.22,15.04,50.022,20.04,0,6.29,3.32,0.71,7.15,7.73,0,Combined_Weather_Electrical,1,0.04854,0.9087,72.8
170.77,14.76,49.951,22.09,0,4.19,3.35,0.81,5.43,4.61,0,Combined_Weather_Electrical,1,0.0465,0.9096,69.75
168.8,14.78,50.038,25.32,0,5.06,2.6,0.39,5.7,5.93,0,Combined_Weather_Electrical,1,0.04751,0.9105,71.27
213.18,14.81,50.013,21.64,25.6,5.81,2.8,0.56,6.47,7.84,0,Combined_Weather_Electrical,1,0.01812,0.9109,27.18
174.46,14.95,49.954,25.24,0,4.02,2.49,0.56,4.76,5.86,0,Combined_Weather_Electrical,1,0.04331,0.9118,64.96
174.95,14.98,50.002,20.98,5.2,4.44,3.25,0.65,5.54,4.9,0,Combined_Weather_Electrical,1,0.04153,0.9126,62.3
175.88,15.31,50.031,24.35,13.8,5.76,3.8,0.72,6.94,5.9,0,Combined_Weather_Electrical,1,0.04379,0.9135,65.68
175.74,14.67,49.964,22.37,2.2,5.76,3.15,0.37,6.57,6.53,0,Combined_Weather_Electrical,1,0.04378,0.9144,65.67
191.86,14.63,50.041,17.39,0,1.92,1.55,0.58,2.54,2.11,0,Voltage_Sag,1,0.02948,0.9149,44.22
191.04,15.15,49.955,18.8,6.6,1.1,0.88,1,1.73,2.01,0,Voltage_Sag,1,0.0294,0.9155,44.1
191.86,14.87,49.976,17.86,0,2.38,1.34,0.86,2.87,2.94,0,Voltage_Sag,1,0.02893,0.9161,43.39
190.2,14.42,49.972,15.86,0,2.46,1.31,0.8,2.9,2.61,0,Voltage_Sag,1,0.03027,0.9167,45.41
191.41,15.19,50.041,17.91,0,1.63,1.87,0.55,2.54,2.16,0,Voltage_Sag,1,0.02977,0.9173,44.66
189.84,14.41,49.985,17.41,13,1.93,1.67,1.13,2.79,3.53,0,Voltage_Sag,1,0.02972,0.9179,44.58
227.33,14.98,49.965,16.96,0,0.73,0.99,0.86,1.5,1.23,0,None,0,0.00499,0.918,7.48
230.08,14.41,50.013,17.3,7.3,2.58,0.69,0.61,2.74,2.33,0,None,0,0.00346,0.9181,5.19
231.89,15.39,50.02,18.41,0,2.43,1.54,0.66,2.94,2.7,0,None,0,0.00517,0.9182,7.76
231.39,14.48,50.02,19.41,17.4,2.69,0.94,0.49,2.89,2.45,0,None,0,0.0048,0.9183,7.2
229.88,15.18,49.992,18.63,0,2.89,1.07,0.7,3.16,3.55,0,None,0,0.00365,0.9184,5.47
232.62,14.77,50.008,17.92,0,1.27,0.78,0.75,1.66,1.51,0,None,0,0.00375,0.9184,5.63
229.15,14.87,49.98,18.8,35.1,2.53,1.47,0.78,3.03,3.15,0,None,0,0.00456,0.9185,6.84
227.12,14.99,50.05,18.09,31.6,2.89,0.94,0.55,3.09,3.8,0,None,0,0.00748,0.9187,11.21
226.73,14.99,50.034,17.93,0,1.1,1.19,0.23,1.64,1.98,0,None,0,0.00549,0.9188,8.23
228.23,14.51,50.032,17.59,0,1.9,1.19,0.66,2.34,2.04,0,None,0,0.00512,0.9189,7.67
231.22,14.99,50.024,17.14,119.7,1.78,1.27,0.78,2.32,1.96,0,None,0,0.00431,0.919,6.47
229.05,15.29,50.016,18.26,69.8,2.51,1.46,0.36,2.93,3.32,0,None,0,0.00433,0.9191,6.5
230.69,14.44,49.963,18.73,28.9,0.56,1.1,0.58,1.37,1.24,0,None,0,0.00368,0.9191,5.53
232.47,14.65,50.019,18.55,0,3.09,0.9,0.94,3.35,3.99,0,None,0,0.00591,0.9192,8.87
228.35,15.73,50.003,18.33,0,1.93,0.46,0.3,2.01,2.04,0,None,0,0.00326,0.9193,4.88
230.72,14.51,50.038,17.93,0,2.55,1.24,0.53,2.88,2.53,0,None,0,0.00525,0.9194,7.87
230.81,15.41,50.024,19.2,50.6,1.96,1.14,0.97,2.47,3.18,0,None,0,0.00421,0.9195,6.31
228.71,14.65,50.017,17.69,10.5,2.3,0.92,0.64,2.55,2.11,0,None,0,0.00422,0.9196,6.33
232.03,15.02,49.949,19.4,0,0.61,1.23,0.47,1.45,1.25,0,None,0,0.0053,0.9197,7.94
229.57,15,49.997,18,0,1.77,1.54,0.6,2.42,2.92,0,None,0,0.00284,0.9197,4.26
229.42,15.33,49.983,18.23,44.8,2.51,1.64,0.81,3.11,3.19,0,None,0,0.00432,0.9198,6.48
233.17,14.98,50.008,17.69,64,2.17,0.59,0.55,2.32,2.94,0,None,0,0.00476,0.9199,7.14
230.78,15.67,49.988,18.49,61.1,1.02,1.06,0.75,1.65,1.41,0,None,0,0.00278,0.92,4.17
231.39,14.83,49.992,19.7,30.3,2.04,1.58,0.66,2.66,2.34,0,None,0,0.00398,0.9201,5.97
232.03,14.94,50.014,19.36,0,1.51,1.84,0.68,2.47,1.98,0,None,0,0.00449,0.9202,6.73
229.02,14.96,49.987,19.76,0,1.46,0.87,0.77,1.86,1.69,0,None,0,0.00315,0.9202,4.72
190.82,14.58,50.004,25.33,4,4.68,3.9,0.53,6.11,6.9,0,Combined_Weather_Electrical,1,0.03185,0.9209,47.77
188.66,14.72,49.954,24.54,0,4.8,2.84,0.36,5.59,6.49,0,Combined_Weather_Electrical,1,0.03483,0.9215,52.24
188.6,14.91,49.975,22.39,1.9,5.34,3.9,0.72,6.65,6.75,0,Combined_Weather_Electrical,1,0.0349,0.9222,52.35
188.94,14.69,50.02,22.32,0,6.53,2.19,0.57,6.91,6.42,0,Combined_Weather_Electrical,1,0.03467,0.9229,52.01
188.51,15.64,49.963,26.11,0,5.3,3.94,0.49,6.62,7.67,0,Combined_Weather_Electrical,1,0.03553,0.9237,53.3
190.29,14.65,50.037,25.21,7.6,6.09,3.12,0.73,6.88,6.1,0,Combined_Weather_Electrical,1,0.03465,0.9243,51.98
189.6,15.35,50.029,23.04,8.6,5.81,3.79,0.92,7,8.28,0,Combined_Weather_Electrical,1,0.03481,0.925,52.21
188.67,15.26,49.992,25.12,9.3,5.08,3.67,0.56,6.29,7.51,0,Combined_Weather_Electrical,1,0.03365,0.9257,50.48
190.11,15.08,50.09,28.68,12.8,5.67,1.65,0.6,5.94,6.06,0,Combined_Weather_Electrical,1,0.03645,0.9264,54.68
188.94,14.68,50.037,25.78,8.2,3.45,2.61,0.3,4.34,3.89,0,Combined_Weather_Electrical,1,0.03298,0.9271,49.47
188.87,14.66,49.972,25.13,0,5.01,3.79,0.54,6.3,7.03,0,Combined_Weather_Electrical,1,0.03455,0.9278,51.83
230.07,14.8,50.022,21.17,0,2.12,1.6,0.66,2.73,3.35,0,None,0,0.0039,0.9279,5.85
230.7,14.31,50.002,18.88,0,2.82,1.44,0.59,3.22,3.43,0,None,0,0.00377,0.9279,5.66
230.58,14.51,49.977,18.18,0,2.66,0.7,0.51,2.8,2.89,0,None,0,0.00435,0.928,6.52
229.46,14.51,49.968,17.93,39.9,1.03,1.39,0.78,1.9,2.45,0,None,0,0.00386,0.9281,5.79
231.27,15.41,50.03,20.04,25.7,1.53,0.8,0.61,1.83,1.96,0,None,0,0.00415,0.9282,6.23
229.67,15.32,49.982,17.99,83.1,2.78,1.36,1.25,3.34,2.73,0,None,0,0.00445,0.9283,6.68
229.02,15.45,49.997,19.23,88.3,1.56,1.65,0.65,2.37,2.49,0,None,0,0.00316,0.9283,4.74
227.8,15.07,49.972,19.91,0,1.97,1.35,0.09,2.38,2.44,0,None,0,0.0052,0.9284,7.8
231.47,14.94,49.978,19.74,0,0.98,1.79,0.32,2.06,1.95,0,None,0,0.00415,0.9285,6.22
230.02,15.53,49.996,19.96,49.5,2.69,1.14,0.73,3.01,2.89,0,None,0,0.00322,0.9286,4.82
230.32,14.71,50.012,19.83,0,0.85,1.11,0.44,1.47,1.86,0,None,0,0.00226,0.9286,3.39
231.57,14.97,49.922,20.71,0,1.01,1.23,0.45,1.66,1.44,0,None,0,0.00656,0.9288,9.84
392.77,15.07,50.001,18.95,0,2.63,0.66,0.29,2.73,3.22,1,None,0,0.10891,0.931,163.36
227.94,14.46,49.978,19.21,0,3.15,1.04,0.48,3.35,4.2,0,None,0,0.00582,0.9311,8.73
227.94,14.46,50.042,19.16,24.5,1.83,1.07,0.65,2.22,2.06,1,None,0,0.00566,0.9312,8.49
230.46,14.93,50.088,20.47,0,1.97,1.09,0.7,2.36,1.96,0,None,0,0.00707,0.9313,10.61
229.61,14.97,49.989,20.56,0,2.54,1.31,0.35,2.88,2.75,0,None,0,0.00368,0.9314,5.52
232.21,15.34,49.948,20.24,13.7,2.17,0.61,0.8,2.4,2.43,0,None,0,0.00642,0.9315,9.63
226.27,15.32,50.004,20.85,24.9,1.78,0.74,0.3,1.95,2.49,0,None,0,0.00456,0.9316,6.83
231.68,14.96,49.994,19,25.7,1.71,1.65,0.71,2.48,2.52,0,None,0,0.00388,0.9317,5.83
231.19,15,50.059,21.3,0,1.06,0.4,0.68,1.32,1.12,0,None,0,0.00505,0.9318,7.58
472.95,14.51,50.05,21.22,0,2.14,1.45,0.37,2.61,2.28,1,None,0,0.16355,0.9351,245.33
225,14.76,50.026,20.62,0,1.94,1.05,0.34,2.24,2.18,0,None,0,0.0068,0.9352,10.2
231.93,15.17,49.982,21.49,9.6,1.74,1.26,0.7,2.26,2.01,0,None,0,0.00439,0.9353,6.59
228.46,15.21,50.02,18.77,59.4,1.4,1.82,0.46,2.34,1.95,0,None,0,0.00436,0.9354,6.55
229.24,15.25,50.008,19.71,0,1.46,1.15,0.55,1.94,1.72,0,None,0,0.00283,0.9354,4.25
229.74,0,50.007,19.58,0,2.37,1.45,0.77,2.88,2.46,1,None,0,0.00341,0.9355,5.12
230.61,14.52,49.953,20.77,0,2.53,1.22,0.72,2.9,2.61,0,None,0,0.00564,0.9356,8.45
230.96,15.19,50.032,19.39,0,1.8,1.16,0.37,2.17,2.82,0,None,0,0.00439,0.9357,6.59
231.34,15.53,50.003,20.87,38.7,1.74,1.11,0.59,2.14,2.19,0,None,0,0.00318,0.9358,4.77
231.22,15.33,49.997,21.39,21.8,1.49,1.48,0.37,2.13,2.41,0,None,0,0.00308,0.9358,4.62
230.38,14.97,49.982,20.88,18,2.56,0.91,0.82,2.84,2.51,0,None,0,0.00399,0.9359,5.98
230.62,15.39,49.976,20.59,36.8,2.02,0.75,0.98,2.37,2.9,0,None,0,0.00396,0.936,5.95
228.36,15.91,50.01,19.6,0,2.22,1.23,0.39,2.57,2.4,0,None,0,0.00411,0.9361,6.17
228.87,14.92,49.948,19.75,0,2.22,1.28,0.59,2.62,3.39,0,None,0,0.00598,0.9362,8.97
231.34,14.93,50.024,21.46,87.4,1.82,0.47,0.83,2.05,2.5,0,None,0,0.00411,0.9363,6.17
231.26,14.78,49.968,21.11,0,1.3,1.2,0.61,1.87,2.38,0,None,0,0.00427,0.9364,6.4
231.09,15.23,49.938,20.49,29.4,1.4,0.71,0.74,1.74,1.97,0,None,0,0.00553,0.9365,8.3
229.23,14.43,50.055,20.22,0,2.68,1.45,0.61,3.11,3.51,0,None,0,0.00634,0.9366,9.51
231.37,14.9,49.974,18.97,0,1.56,0.48,0.34,1.67,2.04,0,None,0,0.00385,0.9367,5.77
228.26,15,49.978,19.77,0,1.75,1.97,0.63,2.71,3.14,0,None,0,0.00493,0.9368,7.4
231.62,15.47,50.034,22.19,0,1.32,1.06,0.88,1.91,2.11,0,None,0,0.00467,0.9369,7
229.61,15.45,50.056,19.66,42.2,1.27,0.85,0.68,1.67,1.64,0,None,0,0.00471,0.937,7.07
232.53,15.33,49.954,20.87,31.5,1.54,1.09,1.01,2.14,1.95,0,None,0,0.00608,0.9371,9.12
227.72,14.48,49.971,21.56,36.6,3.01,1.42,0.16,3.34,3.97,0,None,0,0.00626,0.9372,9.39
232.65,15.17,49.974,19.79,0,2.39,1.56,0.69,2.94,2.92,0,None,0,0.00599,0.9373,8.98
229.46,15.42,50.028,20.97,64.6,1.68,1.09,0.44,2.05,1.71,0,None,0,0.00381,0.9374,5.71
229.43,15.06,50.049,21.61,0,2.65,0.62,0.38,2.75,2.86,0,None,0,0.00558,0.9375,8.37
230.29,14.46,49.968,20.9,8.5,1.91,0.72,0.93,2.24,2.53,0,None,0,0.00405,0.9376,6.08
228.95,15.29,50.042,23.22,115.1,2.81,1.31,0.54,3.15,2.56,0,None,0,0.00595,0.9377,8.93
229.89,14.97,49.979,19.62,110,3.33,1.59,0.51,3.72,4.29,0,None,0,0.00486,0.9378,7.29
228.89,15.07,50.01,21.84,171.9,2.62,1.65,0.69,3.17,2.89,0,None,0,0.00439,0.9379,6.59
228.95,15.31,49.962,20.89,91.6,2.06,1.27,0.06,2.42,2.2,0,None,0,0.00501,0.938,7.51
230.73,15.01,49.996,21.68,67.2,2.42,1.59,0.94,3.04,3.29,0,None,0,0.0037,0.9381,5.55
228.65,16.25,49.997,21.45,123.5,2.01,1.96,1.08,3.01,2.91,0,None,0,0.00406,0.9382,6.09
228.85,15.31,49.991,20.54,108.1,0.9,1.68,0.83,2.07,2.13,0,None,0,0.0033,0.9382,4.95
227.94,16.4,50.012,21.34,260.7,1.61,1.57,0.7,2.35,2.49,0,None,0,0.00427,0.9383,6.41
229.24,15.03,49.97,19.71,154.1,1.43,0.88,0.55,1.76,2.22,0,None,0,0.00377,0.9384,5.65
231.97,15.28,49.973,21.71,112.2,1.59,1.59,0.33,2.27,2.05,0,None,0,0.00488,0.9385,7.32
228.73,15.36,50.013,21.5,87.8,3.08,1.38,0.9,3.49,3.6,0,None,0,0.00498,0.9386,7.46
228.9,14.94,50.04,21.81,56.4,2.67,1.46,0.83,3.16,3.77,0,None,0,0.00589,0.9387,8.83
230.29,15.25,49.999,22.18,92.1,2.26,1.7,0.71,2.92,2.64,0,None,0,0.00315,0.9388,4.72
229.44,15.47,50.015,21.66,139.3,2.49,1.34,0.68,2.91,2.45,0,None,0,0.00403,0.9388,6.04
233.34,15.68,50.023,21.52,193.4,0.86,1.16,0.68,1.6,1.29,0,None,0,0.00491,0.9389,7.37
229.76,16.22,50.025,20.73,182.7,2.44,0.77,0.47,2.6,2.21,0,None,0,0.004,0.939,6.01
230.5,15.65,49.971,20.9,148.6,2.56,1.08,1.23,3.04,2.85,0,None,0,0.0048,0.9391,7.2
231.42,15.68,49.977,22.45,128.1,0.66,1.29,0.53,1.54,1.54,0,None,0,0.00363,0.9392,5.44
231.39,15.81,49.979,22.68,153.4,2.46,1.31,0.49,2.83,3.1,0,None,0,0.00477,0.9393,7.15
230.35,19.33,50.058,21.38,123.6,6.94,5.87,3.72,9.82,8.84,0,Harmonic_Distortion,1,0.01294,0.9395,19.41
229.76,19.54,50.015,21.64,214.7,8.27,6.18,1.78,10.47,9.79,0,Harmonic_Distortion,1,0.01139,0.9398,17.09
233.04,19.04,50.014,20.92,140.1,10.84,5.76,1.62,12.39,14.24,0,Harmonic_Distortion,1,0.01506,0.9401,22.59
229.85,23.29,50.011,22.61,145.9,13.71,9.11,4.2,16.99,21.31,0,Harmonic_Distortion,1,0.01764,0.9404,26.45
229.34,23.21,49.96,22.24,62.4,16.99,11.64,3.92,20.96,18.19,0,Harmonic_Distortion,1,0.02338,0.9409,35.06
229.03,19.24,50.058,23.3,144.9,10.1,7.18,3.75,12.95,13.42,0,Harmonic_Distortion,1,0.01649,0.9412,24.73
227.41,18.82,50.014,21.07,187.9,6.79,7.66,2.79,10.61,10.05,0,Harmonic_Distortion,1,0.01302,0.9415,19.52
231.23,18.85,50.022,21.51,113.5,10.81,5.55,1.75,12.28,13.07,0,Harmonic_Distortion,1,0.01417,0.9418,21.25
226.48,18.6,49.947,22.03,127.9,9.99,5.39,2.44,11.62,9.98,0,Harmonic_Distortion,1,0.01656,0.9421,24.84
229.99,15.8,50.023,22.4,191.4,2.21,1.41,0.49,2.67,2.5,0,None,0,0.00384,0.9422,5.76
229.69,15.25,49.989,21.74,102.4,1.86,1.44,0.64,2.44,2.82,0,None,0,0.00318,0.9422,4.76
233.36,15.73,49.96,21.25,205.6,2.07,1.43,0.59,2.59,3.13,0,None,0,0.00676,0.9424,10.14
227.25,16.01,49.971,22.69,143.8,1.7,1.75,0.76,2.55,2.84,0,None,0,0.00578,0.9425,8.67
228.65,15.66,49.962,22.6,151.3,2.21,1.35,0.79,2.71,3.45,0,None,0,0.00549,0.9426,8.24
229.8,15.5,49.962,21.32,123.8,2.19,1.73,0.81,2.91,3.27,0,None,0,0.00496,0.9427,7.44
229.7,15.37,50.002,23.17,185.7,3.14,1.29,0.26,3.4,3.99,0,None,0,0.00369,0.9428,5.53
229.18,16.04,49.988,23.06,270.8,1.77,1.8,1.19,2.8,2.74,0,None,0,0.00391,0.9428,5.87
229.88,15.76,50.01,22.27,205.6,1.89,1.68,0.59,2.6,2.3,0,None,0,0.00318,0.9429,4.77
208.01,15.33,50.05,27.93,75.8,6.81,4.25,0.9,8.08,9.12,0,Combined_Weather_Electrical,1,0.02493,0.9434,37.4
210.22,15.93,49.996,29.09,119.7,5.53,3.78,0.03,6.7,8.44,0,Combined_Weather_Electrical,1,0.01979,0.9438,29.69
206.56,15.52,49.933,28.46,89.6,4.33,3.38,0.53,5.52,7.12,0,Combined_Weather_Electrical,1,0.02417,0.9443,36.26
209.7,15.99,49.993,26.18,126.8,4.44,3.15,0.23,5.45,5.59,0,Combined_Weather_Electrical,1,0.01906,0.9447,28.59
208.91,15.83,50.036,27.31,115.7,5.45,3.24,0.38,6.35,6.8,0,Combined_Weather_Electrical,1,0.0219,0.9451,32.85
211.12,15.04,49.997,27.78,36.5,6.78,3.91,0.61,7.85,7.5,0,Combined_Weather_Electrical,1,0.02029,0.9455,30.43
212.14,15.43,50.046,26.07,79.1,7.24,3.79,0.52,8.19,9.3,0,Combined_Weather_Electrical,1,0.02213,0.946,33.2
209.28,16.02,50.014,27.03,121.9,3.84,4.11,0.93,5.7,6.74,0,Combined_Weather_Electrical,1,0.01989,0.9464,29.84
232.09,16.16,49.945,22.21,197.9,2.11,1.7,1.04,2.9,2.38,0,None,0,0.00702,0.9465,10.53
229.53,15.71,50.003,22.34,152.9,1.68,2.01,0.36,2.65,3.24,0,None,0,0.00312,0.9466,4.68
228.55,15.49,50.009,22.04,170.6,1.48,0.9,0.48,1.8,1.9,0,None,0,0.00319,0.9466,4.78
232.62,15.62,50.032,22.35,121.7,2.58,1.64,0.34,3.08,3.36,0,None,0,0.00641,0.9467,9.61
230.78,16.39,50.055,23.75,196.5,1.37,0.65,0.89,1.76,1.59,0,None,0,0.005,0.9468,7.5
230.01,16.37,50.027,20.66,290.6,2.18,0.56,0.64,2.34,1.88,0,None,0,0.0037,0.9469,5.55
231.03,16.2,50.013,23.71,236.4,2.19,1.04,0.61,2.5,3.18,0,None,0,0.00383,0.947,5.74
230.41,16.44,50.02,22.99,294,1.49,1.8,0.68,2.44,3.08,0,None,0,0.00372,0.9471,5.58
229.9,16.4,49.995,21.79,243.8,2.09,0.8,0.52,2.3,2.73,0,None,0,0.00262,0.9471,3.93
228.01,16.33,49.956,21.93,251.7,1.44,1.19,0.39,1.91,1.98,0,None,0,0.0054,0.9472,8.1
229.59,16.45,50.001,24.17,291.7,2.31,1.68,0.61,2.92,2.8,0,None,0,0.00325,0.9473,4.87
230.93,16.25,50.011,22.1,230,1.21,1.54,0.53,2.03,1.78,0,None,0,0.00319,0.9474,4.78
229.82,15.51,49.964,21.97,209.7,1.8,2.09,0.69,2.84,2.38,0,None,0,0.00476,0.9475,7.14
231.35,15.68,50.04,23.84,260.7,1.85,1.2,0.19,2.21,2.28,0,None,0,0.00509,0.9476,7.63
230.58,21.74,50.03,23.24,279.7,8.91,6.18,2.5,11.13,13.31,0,Harmonic_Distortion,1,0.01301,0.9478,19.52
228.68,21.24,49.959,22.25,204.6,8.06,5.26,2.63,9.98,11.6,0,Harmonic_Distortion,1,0.01289,0.9481,19.34
228.02,21.01,50.041,23.21,197.2,6.71,4.42,2.03,8.29,9.76,0,Harmonic_Distortion,1,0.01162,0.9483,17.44
229.76,21.7,49.991,22.25,233.9,9.44,2.85,2.11,10.09,8.67,0,Harmonic_Distortion,1,0.0107,0.9485,16.05
229.21,20.89,49.977,23.99,263.8,10.16,6.06,1.63,11.95,14.71,0,Harmonic_Distortion,1,0.01363,0.9488,20.44
230.5,16,50.032,23.99,264.8,1.8,1.99,0.9,2.83,3.4,0,None,0,0.00478,0.9489,7.16
228.92,15.65,49.998,23.6,178.2,2.61,1.22,0.16,2.89,2.45,0,None,0,0.00367,0.949,5.5
229.08,15.84,50.057,23.5,314,1.79,2.24,0.99,3.03,2.96,0,None,0,0.00648,0.9491,9.72
231.58,16.44,49.974,24.66,214.2,0.96,0.86,0.91,1.58,1.56,0,None,0,0.00389,0.9492,5.84
186.96,15.58,49.948,23.28,85.5,1.87,1.03,0.38,2.17,2.53,0,Voltage_Sag,1,0.03283,0.9498,49.25
185.93,15.68,49.992,22.37,77,2.27,0.89,0.38,2.47,3.04,0,Voltage_Sag,1,0.03163,0.9505,47.45
186.81,16.78,50.024,23.71,131.1,1.04,0.94,0.23,1.42,1.4,0,Voltage_Sag,1,0.03077,0.9511,46.16
188.46,16.38,49.972,25.06,95.7,1.47,1.55,0.83,2.29,1.98,0,Voltage_Sag,1,0.03077,0.9517,46.16
187.14,15.57,49.96,22.61,80.4,1.26,1.43,0.52,1.97,1.66,0,Voltage_Sag,1,0.03192,0.9523,47.88
187.51,16.42,50.007,23.17,106.6,2.47,1.55,0.5,2.96,3.31,0,Voltage_Sag,1,0.03102,0.9529,46.52
185.87,16.33,49.956,23.83,106.2,3,1.74,0.32,3.48,3.66,0,Voltage_Sag,1,0.03446,0.9536,51.69
231.54,16.78,50.009,23.49,251.6,1.87,1.64,1.05,2.71,3.38,0,None,0,0.00417,0.9537,6.25
233.48,16.34,49.99,22.78,295.2,2.32,0.8,0.36,2.48,3.16,0,None,0,0.00526,0.9538,7.88
228.81,16.01,50.015,24.5,231,2.3,0.99,0.61,2.58,3.22,0,None,0,0.0041,0.9539,6.14
228.23,15.91,49.958,25.49,246.8,2.93,1.25,0.65,3.25,2.73,0,None,0,0.00649,0.954,9.73
230.26,15.62,50.039,23.83,188.7,1.61,2.69,0.5,3.17,2.99,0,None,0,0.00529,0.9541,7.94
231.31,15.68,49.995,22.98,218.6,1.87,1.51,0.45,2.44,2.25,0,None,0,0.00357,0.9542,5.36
229.86,16.82,50.023,22.5,346.4,1.8,1.24,0.51,2.24,1.87,0,None,0,0.00348,0.9543,5.21
228.42,16.47,50.029,23.98,342.4,2.05,1.47,0.74,2.63,3.31,0,None,0,0.0051,0.9544,7.64
229.84,16.43,49.965,24.7,281.9,3.5,0.96,0.51,3.67,4.57,0,None,0,0.00551,0.9545,8.26
230.9,16.96,50.026,24.23,348.4,2.02,1.3,1.01,2.61,2.59,0,None,0,0.00451,0.9546,6.77
229.39,15.5,49.957,23.88,278.1,1.49,1.58,0.41,2.21,2.83,0,None,0,0.00474,0.9547,7.12
199.87,16.57,49.959,28.82,165.8,4.41,3.65,0.79,5.78,6.25,0,Combined_Weather_Electrical,1,0.02748,0.9552,41.22
200.6,16.24,50.059,30.77,174.5,5.32,2.19,0.16,5.76,5.86,0,Combined_Weather_Electrical,1,0.02788,0.9558,41.82
199.4,16.41,50.033,31.27,171.7,5.75,2.72,0.41,6.38,6.86,0,Combined_Weather_Electrical,1,0.028,0.9563,42.01
199.05,16.03,50.062,30.05,171.2,4.74,2.34,0.4,5.3,5.35,0,Combined_Weather_Electrical,1,0.02859,0.9569,42.89
200.16,16.19,49.989,27.49,205.2,3.78,1.89,0.32,4.23,4.01,0,Combined_Weather_Electrical,1,0.02425,0.9574,36.37
197.97,16.54,50.003,28.83,183.1,3.55,3.11,0.67,4.77,4.25,0,Combined_Weather_Electrical,1,0.02581,0.9579,38.71
197.85,17.17,50.016,31.69,198.2,5.09,3.46,0.57,6.18,6.37,0,Combined_Weather_Electrical,1,0.02794,0.9585,41.91
198.74,16.85,50,29.13,207.4,5.5,3.07,0.03,6.3,6.72,0,Combined_Weather_Electrical,1,0.02671,0.959,40.06
198.45,16.73,49.978,28.7,193.7,6.84,3.34,1.1,7.69,9.31,0,Combined_Weather_Electrical,1,0.02939,0.9596,44.09
198.04,16.09,49.973,29.33,162.8,7.28,3.6,0.64,8.14,8.44,0,Combined_Weather_Electrical,1,0.03033,0.9602,45.5
232.75,15.97,50.006,24.15,259.9,2.33,1.8,0.6,3,3.64,0,None,0,0.00511,0.9603,7.67
233.26,16.19,49.968,24.71,322.8,1.84,0.59,0.93,2.14,2.74,0,None,0,0.00587,0.9604,8.8
229.47,16.29,49.967,25.78,312.8,2.41,1.83,0.85,3.14,3.65,0,None,0,0.00513,0.9605,7.7
230.14,15.83,50.012,24.94,325.9,1.45,0.75,0.53,1.71,1.47,0,None,0,0.00239,0.9606,3.59
229.72,16.19,49.997,24.22,324.6,0.53,1.5,0.11,1.59,1.64,0,None,0,0.00192,0.9606,2.88
231.66,16.64,50.028,23.62,431.4,2.42,1.3,0.74,2.85,3.5,0,None,0,0.00534,0.9607,8.01
231.96,16.23,49.987,25.46,277.7,2.1,1.45,0.36,2.58,2.7,0,None,0,0.00449,0.9608,6.74
227.33,16.14,49.983,23.74,254.1,1.63,0.73,0.91,2.01,2.42,0,None,0,0.00462,0.9609,6.93
230.71,16.7,50.013,25.85,349.9,1.12,0.48,0.41,1.28,1.52,0,None,0,0.00238,0.961,3.57
228.04,16.41,49.976,24.36,324.4,0.78,0.88,0.49,1.27,1.12,0,None,0,0.00377,0.961,5.65
232.64,16.44,49.98,25.89,355,2.03,1.37,0.26,2.46,2.38,0,None,0,0.00517,0.9611,7.76
230.66,16.05,49.981,25.2,368.6,2.99,1.98,0.28,3.6,4.25,0,None,0,0.00496,0.9612,7.44
228.76,16.55,49.994,24.58,399.6,1.92,0.79,0.57,2.15,1.89,0,None,0,0.00327,0.9613,4.91
229.64,15.99,50.053,24.31,290.9,1.78,1.16,0.55,2.2,2.22,0,None,0,0.00509,0.9614,7.64
229.57,16.59,49.959,24.49,331.8,1.99,0.9,0.48,2.23,1.94,0,None,0,0.00458,0.9615,6.87
230.79,16.93,50.039,25.14,374.2,3.31,1.19,1.11,3.69,3.39,0,None,0,0.00615,0.9616,9.22
230.79,16.93,50.022,24.89,390.8,2.45,0.43,0.75,2.6,2.45,1,None,0,0.00422,0.9617,6.33
228.28,17.15,50.047,24.39,450.7,1.44,1.8,0.6,2.38,2.54,0,None,0,0.00586,0.9618,8.78
232.76,16.72,50.094,24.77,404.2,2.02,1.21,0.09,2.35,2.96,0,None,0,0.00886,0.962,13.29
232.41,16.46,50.043,25,366.7,2.2,1.57,0.81,2.82,2.8,0,None,0,0.00654,0.9621,9.8
228.69,16.18,50.028,23.26,336.4,1.37,1.11,1.35,2.22,2.71,0,None,0,0.00446,0.9622,6.69
230.11,16.13,49.961,25.37,352.5,2.46,1.28,0.55,2.82,3.24,0,None,0,0.00486,0.9623,7.29
232.57,16.83,49.964,24.25,354.4,1.51,1.65,0.4,2.27,2.7,0,None,0,0.00573,0.9624,8.59
231.85,16.68,50.011,24.15,407.4,1.09,1.25,0.64,1.78,2.1,0,None,0,0.00353,0.9625,5.29
229.49,16.29,49.949,23.76,394.5,2.05,1.27,0.24,2.42,2.3,0,None,0,0.00529,0.9626,7.94
231.22,16.17,50.018,23.71,334.4,1.95,0.88,0.72,2.26,2.07,0,None,0,0.00398,0.9627,5.97
231.22,16.17,49.936,24.09,373,2,0.99,0.98,2.43,3.14,1,None,0,0.00643,0.9628,9.65
230.16,16.86,50.035,24.64,428.6,1.54,0.79,0.43,1.79,2.09,0,None,0,0.00362,0.9629,5.43
229.05,17.2,49.99,26.81,410.7,1.62,0.9,0.44,1.91,1.88,0,None,0,0.00301,0.9629,4.52
230.26,16.73,50.004,24.86,422.5,2.68,1.7,0.58,3.22,3.47,0,None,0,0.00358,0.963,5.37
230.37,16.17,49.978,25.45,418.2,2.26,1.92,0.47,3.01,3.57,0,None,0,0.00437,0.9631,6.56
229.21,17.01,49.943,25.67,471.1,1.43,0.7,0.22,1.6,1.33,0,None,0,0.00497,0.9632,7.45
230.66,16.8,50.037,25.49,418.7,0.83,1.36,0.5,1.67,1.42,0,None,0,0.00395,0.9633,5.93
228.12,16.69,50.04,25.35,396.9,1.45,1.07,0.45,1.86,1.51,0,None,0,0.00509,0.9634,7.64
228.12,16.69,49.989,24.49,378.9,2.09,1.76,0.94,2.89,2.55,1,None,0,0.00465,0.9635,6.97
231.14,17.01,50.02,26.64,428.7,1.62,1.25,0.89,2.23,1.92,0,None,0,0.00397,0.9636,5.95
227.37,16.57,49.988,26.96,324.3,1.57,1.2,0.95,2.19,2.26,0,None,0,0.0045,0.9636,6.75
231.35,16.77,50.009,24.21,417.8,1.65,0.9,0.8,2.04,1.93,0,None,0,0.00336,0.9637,5.04
226.98,16.94,50.023,24.77,420.2,1.96,0.59,0.65,2.14,1.76,0,None,0,0.00525,0.9638,7.88
227.4,16.55,50.017,25.4,377,2.47,1.5,0.38,2.92,2.99,0,None,0,0.00544,0.9639,8.17
229.25,16.59,50.04,24.88,397.7,2,1.34,0.93,2.58,2.81,0,None,0,0.00508,0.964,7.62
230.43,17.5,50.016,26.09,470.5,2.04,1.35,0.69,2.54,2.5,0,None,0,0.0036,0.9641,5.4
190.33,17.13,50.001,25.14,178.5,1.87,0.96,0.29,2.12,1.97,0,Voltage_Sag,1,0.02803,0.9647,42.04
188.77,17.32,49.977,27.49,177.7,1.7,1.14,0.37,2.08,2.07,0,Voltage_Sag,1,0.03011,0.9653,45.17
188.4,17.45,49.986,26.74,182.2,2.54,1.52,0.28,2.97,3.15,0,Voltage_Sag,1,0.03082,0.9659,46.23
189.41,17.18,50.024,25.99,180.2,2.45,1.59,0.09,2.92,2.97,0,Voltage_Sag,1,0.0306,0.9665,45.9
189.41,17.18,49.955,26.68,199.7,3.23,0.73,0.7,3.38,2.86,1,Voltage_Sag,1,0.0321,0.9671,48.15
188.87,16.62,50.033,26.77,183.3,2.37,0.95,0.29,2.57,2.64,0,Voltage_Sag,1,0.03105,0.9678,46.57
164.7,16.85,49.992,32.8,62.7,4.69,1.7,0.41,5,5.81,0,Voltage_Sag,1,0.04801,0.9687,72.02
166.09,17.23,49.975,30.71,82.4,6.13,3.64,0.61,7.16,8.66,0,Voltage_Sag,1,0.05007,0.9697,75.1
165.86,17.64,49.967,32.53,75.1,6.36,3.62,0.55,7.34,7.49,0,Voltage_Sag,1,0.05082,0.9707,76.23
201.27,17.3,50.02,32.02,175.8,4.54,2.71,0.42,5.31,6.88,0,Combined_Weather_Electrical,1,0.02506,0.9712,37.58
202.55,16.72,50,31.54,166.7,7.02,2.21,0.98,7.43,9.07,0,Combined_Weather_Electrical,1,0.02535,0.9717,38.03
202.54,17.23,50.048,31.94,193.9,4.87,2.43,0.22,5.45,4.95,0,Combined_Weather_Electrical,1,0.02574,0.9723,38.61
203.88,17.13,49.962,32.34,187.2,5.41,3.57,0.23,6.49,6.67,0,Combined_Weather_Electrical,1,0.02542,0.9728,38.12
227.59,17.53,49.983,26.1,547.6,1.36,1.68,0.71,2.28,2.16,0,None,0,0.00471,0.9729,7.07
229.89,16.8,49.997,26.13,474.1,2.47,1.49,0.44,2.92,3.14,0,None,0,0.00313,0.9729,4.7
228.86,17.23,49.977,27.8,457.9,1.26,1.33,0.43,1.88,1.72,0,None,0,0.00375,0.973,5.63
231.3,17.21,50,25.15,530.6,2.16,1.19,0.33,2.49,2.04,0,None,0,0.00335,0.9731,5.03
231.13,17.46,50.01,26.69,535.2,1.88,0.84,0.68,2.17,2.72,0,None,0,0.00339,0.9731,5.08
230.76,17.09,50.015,27.51,508.3,2.06,0.78,0.66,2.3,2.44,0,None,0,0.00352,0.9732,5.28
228.94,17.26,50.045,28.17,532,1.76,0.97,0.63,2.11,2.65,0,None,0,0.00506,0.9733,7.59
231.33,17.58,49.961,26.06,506.9,1.75,0.82,0.45,1.98,1.7,0,None,0,0.0048,0.9734,7.21
227.7,17.01,50.01,26.81,521.2,2.09,0.96,0.41,2.34,2.05,0,None,0,0.00434,0.9735,6.51
227.4,17.2,49.981,26.91,561.8,1.4,1.16,0.56,1.9,1.74,0,None,0,0.00457,0.9736,6.85
228.09,17.39,50.013,26.64,543.7,1.4,1.19,0.84,2.02,2.08,0,None,0,0.00391,0.9737,5.87
229.95,17.05,50.013,26.44,515.4,1.78,0.95,0.99,2.25,2.79,0,None,0,0.00293,0.9737,4.4
231.01,17.3,49.97,26.9,579.7,1.76,1.4,0.88,2.41,2.72,0,None,0,0.00456,0.9738,6.83
225.54,21.2,49.973,24.56,434.4,7.07,6.8,2.83,10.21,8.45,0,Harmonic_Distortion,1,0.01447,0.9741,21.71
231.98,21.67,50.015,27.16,614.6,10.49,5.63,3.11,12.3,12.35,0,Harmonic_Distortion,1,0.01437,0.9744,21.55
230.2,21.09,50.001,26.75,467.7,9.54,4.55,2.46,10.85,12.6,0,Harmonic_Distortion,1,0.01101,0.9746,16.52
148.79,22.46,49.993,26.5,265.7,7.66,4.73,1.7,9.16,8.8,0,Harmonic_Distortion,1,0.06245,0.9758,93.68
150.43,22.11,50.02,28.35,279.6,10.16,3.05,3.12,11.06,11.57,0,Harmonic_Distortion,1,0.06394,0.9771,95.92
151.4,21.52,50.022,26.21,279.2,12.11,6.37,2.29,13.88,16.04,0,Harmonic_Distortion,1,0.06624,0.9785,99.35
150.91,17.71,49.984,26.45,304.8,3.46,1.11,0.68,3.69,4.74,0,Voltage_Sag,1,0.05607,0.9796,84.1
151.4,17.53,49.974,28.4,264,1.53,1.16,0.84,2.1,2.03,0,Voltage_Sag,1,0.05464,0.9807,81.95
148.99,17.78,49.962,26.18,293,2.74,1.44,0.81,3.19,3.74,0,Voltage_Sag,1,0.05792,0.9818,86.88
149.92,17.33,50.001,26.43,277.5,1.94,1.52,0.33,2.49,2.93,0,Voltage_Sag,1,0.05477,0.9829,82.15
149.42,17.83,49.957,26.79,297.3,2.96,1.57,0.6,3.41,3.65,0,Voltage_Sag,1,0.05809,0.9841,87.14
152.01,16.93,50.003,27.61,291.7,2.2,1.91,0.37,2.94,3.55,0,Voltage_Sag,1,0.05395,0.9852,80.93
230.96,17.24,50.037,27.13,574.5,2.06,1.46,0.41,2.56,2.73,0,None,0,0.00501,0.9853,7.52
234.27,17.46,49.989,25.97,552.3,0.5,1.17,0.17,1.29,1.43,0,None,0,0.0046,0.9854,6.9
229.3,17.56,49.984,26.61,557.4,1.47,0.99,0.63,1.88,2.3,0,None,0,0.00315,0.9854,4.72
228.91,17.33,50.06,26.58,592.8,2.01,1.15,0.15,2.32,2.41,0,None,0,0.00603,0.9855,9.04
229.79,17.82,50.045,27.03,622.5,2.12,1.79,0.7,2.86,2.97,0,None,0,0.00527,0.9856,7.9
232.07,17.34,49.977,27.47,564.4,1.27,0.65,0.94,1.71,1.87,0,None,0,0.0042,0.9857,6.3
229.45,17.42,50.004,27.49,557,1.56,0.87,0.73,1.93,2.32,0,None,0,0.0025,0.9858,3.75
230.19,17.98,50.01,25.77,619.8,2.33,1.11,0.61,2.66,2.29,0,None,0,0.00327,0.9858,4.91
230.15,17.97,50.006,28.07,597.5,1.17,0.87,0.98,1.76,2.08,0,None,0,0.00216,0.9859,3.24
230.06,17.52,50.054,27.45,635.5,2.08,1.04,0.68,2.42,2.29,0,None,0,0.00518,0.986,7.77
229.02,17.28,50.003,28.39,569.6,2.74,1.92,0.38,3.37,2.82,0,None,0,0.00414,0.9861,6.21
229.79,17.31,50.007,27.67,538.2,2.23,1.08,0.63,2.56,3.06,0,None,0,0.00305,0.9861,4.57
229.73,17.67,50.021,28.22,591.5,2.2,1.36,1.09,2.81,2.45,0,None,0,0.00402,0.9862,6.03
229.99,17.43,50.036,27.75,585.7,0.79,0.54,0.33,1.01,0.91,0,None,0,0.0028,0.9863,4.2
231.42,18.1,50.028,28.48,616.7,1.51,0.76,0.25,1.71,1.97,0,None,0,0.00403,0.9863,6.05
174.8,17.79,50.016,27.85,189.3,3.23,1.57,0.75,3.67,3.98,0,Voltage_Sag,1,0.04048,0.9872,60.72
171.87,18.02,49.953,27.39,207.9,1.64,1.87,0.54,2.54,3.21,0,Voltage_Sag,1,0.04279,0.988,64.19
172.38,17.46,49.985,29.32,196,2.76,1.29,0.47,3.08,3.93,0,Voltage_Sag,1,0.04139,0.9888,62.09
171.89,18.22,50.025,28.24,202.6,1.63,1.08,0.29,1.98,1.89,0,Voltage_Sag,1,0.04111,0.9897,61.66
173.03,17.03,50.008,28.02,203.8,1.83,1.4,0.11,2.31,2.22,0,Voltage_Sag,1,0.03984,0.9905,59.76
229.19,18.07,50.025,26.57,648.7,2.31,0.16,0.24,2.33,2.11,0,None,0,0.00409,0.9905,6.14
230.36,18.08,50.057,26.59,643.4,2.06,1.29,1,2.63,2.79,0,None,0,0.0057,0.9907,8.54
231.66,17.84,49.965,27.88,668.3,2.23,0.78,0.6,2.44,2.41,0,None,0,0.00528,0.9908,7.92
226.21,18.15,50.034,27.79,619.5,1.51,1.52,0.11,2.14,1.73,0,None,0,0.00632,0.9909,9.48
230.74,18.09,49.99,27.22,710.8,1.32,0.32,0.9,1.63,1.62,0,None,0,0.0026,0.9909,3.9
229.31,21.17,50.028,27.85,648.9,9.06,6.94,3.79,12.03,9.99,0,Harmonic_Distortion,1,0.01388,0.9912,20.82
230.69,21.15,49.999,29.04,609.4,6.87,6.64,3.89,10.32,12.37,0,Harmonic_Distortion,1,0.01083,0.9914,16.24
228.66,22.42,50.064,28.35,672.8,9.37,5.44,2.63,11.15,14.1,0,Harmonic_Distortion,1,0.01522,0.9917,22.83
231.79,18.19,50.004,26.91,634.7,2.62,1.05,0.53,2.87,2.72,0,None,0,0.00424,0.9918,6.36
231.37,18.29,49.981,27.77,698.9,2.05,1.56,0.63,2.66,2.99,0,None,0,0.00451,0.9919,6.77
230.85,18.04,50.013,27.24,764.1,2.29,1.19,0.95,2.75,2.32,0,None,0,0.00394,0.992,5.9
231.19,17.91,50.01,27.61,647.7,2.08,0.83,0.46,2.29,2.25,0,None,0,0.00355,0.9921,5.33
228.88,17.82,50.034,27.61,695.9,1.33,1.58,0.41,2.1,2.29,0,None,0,0.00454,0.9922,6.81
229.07,17.99,50.013,27.59,615.9,2.01,1.3,0.77,2.52,2.14,0,None,0,0.00379,0.9922,5.69
231.13,18.12,50.074,27,707.7,2.08,1.32,0.9,2.62,2.59,0,None,0,0.00707,0.9924,10.6
228.85,17.59,49.997,27.93,657.5,2.46,0.84,0.59,2.66,3.4,0,None,0,0.00358,0.9924,5.37
232.17,17.99,49.997,27.61,671.4,1.36,0.18,0.77,1.57,1.39,0,None,0,0.00313,0.9925,4.7
229.51,17.56,49.982,25.75,655.8,0.78,0.84,0.63,1.3,1.45,0,None,0,0.00253,0.9926,3.79
230.75,18.36,50.003,29.76,732.5,2.11,0.8,0.54,2.31,2.82,0,None,0,0.00293,0.9926,4.4
233.15,18.08,50.007,29.02,746.9,2.21,0.95,0.39,2.44,2.89,0,None,0,0.00484,0.9927,7.26
228.94,18.15,50.008,27.88,711,1.89,0.86,0.31,2.1,2.49,0,None,0,0.00322,0.9928,4.82
230.1,18.25,50.002,28.22,678.9,2.02,1.25,0.45,2.41,2,0,None,0,0.00258,0.9928,3.87
231.58,18.37,49.982,27.3,780.4,2.53,1.55,0.36,2.99,3.84,0,None,0,0.00493,0.9929,7.4
231.43,18.02,49.974,29.62,690.2,1.72,1.63,0.67,2.47,2.87,0,None,0,0.00472,0.993,7.08
229.51,18,49.989,29.81,637.1,1.83,1.53,0.9,2.56,3.26,0,None,0,0.00344,0.9931,5.16
229.22,18.51,50.034,28.44,745.3,2.05,0.84,0.65,2.31,2.98,0,None,0,0.00452,0.9932,6.79
229.65,17.77,50.041,29.16,686.1,1.27,1.22,0.37,1.8,1.76,0,None,0,0.00406,0.9933,6.1
232.17,18.5,49.998,28.51,773.2,1.91,1.83,0.81,2.76,2.96,0,None,0,0.0043,0.9933,6.44
229.58,18.55,49.972,27.33,721.7,1.96,0.57,0.67,2.15,2.5,0,None,0,0.00384,0.9934,5.75
230.12,18.53,49.998,28.1,764.5,2.98,1.74,0.72,3.53,4.32,0,None,0,0.00373,0.9935,5.59
229.36,18.54,50.063,28.56,799.7,1.82,0.8,0.47,2.04,2.63,0,None,0,0.0056,0.9936,8.4
231.06,18.29,50.03,28.12,698.6,2.12,1.32,0.88,2.65,3.41,0,None,0,0.00484,0.9937,7.25
230.23,18.36,50.017,28.34,727.6,2.55,1.37,0.88,3.02,2.92,0,None,0,0.004,0.9938,6
228.49,18.55,50.029,28.47,750.5,1.5,1.28,0.55,2.04,2.33,0,None,0,0.00447,0.9939,6.7
228.55,17.99,50.046,28.5,818.3,2.83,2.09,0.78,3.6,3.15,0,None,0,0.00686,0.994,10.29
227,17.8,49.965,28.64,733.7,3.06,1.08,0.88,3.36,4.05,0,None,0,0.00704,0.9942,10.57
228.75,18.55,49.988,27.77,739.5,1.98,0.54,0.48,2.11,1.86,0,None,0,0.00351,0.9942,5.27
231.19,17.99,49.984,28.07,785.7,1.68,1.34,0.58,2.22,2.77,0,None,0,0.00379,0.9943,5.69
231.99,18.39,50.018,27.65,746.7,2.98,1.13,0.62,3.24,4.18,0,None,0,0.00542,0.9944,8.13
231.03,18.38,50.005,29.48,779.1,2.48,1.42,0.33,2.87,2.42,0,None,0,0.00379,0.9945,5.68
230.83,17.81,50.023,27.04,714.1,2.05,1.55,0.71,2.67,2.82,0,None,0,0.00434,0.9946,6.52
229.81,18.96,49.985,29.68,868,2.86,1.19,0.86,3.21,2.99,0,None,0,0.00409,0.9947,6.14
231.16,18.37,50.041,29.89,728.7,2.79,1.37,0.56,3.16,3.27,0,None,0,0.00598,0.9948,8.97
230.43,19.05,49.998,28.57,772.9,1.8,1.26,0.68,2.3,2.18,0,None,0,0.00268,0.9948,4.02
232.71,18.2,50.021,26.75,787.6,2.15,1.92,0.95,3.03,2.53,0,None,0,0.00584,0.9949,8.76
229.85,19.23,50.036,28.57,868.5,2.35,1.05,0.5,2.62,2.61,0,None,0,0.00451,0.995,6.76
202.4,18.42,50.033,36.34,260.4,6.5,2.72,0.69,7.08,6.39,0,Combined_Weather_Electrical,1,0.02675,0.9956,40.13
201.79,18.62,50.011,31.54,307.9,5.31,2.82,0.46,6.03,6.48,0,Combined_Weather_Electrical,1,0.02497,0.9961,37.46
201.61,18.89,50.025,33.39,291.7,5.92,3.12,0.45,6.71,7.65,0,Combined_Weather_Electrical,1,0.02646,0.9966,39.68
198.01,18.86,50.052,33.66,288,5.62,4.14,0.69,7.01,7.03,0,Combined_Weather_Electrical,1,0.03049,0.9972,45.73
201.86,18.46,50.015,37.08,269.5,5.75,3.85,0.66,6.96,6.27,0,Combined_Weather_Electrical,1,0.02608,0.9977,39.12
200.48,18.73,49.978,31.45,292.4,4.39,3.27,0.74,5.53,4.95,0,Combined_Weather_Electrical,1,0.02587,0.9982,38.81
200.06,18.25,50.017,32.89,275.3,6.41,3.35,0.62,7.26,5.82,0,Combined_Weather_Electrical,1,0.02766,0.9988,41.49
198.7,18.56,49.999,36.11,304.2,6.18,4.09,0.72,7.45,8.57,0,Combined_Weather_Electrical,1,0.02791,0.9994,41.87
200.64,18.7,49.93,33.18,273.9,5.12,3.83,1.02,6.48,6,0,Combined_Weather_Electrical,1,0.02915,0.9999,43.72
157.19,18.58,50.014,33.04,71.1,5.47,2.83,0.86,6.22,8,0,Combined_Weather_Electrical,1,0.0544,1.001,81.6
178.62,18.52,50.003,28.71,199,1.23,0.92,0.68,1.69,1.98,0,Voltage_Sag,1,0.03537,1.0017,53.05
178.42,18.62,50.035,29.57,195.5,1.53,1.3,0.73,2.14,2.03,0,Voltage_Sag,1,0.03751,1.0025,56.27
180.72,18.96,49.977,30.74,213.3,1.3,1.43,0.53,2,1.76,0,Voltage_Sag,1,0.03527,1.0032,52.9
181.18,18.39,49.955,29.87,212,1.01,1.28,0.56,1.72,1.92,0,Voltage_Sag,1,0.03582,1.0039,53.73
180.38,19.29,50.005,29.2,219.4,1.99,1.24,0.72,2.46,3.03,0,Voltage_Sag,1,0.03507,1.0046,52.61
181.5,18.47,50.011,29.12,190.5,2.42,1.04,0.62,2.71,2.96,0,Voltage_Sag,1,0.03491,1.0053,52.36
180.05,18.83,50.003,29,219.4,2.57,1.31,0.8,2.99,2.41,0,Voltage_Sag,1,0.03571,1.006,53.57
180.09,19.33,50.001,30.26,234.4,1.72,0.99,0.92,2.18,2.6,0,Voltage_Sag,1,0.03476,1.0067,52.15
179.08,18.74,49.968,28.84,205.8,1.84,1.48,0.57,2.43,3.11,0,Voltage_Sag,1,0.03724,1.0075,55.87
227.66,19.31,49.996,29.4,927.3,2.21,0.39,0.1,2.25,1.85,0,None,0,0.00398,1.0075,5.98
232.78,18.91,49.99,29.43,843.7,1.93,1.74,1.11,2.83,3.41,0,None,0,0.00517,1.0076,7.75
231.7,18.77,50.032,29.01,802.1,2.49,0.68,0.44,2.61,3.03,0,None,0,0.00533,1.0078,7.99
227.91,19.11,50.011,28.33,847.5,2.26,0.77,0.65,2.47,2.47,0,None,0,0.0044,1.0078,6.61
230.23,19.27,49.992,29.71,904.4,1.77,1.36,0.78,2.37,2.65,0,None,0,0.00294,1.0079,4.41
199.58,18.65,50.052,33.95,526.9,4.14,3.47,0.95,5.48,4.82,0,Combined_Weather_Electrical,1,0.02791,1.0085,41.87
199.35,18.43,49.992,33.34,534.7,5.93,4.65,1.05,7.61,8.83,0,Combined_Weather_Electrical,1,0.028,1.009,42
199.18,19.43,50.017,33.32,566.6,4.02,2.82,0.51,4.94,5.38,0,Combined_Weather_Electrical,1,0.02588,1.0095,38.81
200.21,18.85,49.995,34.91,553.3,5.35,3.87,0.9,6.66,5.62,0,Combined_Weather_Electrical,1,0.02634,1.0101,39.52
200.77,18.8,50.049,32.16,569.7,2.89,3.39,0.65,4.5,5.56,0,Combined_Weather_Electrical,1,0.02601,1.0106,39.02
200.23,18.48,50.003,34.52,562.6,5.52,3.5,1.29,6.66,5.76,0,Combined_Weather_Electrical,1,0.02621,1.0111,39.31
199.55,19.01,50.003,32.57,570.3,6.6,4.9,0.88,8.27,8.43,0,Combined_Weather_Electrical,1,0.0283,1.0117,42.45
199.5,18.91,49.996,36.37,548.9,5.05,3.37,0.56,6.1,5.28,0,Combined_Weather_Electrical,1,0.0262,1.0122,39.3
200.93,18.53,50.006,33.96,567.3,6.09,3.65,0.4,7.11,7.99,0,Combined_Weather_Electrical,1,0.02637,1.0127,39.55
183.7,18.89,50.036,38.17,315.8,9.06,5.11,0.06,10.4,12.16,0,Combined_Weather_Electrical,1,0.0424,1.0136,63.6
183.23,19.02,50.025,39.87,349.6,7.28,4.29,0.77,8.48,10.8,0,Combined_Weather_Electrical,1,0.04025,1.0144,60.38
210.87,19.72,50.001,35.72,508.2,7.16,4.59,0.85,8.55,7.92,0,Combined_Weather_Electrical,1,0.02106,1.0148,31.6
211.4,18.89,50.051,32.96,550.9,3.61,2.6,0.79,4.52,4.44,0,Combined_Weather_Electrical,1,0.0192,1.0152,28.8
210.28,21.31,50.026,38.04,520.4,11.8,5.36,2.27,13.16,13.07,0,Combined_Weather_Electrical,1,0.02733,1.0157,40.99
212.05,21.11,49.987,34.18,532,13.07,6.56,1.29,14.68,12.46,0,Combined_Weather_Electrical,1,0.02704,1.0163,40.57
209.44,21.8,49.959,32.23,517.1,12.48,6.68,2.65,14.41,17.34,0,Combined_Weather_Electrical,1,0.02988,1.0169,44.83
210.36,21.27,49.988,35.25,506.3,12.01,4.9,3.49,13.43,11.3,0,Combined_Weather_Electrical,1,0.02686,1.0174,40.29
211.76,20.93,50.012,35.48,490.6,14.5,9.47,3.44,17.65,17.11,0,Combined_Weather_Electrical,1,0.03017,1.018,45.25
228.3,21.53,50.018,28.94,867.9,9.68,4.49,2.86,11.05,9.89,0,Harmonic_Distortion,1,0.01305,1.0183,19.58
227.64,21.01,50.041,29.74,899.4,9.81,5.11,3.02,11.47,12.98,0,Harmonic_Distortion,1,0.01504,1.0186,22.56
230.09,21.9,49.967,31.58,923.1,8.21,3.55,3.26,9.52,11.92,0,Harmonic_Distortion,1,0.01122,1.0188,16.83
227.46,22.27,49.987,28.48,957.3,7.47,4.19,2.12,8.82,10.35,0,Harmonic_Distortion,1,0.01114,1.019,16.71
228.05,21.64,49.965,29.12,901.2,8.08,5.19,3.65,10.27,12.2,0,Harmonic_Distortion,1,0.01331,1.0193,19.96
231.13,21.71,49.96,31.18,885.9,7.13,3.69,2.75,8.49,7.12,0,Harmonic_Distortion,1,0.01124,1.0195,16.85
229.69,19.2,49.981,31.49,865.7,1.92,0.57,1.02,2.25,2.63,0,None,0,0.00339,1.0196,5.09
231.93,19.69,50.011,29.94,944.7,1.43,1.18,0.52,1.93,1.6,0,None,0,0.00373,1.0197,5.6
228.19,19.65,50.023,29.06,982.9,2.32,1,0.33,2.55,2.66,0,None,0,0.00489,1.0197,7.33
229.86,19.54,49.972,31.74,980.3,2.4,1.61,0.34,2.91,3.34,0,None,0,0.00443,1.0198,6.64
230.6,19.58,49.976,31.36,960.1,1.8,1.3,0.44,2.26,2.1,0,None,0,0.00387,1.0199,5.8
228.24,19,49.947,30.65,959.3,2.04,1.39,0.69,2.56,2.92,0,None,0,0.00638,1.02,9.56
231.55,19.62,50.006,29.48,1003.6,1.65,1.12,0.45,2.05,2.54,0,None,0,0.00338,1.0201,5.07
230.77,18.91,49.978,30.11,950.9,1.34,1.62,0.39,2.14,2.65,0,None,0,0.00374,1.0202,5.61
227.59,19.15,50.05,30.04,965.4,1.7,0.56,0.82,1.97,1.77,0,None,0,0.00604,1.0203,9.06
229.94,18.21,50.012,30.45,928.7,2.04,0.84,0.2,2.22,2.08,0,None,0,0.00287,1.0204,4.31
230.58,19.14,49.995,31.37,888.9,1.11,1.71,0.49,2.1,2.38,0,None,0,0.00274,1.0204,4.11
229.11,18.92,49.981,30.93,917.9,1.75,1.03,0.27,2.04,2.49,0,None,0,0.00358,1.0205,5.37
227.78,19.49,49.955,29.38,946.7,2.05,0.34,0.38,2.12,2.17,0,None,0,0.00581,1.0206,8.71
230.42,19.39,49.959,31.36,951.3,2.72,1.78,0.66,3.32,4.18,0,None,0,0.00564,1.0207,8.46
233.32,19.87,49.981,30.53,1027.7,1.81,1.63,0.55,2.5,2.72,0,None,0,0.0056,1.0208,8.39
229.42,0,49.979,30.85,955.6,1.25,1.48,0.53,2.01,1.87,1,None,0,0.00344,1.0209,5.16
232.35,19.79,49.97,31.49,1001.2,1.87,1.24,0.9,2.42,1.96,0,None,0,0.00545,1.021,8.18
228.87,19.76,50.011,29.45,938.3,1.66,1.86,0.6,2.57,3.09,0,None,0,0.00387,1.0211,5.8
230.32,19.43,50.015,30.33,944.9,2.33,1.7,1.05,3.07,2.6,0,None,0,0.00406,1.0212,6.08
460.76,19.26,49.986,29.95,905.8,1.8,1.82,0.78,2.67,2.24,1,None,0,0.15386,1.0242,230.79
229.99,19.13,50.058,29.14,930.9,0.37,1.48,0.36,1.57,1.86,0,None,0,0.00448,1.0243,6.72
229.55,19.21,49.948,30.69,983.2,4.21,1.25,1.08,4.53,3.69,0,None,0,0.00744,1.0245,11.16
231.09,19.61,50.002,32.44,964,2.09,1.04,0.67,2.42,2.96,0,None,0,0.00322,1.0245,4.83
232.84,18.91,49.993,28.97,1002.9,2.05,0.69,1.07,2.42,2.66,0,None,0,0.00459,1.0246,6.89
230.45,19.19,49.983,30.44,973.9,1.08,1.4,0.53,1.84,2.06,0,None,0,0.00296,1.0247,4.45
229.23,18.73,49.979,30.99,954,1.12,1.43,0.67,1.94,2.46,0,None,0,0.00349,1.0248,5.24
229.72,19.44,50,30.6,1055.4,1.94,1.06,0.71,2.33,2.87,0,None,0,0.00252,1.0248,3.78
233.78,19.48,49.993,30.42,967.1,2.2,1.45,0.56,2.69,2.26,0,None,0,0.0055,1.0249,8.24
230.2,19.6,49.988,29.49,1018.8,2.42,1.07,0.92,2.8,3.44,0,None,0,0.00352,1.025,5.28
229.11,19.28,49.961,30.73,957.5,2.14,1.55,1.08,2.86,3.24,0,None,0,0.00539,1.0251,8.08
228.28,19.46,49.951,29.96,1003.2,1.29,0.85,0.03,1.54,1.48,0,None,0,0.00509,1.0252,7.63
227.26,18.83,49.991,28.83,1013.2,0.5,0.78,0.8,1.22,1.5,0,None,0,0.00344,1.0253,5.16
230.55,19.31,49.988,31.55,985.7,1.94,1.1,0.38,2.26,1.84,0,None,0,0.00322,1.0253,4.83
230.98,18.8,49.994,31.38,884.4,1.68,1.53,0.05,2.27,2.77,0,None,0,0.00321,1.0254,4.81
229.4,19.16,49.997,30.67,980.4,1.24,0.74,0.73,1.62,1.8,0,None,0,0.00217,1.0254,3.25
229.98,19.74,49.984,30.83,1030,2.5,1.62,0.73,3.06,2.85,0,None,0,0.00386,1.0255,5.79
228.24,19.23,49.994,31.52,1003,1.05,0.54,0.77,1.41,1.14,0,None,0,0.00288,1.0256,4.32
230.2,19.26,49.974,30.86,1000.8,2.37,1.1,0.69,2.7,2.87,0,None,0,0.00411,1.0257,6.17
230.72,18.51,50.046,31.42,915.1,1.15,0.63,0.82,1.55,1.57,0,None,0,0.00431,1.0258,6.46
229.2,19.16,49.976,30.47,956.2,2.08,0.16,0.45,2.13,2.63,0,None,0,0.00386,1.0258,5.79
204.41,19.17,49.989,37.4,624.7,7.1,3.2,0.67,7.82,9.34,0,Combined_Weather_Electrical,1,0.02507,1.0263,37.6
201.07,19.49,49.978,34.18,625.2,4.02,2.26,0.77,4.67,5.11,0,Combined_Weather_Electrical,1,0.02462,1.0268,36.93
202.55,19.31,49.978,35.46,645.9,7.45,2.21,0.94,7.83,6.85,0,Combined_Weather_Electrical,1,0.02684,1.0274,40.26
145.17,19.35,50.001,36.57,358.8,7.86,2.59,0.61,8.29,9.65,0,Combined_Weather_Electrical,1,0.06365,1.0286,95.48
144.3,19.43,49.997,37,367.1,5,3.81,0.55,6.31,6.92,0,Combined_Weather_Electrical,1,0.06235,1.0299,93.53
144.19,19.87,49.986,35.41,361.8,5.97,2.16,0.59,6.37,5.17,0,Combined_Weather_Electrical,1,0.06302,1.0311,94.53
143.03,19.37,49.991,35.57,347.4,5.2,2.61,0.3,5.82,6.88,0,Combined_Weather_Electrical,1,0.06297,1.0324,94.46
203.97,18.46,49.978,35.02,561.9,4.6,2.59,0.79,5.34,6.49,0,Combined_Weather_Electrical,1,0.0234,1.0329,35.1
201.95,19.06,50.012,34.7,629.3,6.57,3.07,0.24,7.26,8.62,0,Combined_Weather_Electrical,1,0.02615,1.0334,39.23
202.89,19.55,50.062,37.56,623.3,5.58,2.45,0.7,6.13,5.44,0,Combined_Weather_Electrical,1,0.0269,1.0339,40.34
203.06,19.09,49.974,39.28,604,5.24,2.21,0.62,5.73,6.02,0,Combined_Weather_Electrical,1,0.02461,1.0344,36.91
201.35,18.35,50.012,37.76,579.4,4.49,2.41,0.21,5.1,5.42,0,Combined_Weather_Electrical,1,0.02437,1.0349,36.56
201.92,19.88,50.001,36.27,635.8,6.18,2.64,0.23,6.72,8.52,0,Combined_Weather_Electrical,1,0.0251,1.0354,37.66
232,19.6,50.02,30.97,985.1,2.19,1.05,0.39,2.46,3.11,0,None,0,0.00477,1.0355,7.15
228.32,19.62,50.021,29.89,1018.5,1.85,0.94,0.51,2.14,1.78,0,None,0,0.00428,1.0356,6.42
233.19,19.52,50.006,30.38,1071.3,2.76,0.77,0.97,3.02,3.93,0,None,0,0.00541,1.0357,8.12
228.88,19.19,49.999,30.22,911.5,1.55,1.51,0.57,2.24,2.67,0,None,0,0.00302,1.0358,4.54
228.23,19.16,49.987,31.96,969.6,2.35,1.69,0.74,2.99,2.95,0,None,0,0.00479,1.0359,7.19
230.2,19.45,49.977,30.66,989.6,2.05,1.2,0.92,2.54,2.98,0,None,0,0.00382,1.0359,5.73
233.31,19.44,49.997,31.84,1056.5,2.28,1.23,0.87,2.73,2.7,0,None,0,0.00503,1.036,7.55
227.13,19.66,49.961,31.49,933.2,1.8,0.92,0.6,2.11,2.67,0,None,0,0.0059,1.0361,8.86
229.79,19.38,49.982,32.86,1076.4,1.42,1.63,0.42,2.2,2.18,0,None,0,0.00323,1.0362,4.85
230.71,19.78,50.033,29.84,1004.6,1.51,1.9,0.72,2.53,2.99,0,None,0,0.00465,1.0363,6.98
230.05,19.5,50.003,32.05,995.6,1.53,1.13,0.43,1.95,1.71,0,None,0,0.00213,1.0364,3.2
230.57,19.32,50.027,31.97,991.7,2,0.99,1.05,2.47,3.02,0,None,0,0.00418,1.0364,6.27
228.92,19.39,50.044,30.28,982.3,1.07,1.34,0.82,1.89,2.1,0,None,0,0.0048,1.0365,7.2
229.1,19.88,49.995,31.88,1041.8,1.25,1.25,0.65,1.89,2.27,0,None,0,0.00274,1.0366,4.11
229.78,19.71,50.006,31.35,957.2,2.08,1,0.73,2.42,2.44,0,None,0,0.00288,1.0366,4.32
228.31,19.59,49.991,30.92,1013.8,1.92,1.39,0.64,2.46,2.39,0,None,0,0.00402,1.0367,6.02
229.93,19.09,49.976,30.45,984.6,2.11,1.58,0.51,2.68,2.86,0,None,0,0.00395,1.0368,5.92
229.42,19.32,49.971,30.54,969.5,1.97,0.89,0.72,2.28,2.27,0,None,0,0.00409,1.0369,6.14
229.29,20.48,50.025,32.77,1100,3.51,2.22,0.54,4.19,4.43,0,None,0,0.00591,1.037,8.87
230.48,19.93,50.006,31.14,1016.6,2.08,0.59,1.08,2.41,2.45,0,None,0,0.00304,1.0371,4.56
227.27,19.86,50.055,31.78,1024.3,1.77,0.86,0.43,2.02,1.81,0,None,0,0.00657,1.0372,9.85
229.66,19.85,50.029,30.53,1045.1,2.06,1.29,0.73,2.54,3.27,0,None,0,0.00422,1.0373,6.33
233.48,19.41,49.978,30.55,942.5,2.61,2.1,0.4,3.37,2.73,0,None,0,0.00674,1.0374,10.11
228.37,20.13,50.025,32.05,1069.3,1.97,0.97,0.4,2.23,2.82,0,None,0,0.00456,1.0375,6.84
231.93,18.86,49.991,30.11,898.6,2.41,0.77,0.15,2.54,3.08,0,None,0,0.00425,1.0376,6.38
230.08,18.91,50.037,30.87,967.9,2.24,1.42,0.7,2.74,2.77,0,None,0,0.00462,1.0377,6.93
229.1,19.4,49.985,31.24,980,1.83,1.1,0.47,2.18,2.1,0,None,0,0.0035,1.0378,5.25
228.02,0,49.968,31.31,1021.2,2.07,1.47,0.87,2.68,2.36,1,None,0,0.00555,1.0379,8.32
230.21,19.16,49.976,31.09,1006.3,2.96,1.17,0.7,3.26,2.82,0,None,0,0.00459,1.038,6.88
232.18,19.22,49.978,31.56,990.5,2.15,0.86,0.64,2.4,2.58,0,None,0,0.00494,1.0381,7.4
204.78,20.22,49.975,37.39,583.4,5.56,4.93,0.25,7.44,6.34,0,Combined_Weather_Electrical,1,0.02515,1.0386,37.72
205.19,19.36,49.983,39.28,560.5,6.11,1.45,0.75,6.32,6.57,0,Combined_Weather_Electrical,1,0.02336,1.039,35.04
206.65,19.28,50.026,35.74,548,2.88,3.16,0.43,4.29,5.18,0,Combined_Weather_Electrical,1,0.02081,1.0394,31.21
205.76,19.18,50.054,36.12,599.8,6.17,3.71,0.24,7.2,8.49,0,Combined_Weather_Electrical,1,0.02571,1.04,38.56
227.64,19.05,49.96,32.24,1022.3,2.79,0.9,0.71,3.01,2.61,0,None,0,0.00655,1.0401,9.82
230.15,19.48,50.038,32.01,1057.4,1.2,1.95,0.29,2.3,2.95,0,None,0,0.0043,1.0402,6.44
232.27,19.69,49.986,30.2,961.7,2.09,0.65,0.08,2.19,2.07,0,None,0,0.00439,1.0403,6.58
229.94,19.66,50.01,31.59,1020.4,2.59,1.6,0.92,3.18,3.67,0,None,0,0.00374,1.0403,5.61
161.88,19.49,49.95,29.74,401,2.65,0.37,0.46,2.72,2.58,0,Voltage_Sag,1,0.04962,1.0413,74.44
165.25,19.84,50.016,31.36,424.8,2.77,0.74,0.16,2.87,3.18,0,Voltage_Sag,1,0.04589,1.0422,68.83
164.62,26.71,49.94,32.85,421.7,7.05,5.57,2.2,9.25,10.05,0,Harmonic_Distortion,1,0.0549,1.0433,82.35
162.86,27.19,50.009,30.58,408.1,7.58,3.59,1.6,8.53,7.59,0,Harmonic_Distortion,1,0.05279,1.0444,79.18
163.02,26.24,50.008,30.68,398.8,7.43,6.39,3.2,10.3,11.61,0,Harmonic_Distortion,1,0.05437,1.0455,81.55
165.88,27.44,50.006,31.97,419.7,5.5,6.07,2.34,8.52,8.21,0,Harmonic_Distortion,1,0.05063,1.0465,75.94
164.04,26.85,49.978,30.13,414.2,6.98,4.73,1.3,8.53,9.43,0,Harmonic_Distortion,1,0.05265,1.0475,78.97
163.85,25.68,50.016,30.86,392,7.53,5.35,2.25,9.51,10.18,0,Harmonic_Distortion,1,0.05347,1.0486,80.21
164.79,26.03,50.012,31.85,381.1,8.1,5.09,2.36,9.86,12.04,0,Harmonic_Distortion,1,0.05297,1.0497,79.46
229.03,18.8,49.994,30.88,972.5,1.44,1.36,0.66,2.09,1.9,0,None,0,0.00304,1.0497,4.55
230.15,19.98,50.02,31.2,1043.6,2.88,1.27,0.48,3.19,2.79,0,None,0,0.00429,1.0498,6.44
229.7,19.6,49.997,31.99,1027.8,2.41,1.58,1.11,3.09,3.79,0,None,0,0.00343,1.0499,5.15
228.2,18.56,50.016,31.74,936.3,2.53,1.17,0.28,2.8,2.87,0,None,0,0.00477,1.05,7.16
229.23,19.33,49.996,31.62,933,1.35,1.61,0.67,2.2,2.62,0,None,0,0.00289,1.05,4.34
230.66,19.41,50.007,31.14,1029.5,2.7,0.89,0.98,3.01,3.85,0,None,0,0.00377,1.0501,5.65
193.23,18.77,50.017,39.31,411.9,4.72,3.91,0.51,6.15,6.6,0,Combined_Weather_Electrical,1,0.031,1.0507,46.49
193.07,24.03,49.988,34.75,440.4,12.76,7.36,2.75,14.98,14.24,0,Combined_Weather_Electrical,1,0.03966,1.0515,59.5
195.62,23.27,49.963,35.38,420,10.71,6.28,2.85,12.74,15.25,0,Combined_Weather_Electrical,1,0.03702,1.0523,55.53
227.38,19.76,50.008,36.83,458.9,11.91,7.35,2.63,14.24,18.02,1,Combined_Weather_Electrical,1,0.01637,1.0526,24.55
194.25,23.01,50.036,34.53,416.1,10.19,4.29,2.77,11.4,10.51,0,Combined_Weather_Electrical,1,0.0365,1.0533,54.74
192.97,22.94,50.009,34.59,449.4,11.28,8.8,3.53,14.73,16.86,0,Combined_Weather_Electrical,1,0.03933,1.0541,59
193.45,22.87,50.01,35.38,431.8,10.48,8.4,3.23,13.82,16.45,0,Combined_Weather_Electrical,1,0.03813,1.0549,57.19
192.63,19.74,49.999,36.21,432.4,6.95,3.75,0.73,7.94,6.45,0,Combined_Weather_Electrical,1,0.03237,1.0555,48.55
194.16,18.84,50.022,34.81,392.4,6.36,3.42,0.97,7.29,7.99,0,Combined_Weather_Electrical,1,0.03177,1.0562,47.66
193.04,19,49.994,37.05,387.7,6.87,4.72,0.79,8.37,9.35,0,Combined_Weather_Electrical,1,0.03276,1.0568,49.14
193.46,18.69,49.986,37.25,422.1,3.33,2.88,0.6,4.45,4.97,0,Combined_Weather_Electrical,1,0.02896,1.0574,43.44
193.38,19,50.033,38.75,429.6,6.46,3.19,0.43,7.22,6.08,0,Combined_Weather_Electrical,1,0.03276,1.0581,49.14
193.15,19.3,49.984,38.86,404.7,6.7,2.33,1.28,7.21,5.84,0,Combined_Weather_Electrical,1,0.03203,1.0587,48.05
196.88,19.27,50.027,37.33,404.6,3.79,3.61,0.4,5.25,4.97,0,Combined_Weather_Electrical,1,0.02818,1.0593,42.28
229,19.94,50.033,31.93,979.8,1.81,1.23,0.68,2.3,2.25,0,None,0,0.00461,1.0594,6.91
228.99,19.81,50.017,31.84,978.2,0.57,1.7,0.73,1.94,1.69,0,None,0,0.00345,1.0594,5.17
231.04,19.17,49.963,30.83,948.5,1.34,0.82,0.74,1.74,1.83,0,None,0,0.00429,1.0595,6.43
229.11,19.56,50.001,31.62,983.6,2.55,0.67,1.13,2.87,2.62,0,None,0,0.00349,1.0596,5.24
229.56,19.01,49.994,31.79,903.6,3.04,1.44,0.61,3.42,3.31,0,None,0,0.00401,1.0597,6.01
228.37,19.83,49.985,31.51,934.6,1.43,1,0.58,1.84,1.74,0,None,0,0.00365,1.0597,5.47
230.74,19.79,50.004,29.84,1013,2.11,2.17,0.99,3.18,3.78,0,None,0,0.00388,1.0598,5.82
230.76,19.32,50.023,31.64,948,2.66,1.58,0.57,3.14,3.89,0,None,0,0.00479,1.0599,7.19
229.53,19.42,49.986,33.28,948.4,1.69,0.99,0.82,2.12,2.01,0,None,0,0.00312,1.06,4.68
231.07,20.03,49.995,31.22,1033.7,2.41,1.69,0.65,3.01,2.97,0,None,0,0.00396,1.06,5.95
227.21,19.15,49.993,30.93,883.6,1.98,1.49,0.83,2.61,3.16,0,None,0,0.00479,1.0601,7.19
228.94,19.84,50.035,31.81,969.5,2.71,1.45,0.78,3.18,3.75,0,None,0,0.00561,1.0603,8.42
229.75,18.84,49.992,31.77,1002.3,1.23,1.15,0.5,1.76,2.03,0,None,0,0.00231,1.0603,3.46
228.24,19.34,49.963,32.47,920.7,1.34,1.37,0.14,1.92,2.21,0,None,0,0.00492,1.0604,7.37
227.38,19.14,49.953,30.51,966.1,2.17,0.36,0.18,2.2,2.09,0,None,0,0.00628,1.0605,9.41
229.54,19.59,50.011,32.11,890.4,2.06,1.73,0.14,2.69,3.41,0,None,0,0.00354,1.0606,5.3
231.04,19.56,49.977,32,900.1,1.97,0.17,0.58,2.06,2.48,0,None,0,0.00388,1.0607,5.81
231.92,19.24,50.02,31.41,940.9,2.35,1.02,0.01,2.56,2.32,0,None,0,0.00482,1.0608,7.22
229.18,19.77,49.96,31.8,955.3,1.44,0.56,0.56,1.65,1.86,0,None,0,0.00418,1.0609,6.27
173.08,19.92,49.984,32.35,315.6,1.18,1,0.63,1.67,1.47,0,Voltage_Sag,1,0.0396,1.0616,59.4
172.97,19.46,49.96,32.22,320.7,1.7,1.17,0.81,2.22,2.42,0,Voltage_Sag,1,0.04141,1.0625,62.11
173.62,19.83,50.013,30.61,298.6,1.77,0.72,0.73,2.04,1.93,0,Voltage_Sag,1,0.03946,1.0633,59.19
171.86,19.35,50.019,32.18,314.4,1.83,0.09,0.83,2.01,1.71,0,Voltage_Sag,1,0.0409,1.0641,61.35
227.3,19,50.01,31.48,898.7,2.76,1.28,0.7,3.13,3.44,0,None,0,0.00539,1.0642,8.09
230.11,19.52,49.967,31.59,946.2,2.46,2.03,0.52,3.24,4.02,0,None,0,0.00493,1.0643,7.4
228.48,19.04,49.978,31.59,916.1,2.32,1.06,0.57,2.61,2.28,0,None,0,0.00472,1.0644,7.09
228.91,19.19,50.007,31.41,923.3,2.13,1.58,0.39,2.68,3.35,0,None,0,0.00374,1.0645,5.62
229.55,19.63,49.949,32.48,920.1,1.74,1.8,0.66,2.59,2.24,0,None,0,0.00542,1.0646,8.12
229.49,18.83,49.993,31.46,836.6,1.49,0.44,0.2,1.56,1.83,0,None,0,0.00226,1.0646,3.39
230.21,18.34,50.046,30.63,853.4,1.28,1.02,0.87,1.85,2.4,0,None,0,0.00427,1.0647,6.4
231.05,19.17,49.995,31.21,900.1,1.58,0.69,0.36,1.76,1.49,0,None,0,0.00272,1.0647,4.08
229.45,18.58,49.955,31.67,826,1.97,0.88,0.64,2.25,2.04,0,None,0,0.00485,1.0648,7.27
230.59,19.48,49.982,32.51,924.3,1.31,1.88,0.68,2.39,2.47,0,None,0,0.00369,1.0649,5.53
230.02,19.4,49.981,32,923.4,2.1,1.29,0.89,2.62,3.06,0,None,0,0.00358,1.065,5.37
231.4,19.48,50.064,30.84,899.1,1.88,1.52,0.18,2.42,3.03,0,None,0,0.00655,1.0651,9.82
229.72,19.2,50.05,33.51,838.7,1.76,1.18,0.52,2.18,2.54,0,None,0,0.00487,1.0652,7.3
229.88,19.56,50.022,31.73,936.2,2.7,0.72,0.74,2.89,3.42,0,None,0,0.00406,1.0653,6.09
229.44,19.17,49.99,32.53,959.9,0.52,1.47,1.04,1.88,1.92,0,None,0,0.00276,1.0654,4.13
229.76,19.24,50.036,31.39,881.7,1.77,1.7,0.59,2.52,2.47,0,None,0,0.00448,1.0654,6.73
228.82,19.66,49.966,31.94,893.6,0.59,1.33,0.45,1.52,1.6,0,None,0,0.00399,1.0655,5.98
228.68,18.82,50.032,32.18,878.6,2.14,1.4,1.11,2.79,3.13,0,None,0,0.00526,1.0656,7.9
231.16,19.62,50.028,32.48,889.1,2.46,0.71,0.8,2.68,2.82,0,None,0,0.00483,1.0657,7.25
228.38,18.79,49.995,32.35,860.4,1.19,1.48,0.94,2.12,2.54,0,None,0,0.00341,1.0658,5.11
229.52,18.7,50.034,32.2,861.1,1.27,1.74,0.3,2.17,1.91,0,None,0,0.00419,1.0659,6.29
231.52,19.13,49.987,31.24,896,0.98,1.36,0.73,1.83,1.83,0,None,0,0.00349,1.0659,5.24
229.47,19.47,49.962,31.03,950.8,2.04,0.48,0.33,2.12,1.77,0,None,0,0.00436,1.066,6.54
231.24,18.95,50.029,31.76,798.2,1.8,1.85,0.27,2.6,2.95,0,None,0,0.00487,1.0661,7.31
229.11,18.61,49.997,32.23,847.3,1.83,0.82,0.75,2.14,2.53,0,None,0,0.00285,1.0662,4.27
228.42,18.8,50.018,31.3,801.4,1.78,1.36,0.76,2.36,2.68,0,None,0,0.00429,1.0663,6.44
227.61,18.95,50.055,32.33,909.5,1.42,1.58,0.48,2.18,2.78,0,None,0,0.00647,1.0664,9.7
231.97,18.36,49.978,32.64,819.5,2.68,1.63,0.96,3.28,4.15,0,None,0,0.00565,1.0665,8.47
228.29,18.29,49.996,30.74,782.4,2.16,0.48,0.51,2.27,2.13,0,None,0,0.0036,1.0666,5.4
231.12,18.67,50.047,30.8,862.8,1.29,1.25,0.53,1.87,1.72,0,None,0,0.00496,1.0667,7.43
228.5,19.24,50.02,31.35,904.1,1.58,1.22,0.59,2.08,1.69,0,None,0,0.00406,1.0668,6.09
231.98,19.26,49.979,31.7,858,1.48,1.78,0.54,2.37,2.49,0,None,0,0.00471,1.0669,7.07
233.31,18.36,49.971,31.03,836.7,2.84,1.38,0.92,3.29,4.05,0,None,0,0.00688,1.067,10.33
227.47,19,49.984,32.53,841.9,2.43,1.78,0.34,3.03,2.66,0,None,0,0.00547,1.0671,8.21
228.37,18.65,49.978,31.78,879.2,1.92,1.42,0.41,2.42,2.66,0,None,0,0.00459,1.0672,6.89
231.16,18.8,50.007,31.47,784.6,3.02,1.17,0.3,3.26,3.78,0,None,0,0.00437,1.0673,6.55
254.35,7.91,50.002,30.28,812.1,2.87,1.28,1.07,3.32,3.27,1,None,0,0.01932,1.0677,28.98
231.17,22.14,50.008,30.37,795.5,7.24,6.29,2.4,9.89,11.39,0,Harmonic_Distortion,1,0.01107,1.0679,16.6
229.14,22.74,49.975,31.65,763.8,7.43,5.72,3.25,9.92,12.09,0,Harmonic_Distortion,1,0.01174,1.0681,17.62
232.98,22.26,49.998,29.71,794.4,6.96,3.94,2.01,8.25,6.64,0,Harmonic_Distortion,1,0.0103,1.0683,15.45
230.18,22.78,49.938,32.22,848.7,10.33,5.62,2.12,11.95,13.95,0,Harmonic_Distortion,1,0.01515,1.0686,22.72
196.2,21.91,50.004,36.02,390.2,13.83,6.04,2.44,15.29,16.82,0,Combined_Weather_Electrical,1,0.03755,1.0694,56.32
197.44,31.3,50.035,40.63,390.3,18.08,12.69,4.24,22.49,27.49,0,Combined_Weather_Electrical,1,0.04548,1.0703,68.22
196.22,31.03,49.957,36.58,379.3,14.5,11.11,6.17,19.28,16.76,0,Combined_Weather_Electrical,1,0.04345,1.0712,65.18
199.82,25.23,50.015,38.95,385,12.76,6.21,2.66,14.44,17.38,0,Combined_Weather_Electrical,1,0.03484,1.0719,52.27
196.92,24.31,49.982,39.08,358.4,10.57,4.92,2.99,12.04,10.48,0,Combined_Weather_Electrical,1,0.03453,1.0726,51.79
198.4,25.56,50.024,35.61,366.3,11.87,7.23,2.93,14.2,15.51,0,Combined_Weather_Electrical,1,0.03601,1.0733,54.01
229.29,24.93,50.005,32.73,790.3,8.61,5.33,2.32,10.39,9.72,0,Harmonic_Distortion,1,0.01109,1.0735,16.64
229.08,24.84,50.012,30.05,790.5,5.96,3.91,3.35,7.88,7.25,0,Harmonic_Distortion,1,0.00909,1.0737,13.63
227.13,19.25,50.002,29.92,789,1.71,0.44,0.45,1.82,1.91,0,None,0,0.00379,1.0738,5.68
230.9,18.3,50.04,30.84,767.5,2.58,0.92,0.33,2.76,3.25,0,None,0,0.00533,1.0739,8
231.95,18.73,50.01,31.8,754.7,2.21,0.48,0.77,2.39,2.68,0,None,0,0.00418,1.0739,6.27
228.63,19.23,49.979,31.72,892.9,0.96,1.49,1.19,2.14,2.77,0,None,0,0.00409,1.074,6.14
227.68,18.82,50.003,32.17,799.6,2.74,1.76,0.74,3.34,2.87,0,None,0,0.005,1.0741,7.5
231.2,18.61,49.989,30.35,776.6,2.29,1.54,0.5,2.8,3.26,0,None,0,0.00414,1.0742,6.22
227.53,24.55,50.005,29.45,747.5,7.63,6.62,1.53,10.22,8.46,0,Harmonic_Distortion,1,0.01208,1.0745,18.11
231.83,24.61,49.987,31.98,735.5,9.83,6.3,3.56,12.21,11.95,0,Harmonic_Distortion,1,0.01403,1.0747,21.04
228.64,24.45,49.98,30.62,745,6.01,3.44,2.83,7.48,7.27,0,Harmonic_Distortion,1,0.00938,1.0749,14.08
228.35,25.08,50.006,29.66,758.7,10.5,4.6,2.1,11.65,10.82,0,Harmonic_Distortion,1,0.01303,1.0752,19.55
230.37,23.59,50.002,31.38,668.4,7.77,3.3,2.32,8.75,9.33,0,Harmonic_Distortion,1,0.00908,1.0754,13.62
228.44,24.6,50.032,31.89,677.5,7.42,5.61,1.82,9.48,8.74,0,Harmonic_Distortion,1,0.01209,1.0756,18.13
228.94,24.65,49.988,31.15,711.5,6.62,7.31,3.46,10.45,10.28,0,Harmonic_Distortion,1,0.01176,1.0758,17.65
230.53,24.74,49.941,30.87,741.9,5.07,4.68,2.46,7.32,9,0,Harmonic_Distortion,1,0.01064,1.0761,15.96
226.36,24.81,49.989,31.1,720.7,7.77,6.13,2.11,10.12,9.73,0,Harmonic_Distortion,1,0.01304,1.0763,19.56
232.46,24.67,49.951,30.93,786.1,5.59,6.92,3.21,9.45,12.22,0,Harmonic_Distortion,1,0.0135,1.0766,20.25
230.07,23.26,50.012,30.13,664.3,9.71,4.06,2.56,10.83,10.16,0,Harmonic_Distortion,1,0.0115,1.0768,17.25
228.06,18.17,49.95,30.63,690.2,0.92,1.31,0.7,1.75,2.19,0,None,0,0.00553,1.0769,8.29
228.47,18.29,49.97,31.61,777.6,2.03,1.53,0.45,2.58,2.62,0,None,0,0.00506,1.077,7.59
231.49,18.13,49.989,31.44,718.7,2,0.43,0.85,2.21,2.77,0,None,0,0.00372,1.0771,5.59
230.9,18.07,50.046,31.31,745.4,2.24,0.93,0.55,2.49,2.52,0,None,0,0.00539,1.0772,8.09
232.08,18.43,49.968,30.37,788.7,2.52,0.81,0.72,2.74,3.25,0,None,0,0.00571,1.0773,8.56
228.98,17.97,50,31.01,675.5,2.63,1.7,1.03,3.3,3.3,0,None,0,0.00398,1.0774,5.97
230.44,17.44,50.017,29.4,695.8,1.03,1.12,0.74,1.69,1.88,0,None,0,0.00285,1.0775,4.28
230.64,18.42,50.045,31.27,685.5,1.97,0.99,0.66,2.3,1.9,0,None,0,0.00494,1.0776,7.41
231.04,18.64,50.023,32.26,614.8,3.21,1.42,0.47,3.54,3.89,0,None,0,0.00538,1.0777,8.07
231.69,18.29,50.033,29.93,677.1,2.07,0.96,0.58,2.36,2.26,0,None,0,0.0051,1.0778,7.65
228.92,18.26,50.026,30.63,721.3,1.5,1.19,0.32,1.94,2.52,0,None,0,0.00394,1.0778,5.91
229.83,18.27,49.964,31.35,704.3,1.95,1.93,0.73,2.84,3.42,0,None,0,0.00476,1.0779,7.15
229.08,18.19,50.011,32.08,703.9,1.77,1.91,0.07,2.61,2.19,0,None,0,0.00374,1.078,5.62
229.92,18.11,50.025,30.7,660.7,1.29,1.04,0.84,1.86,1.67,0,None,0,0.00318,1.0781,4.78
231.05,18,49.971,30.5,646,2.52,1.13,0.78,2.87,3.18,0,None,0,0.00499,1.0782,7.48
227.52,18,49.983,29.46,719.6,2.35,0.95,0.62,2.61,2.48,0,None,0,0.0051,1.0783,7.65
231.66,18.54,49.976,31.11,645.4,1.2,0.43,0.47,1.36,1.23,0,None,0,0.00365,1.0784,5.47
189.37,17.78,50.023,36.11,424.1,5.4,4.06,0.6,6.78,6.63,0,Combined_Weather_Electrical,1,0.03444,1.079,51.66
190.4,18.34,49.998,38.74,418.6,3.81,4.57,0.16,5.95,5.08,0,Combined_Weather_Electrical,1,0.03188,1.0797,47.82
192.33,18.27,49.99,34.23,449.1,3.61,3.99,0.81,5.45,5.87,0,Combined_Weather_Electrical,1,0.03049,1.0803,45.74
191.19,18.79,49.962,38.17,434.6,4.05,2.56,0.56,4.82,4.54,0,Combined_Weather_Electrical,1,0.03205,1.0809,48.08
170.97,17.93,49.998,41.39,128.3,8.46,3.89,0.98,9.36,11.55,0,Combined_Weather_Electrical,1,0.04796,1.0819,71.94
169.28,17.69,49.983,40.81,128.4,10.36,4.26,0.7,11.23,9.16,0,Combined_Weather_Electrical,1,0.05168,1.0829,77.52
169.43,18.06,50.007,42.8,142.9,6.03,4.32,0.66,7.45,7.26,0,Combined_Weather_Electrical,1,0.04731,1.0839,70.97
171.64,18.01,49.966,43.84,136.6,10.68,5.19,0.7,11.89,12.78,0,Combined_Weather_Electrical,1,0.05167,1.0849,77.5
169.94,17.57,50.005,45.58,132.5,9.19,6.2,0.36,11.09,10.18,0,Combined_Weather_Electrical,1,0.05053,1.0859,75.79
170.04,17.86,49.987,41.03,144.4,7.48,6.67,0.49,10.03,8.31,0,Combined_Weather_Electrical,1,0.04979,1.0869,74.69
171.67,17.5,49.963,42.3,136.5,9.41,5.72,0.63,11.03,9.23,0,Combined_Weather_Electrical,1,0.05095,1.0879,76.43
169.43,17.7,49.96,41.24,134.6,6.9,6.13,0.52,9.24,8.13,0,Combined_Weather_Electrical,1,0.05074,1.0889,76.11
230.4,18.05,49.965,30.42,651.1,1.86,0.76,0.46,2.06,1.93,0,None,0,0.00409,1.089,6.14
230.06,17.98,49.994,31.64,601.4,2.96,0.97,0.53,3.16,3.64,0,None,0,0.00351,1.0891,5.27
230,17.53,50.004,30.43,675.6,2.21,1.3,0.61,2.63,2.73,0,None,0,0.00282,1.0892,4.23
229.22,17.68,50.008,30.19,577.8,1.71,0.75,1.18,2.21,1.8,0,None,0,0.00312,1.0892,4.68
229.13,18.11,50.009,30.19,632.1,2.06,0.7,0.52,2.23,1.96,0,None,0,0.00326,1.0893,4.89
228.38,17.96,49.977,29.37,659.7,1.25,0.72,0.43,1.51,1.48,0,None,0,0.0037,1.0894,5.55
230.72,17.44,50.032,31.15,543.7,1.82,1.41,0.56,2.36,2.39,0,None,0,0.00442,1.0894,6.64
229,23.3,49.987,29.29,581.6,10.95,4.08,2.19,11.89,9.89,0,Harmonic_Distortion,1,0.01321,1.0897,19.81
231.45,23.58,50.014,29.76,637.5,6.49,3.78,2.64,7.96,6.85,0,Harmonic_Distortion,1,0.00958,1.0899,14.37
229.66,23.48,49.995,29.07,634.6,6.14,4.44,3.2,8.23,7.66,0,Harmonic_Distortion,1,0.00869,1.0901,13.04
228.41,23.61,50.011,30.64,577.9,8.63,3.23,2.61,9.57,11.66,0,Harmonic_Distortion,1,0.01117,1.0903,16.76
229.64,24.31,49.994,30.58,551.9,7.82,5.62,3.15,10.13,9.17,0,Harmonic_Distortion,1,0.01069,1.0905,16.03
229.38,23.43,50.012,30.42,616,7.35,6.05,2.96,9.97,9.1,0,Harmonic_Distortion,1,0.01096,1.0907,16.44
231.51,23.59,50,29.83,621.6,6.91,7.04,3.17,10.36,10.85,0,Harmonic_Distortion,1,0.01136,1.091,17.04
229.45,23.17,50.024,29.71,524.2,10.78,5.83,1.44,12.34,15.37,0,Harmonic_Distortion,1,0.01392,1.0912,20.88
229.59,22.98,49.975,31,519.1,9.93,2.87,3,10.77,11.46,0,Harmonic_Distortion,1,0.01226,1.0915,18.4
232.12,23.92,49.947,30.18,572.8,7.06,6.5,3.53,10.22,8.59,0,Harmonic_Distortion,1,0.01426,1.0918,21.39
230.76,17.07,49.971,30.85,585.5,2.24,0.88,0.66,2.49,2.22,0,None,0,0.00445,1.0919,6.67
232.49,17.41,50.032,29.88,544.8,2.97,1.82,0.39,3.5,4.3,0,None,0,0.00673,1.092,10.1
196.04,18,49.995,30.71,280.7,2.12,1.46,0.81,2.7,3.34,0,Voltage_Sag,1,0.02508,1.0925,37.62
193.32,17.48,50.003,31.59,252.2,1.12,0.89,0,1.43,1.71,0,Voltage_Sag,1,0.02549,1.093,38.23
195.7,17.05,49.968,31,223.3,0.07,1.67,0.54,1.75,1.88,0,Voltage_Sag,1,0.0257,1.0935,38.55
196.38,17.65,50.002,30.19,254.3,2.23,0.83,0.57,2.45,2.5,0,Voltage_Sag,1,0.02447,1.094,36.71
196.39,17.87,49.969,30.71,262.1,1.41,0.62,0.09,1.54,1.44,0,Voltage_Sag,1,0.025,1.0945,37.49
195.7,17.58,49.974,30.29,253.8,1.94,0.85,0.7,2.23,2.4,0,Voltage_Sag,1,0.02591,1.095,38.87
195.67,17.13,49.988,30.47,235.1,1.51,1.51,0.56,2.21,2.52,0,Voltage_Sag,1,0.0252,1.0955,37.8
194.06,17.37,50.013,30.19,220.7,1.47,1.66,0.74,2.34,2.57,0,Voltage_Sag,1,0.02644,1.0961,39.66
193.39,17.31,50.017,30.3,244.2,1.54,1.04,1.1,2.16,1.97,0,Voltage_Sag,1,0.02687,1.0966,40.3
194,17.88,50.017,30.58,269.9,1.6,0.45,0.68,1.79,2.24,0,Voltage_Sag,1,0.02614,1.0971,39.21
192.34,18.1,49.952,29.6,275.1,2.47,0.58,0.84,2.67,2.66,0,Voltage_Sag,1,0.02961,1.0977,44.42
196.15,16.85,50,29.56,272.1,2.34,0.77,0.95,2.64,3.28,0,Voltage_Sag,1,0.02473,1.0982,37.09
229.58,17.31,49.994,29.25,479.2,1.28,0.68,0.72,1.62,1.61,0,None,0,0.00219,1.0982,3.28
231.94,16.68,49.954,29.06,462.2,1.36,1.31,0.38,1.92,1.57,0,None,0,0.00548,1.0984,8.23
228.15,18.2,50,29.35,524.8,2.23,1.98,0.19,2.98,3.49,0,None,0,0.00421,1.0984,6.32
426.13,17.39,49.992,30.43,527,2.63,1.52,0.69,3.12,3.93,1,None,0,0.1314,1.1011,197.11
229.26,17.66,50.015,29.57,514.2,2.62,0.75,0.5,2.77,2.57,0,None,0,0.00402,1.1011,6.04
228.07,17.08,50.002,30.68,414.2,1.4,0.92,0.92,1.91,2.05,0,None,0,0.00329,1.1012,4.93
232.44,17,49.984,30.28,456.7,2.59,1,0.48,2.82,3.4,0,None,0,0.00524,1.1013,7.86
232.44,17,50.028,28.65,486.8,0.93,1.36,0.6,1.75,1.68,1,None,0,0.00473,1.1014,7.1
230.32,17.93,49.933,30.73,504.1,1.88,1.83,0.31,2.64,2.49,0,None,0,0.00618,1.1015,9.27
230.05,17.78,49.998,30.84,511.9,2.29,1.01,0.51,2.56,2.57,0,None,0,0.00269,1.1016,4.03
230.66,17.89,49.947,29.38,483.6,0.75,1.82,0.36,2,2.15,0,None,0,0.00507,1.1017,7.61
230.29,17.39,49.973,30.49,487.7,3.26,2.04,0.39,3.86,4.16,0,None,0,0.00542,1.1018,8.13
228.81,17.36,50.016,29.45,474.5,2.8,1.06,0.59,3.05,3.18,0,None,0,0.00461,1.1019,6.91
229.38,17.31,49.962,30.19,495.2,2.39,1.05,0.45,2.65,3.2,0,None,0,0.00496,1.102,7.44
232.94,17.18,49.957,29.08,477,1.42,1.06,1.26,2.17,1.9,0,None,0,0.00622,1.1021,9.34
234.01,16.87,50.071,28.64,463.8,1.96,1.22,0.81,2.45,2.06,0,None,0,0.00864,1.1023,12.95
232.34,17.2,49.959,29.75,447.1,2.47,1.06,0.87,2.83,2.5,0,None,0,0.0064,1.1024,9.59
230.72,16.99,50.05,29.93,457.8,1.33,1.55,0.57,2.12,2.44,0,None,0,0.00507,1.1025,7.6
229.49,17.4,49.995,29.69,470.6,1.89,0.58,0.63,2.08,1.81,0,None,0,0.00266,1.1026,4
228.8,17.24,49.984,29.04,458.6,2.55,0.99,0.49,2.77,2.67,0,None,0,0.00434,1.1027,6.51
228.9,19.07,50.017,29.65,459.9,5.76,3.94,2.79,7.52,9.33,0,Harmonic_Distortion,1,0.00909,1.1028,13.63
229.17,19.71,50.04,30.17,495.1,9.1,7.16,2.15,11.77,10.24,0,Harmonic_Distortion,1,0.01432,1.1031,21.48
233.23,18.92,49.966,29.89,448.7,9.75,4.23,3.09,11.07,11.78,0,Harmonic_Distortion,1,0.0149,1.1034,22.34
232.71,19.02,49.985,30.05,408.9,9.18,4.28,2.27,10.38,10.93,0,Harmonic_Distortion,1,0.01291,1.1037,19.37
231.12,19.67,50.025,29.35,467,6.92,5.86,2.42,9.39,7.67,0,Harmonic_Distortion,1,0.01139,1.1039,17.08
228.56,19.09,50.009,30.8,373.7,8.52,3.53,3.85,9.99,8.57,0,Harmonic_Distortion,1,0.01136,1.1041,17.05
231.34,18.97,50.033,28.9,381.9,7.71,4.54,1.9,9.14,11.66,0,Harmonic_Distortion,1,0.01167,1.1044,17.51
229.64,18.79,50.015,30.21,435.4,6.57,4.75,2.46,8.47,10.84,0,Harmonic_Distortion,1,0.00947,1.1046,14.21
226.77,19.02,50.054,30.75,439.4,10.02,6.97,2.95,12.56,15.54,0,Harmonic_Distortion,1,0.01738,1.1049,26.06
230.43,18.15,50.005,30.17,365.8,7.59,6.14,3.38,10.33,10.5,0,Harmonic_Distortion,1,0.01088,1.1051,16.32
228.74,18.86,50.007,29.6,397.1,9.22,7.26,2.86,12.08,13.24,0,Harmonic_Distortion,1,0.01323,1.1054,19.85
228.79,18.72,50.01,29.31,385,6.77,5.85,2.64,9.33,11.3,0,Harmonic_Distortion,1,0.0106,1.1056,15.9
229.62,16.98,49.996,30.54,386.6,2.46,1.39,0.9,2.96,3.37,0,None,0,0.00342,1.1057,5.13
209.99,17.4,50.025,33.13,160.3,6.98,3.68,0.23,7.89,9.85,0,Combined_Weather_Electrical,1,0.02221,1.1061,33.32
210.63,16.69,50.007,32.45,155.7,6.52,3.66,0.39,7.49,7.17,0,Combined_Weather_Electrical,1,0.02048,1.1065,30.72
210.56,17.44,50.024,35.15,144,4.9,2.03,0.35,5.31,5.91,0,Combined_Weather_Electrical,1,0.01917,1.1069,28.75
227.19,17.19,50.028,30.62,371.7,1.31,1.43,0.7,2.07,2.24,0,None,0,0.00532,1.107,7.98
232.28,16.72,50.013,29.91,336.4,1.56,1.86,0.56,2.49,3.21,0,None,0,0.00462,1.1071,6.93
228.52,17.07,50.015,28.81,444.1,1.91,2.21,0.66,3,3.71,0,None,0,0.00471,1.1072,7.07
228.57,17.14,49.97,29.31,407.9,2.36,1.57,0.9,2.98,2.63,0,None,0,0.00543,1.1073,8.14
229.51,17.22,49.983,29.04,352.9,1.82,1.78,0.44,2.58,2.14,0,None,0,0.00373,1.1074,5.6
229.84,17.01,50.025,28.94,406.9,1.86,1.38,0.62,2.4,2.46,0,None,0,0.00377,1.1075,5.66
157.89,16.95,50.043,30.27,184.3,1.95,1.32,0.27,2.37,2.54,0,Voltage_Sag,1,0.05154,1.1085,77.31
156.67,16.77,49.942,28.37,178.5,2.29,1.24,0.89,2.75,3.29,0,Voltage_Sag,1,0.05348,1.1096,80.23
156.97,17.52,49.983,30.73,191.3,2.39,1.16,0.87,2.79,2.46,0,Voltage_Sag,1,0.05127,1.1106,76.91
156.68,16.64,50.001,30.08,166.5,1.17,1.44,0.69,1.98,2.5,0,Voltage_Sag,1,0.04984,1.1116,74.75
156.63,16.8,49.974,30.27,172.9,1.83,0.99,0.63,2.18,2.36,0,Voltage_Sag,1,0.05134,1.1126,77.01
156.71,17.25,49.975,29,180.6,2.74,1.14,0.47,3,3.67,0,Voltage_Sag,1,0.05203,1.1137,78.05
154.43,16.75,50.014,29.23,166.9,1.21,0.73,0.25,1.43,1.75,0,Voltage_Sag,1,0.05144,1.1147,77.15
156.14,17.17,50.047,28.18,188.5,2.04,1.39,0.68,2.56,3.27,0,Voltage_Sag,1,0.0531,1.1157,79.66
231.74,16.77,49.939,28.88,425.9,1.9,0.82,0.79,2.21,2.5,0,None,0,0.0064,1.1159,9.59
235.91,16.59,49.995,29.67,318,1.66,1.21,1.1,2.33,2.78,0,None,0,0.00645,1.116,9.67
228.19,16.97,50.014,30.29,278.7,2.95,1.4,0.5,3.31,4,0,None,0,0.00518,1.1161,7.77
230.63,16.16,50.023,28.34,262.3,2.02,1.43,0.67,2.57,2.65,0,None,0,0.00415,1.1162,6.23
229.14,16.63,50.01,28.91,333.5,2.91,1.51,0.88,3.39,3.45,0,None,0,0.00443,1.1163,6.64
233.07,16.67,50.053,29.06,310.1,2,1.11,0.89,2.46,3.13,0,None,0,0.0071,1.1164,10.65
227.97,16.37,50.001,28.04,342.1,2.28,1.39,0.44,2.71,2.26,0,None,0,0.00407,1.1165,6.11
230.94,16.6,50.039,29.6,336.2,1.65,1.01,0.53,2.01,2.56,0,None,0,0.00459,1.1166,6.88
227.89,16.42,49.981,28.52,263.9,1.66,0.41,0.47,1.77,1.93,0,None,0,0.00412,1.1167,6.18
253.94,22.36,50.002,28.92,252.6,2.25,1.41,0.37,2.68,2.54,1,None,0,0.01838,1.117,27.56
229.95,17.06,49.964,28.69,334.2,2.26,1.32,0.97,2.79,3.01,0,None,0,0.00464,1.1171,6.96
231.6,17.08,50.027,28.4,325,2.36,1.61,0.62,2.92,3.27,0,None,0,0.00532,1.1172,7.97
228.38,16.29,49.996,29,299.8,2.23,1.19,0.58,2.59,2.22,0,None,0,0.00382,1.1173,5.74
231,16.36,50.011,28.8,247.8,1.2,0.56,0.66,1.48,1.68,0,None,0,0.00266,1.1174,4
230.03,16.86,49.991,28.65,330.1,1.52,1.16,0.61,2.01,2.51,0,None,0,0.0025,1.1174,3.74
230.41,17.21,50.018,28.34,359.4,2.51,1.55,0.54,3,3.86,0,None,0,0.00415,1.1175,6.22
231.44,16.84,50.012,29.16,316.9,0.82,1.39,0.41,1.67,1.83,0,None,0,0.0032,1.1176,4.8
228.08,16.57,49.97,30.2,269.2,2.18,1.14,0.99,2.65,2.55,0,None,0,0.0054,1.1177,8.09
231.22,16.76,49.972,28.96,302.2,1.93,0.53,0.46,2.06,2.23,0,None,0,0.00426,1.1178,6.38
229.15,16.56,49.999,29.62,243.1,2.51,0.79,0.37,2.66,2.13,0,None,0,0.00325,1.1178,4.88
231.64,16.36,50.02,27.68,337.3,2.25,1.39,0.58,2.71,3.41,0,None,0,0.00477,1.1179,7.15
230.5,16.59,50.056,28.9,295.6,1.6,0.53,1.14,2.04,2.43,0,None,0,0.00516,1.118,7.74
229.69,16.61,50.009,27.87,219,1.57,1.07,0.39,1.95,1.72,0,None,0,0.0026,1.1181,3.91
199.06,16.31,50.03,31.99,120.7,5.4,2.37,0.78,5.95,6.57,0,Combined_Weather_Electrical,1,0.02764,1.1186,41.46
200.9,0,49.952,35.69,133,5.61,3.34,0.54,6.56,5.31,1,Combined_Weather_Electrical,1,0.02795,1.1192,41.93
201.47,16.38,50.06,34.1,117.9,3.35,3.49,0.66,4.88,4.43,0,Combined_Weather_Electrical,1,0.0265,1.1197,39.75
199.13,15.75,50.018,37.25,117.7,4.66,4.47,0.83,6.51,5.77,0,Combined_Weather_Electrical,1,0.02755,1.1203,41.33
198.35,16.26,49.999,35.97,99.9,3.89,3.01,0.17,4.92,4.32,0,Combined_Weather_Electrical,1,0.02564,1.1208,38.46
200.73,16.55,49.995,33.78,130.3,4.15,1.92,0.38,4.59,4.94,0,Combined_Weather_Electrical,1,0.02392,1.1213,35.89
197.94,16.15,49.967,34.39,107.8,5.05,2.68,0.83,5.77,7.4,0,Combined_Weather_Electrical,1,0.02835,1.1218,42.52
198.13,15.72,49.975,32.9,80.2,3.52,3.46,0.62,4.97,4.3,0,Combined_Weather_Electrical,1,0.02699,1.1224,40.49
198.44,16.07,50.057,35.3,110.5,4.64,3.12,0.65,5.63,6.96,0,Combined_Weather_Electrical,1,0.02907,1.1229,43.61
229.38,16.69,49.97,27,303.3,2.09,0.92,0.78,2.42,2.03,0,None,0,0.00431,1.123,6.46
228,16.86,49.97,27.74,246.1,2.05,1.04,0.38,2.33,1.96,0,None,0,0.00515,1.1231,7.73
227.09,17.05,49.979,28.37,328.6,1.93,1.21,0.86,2.43,2.71,0,None,0,0.00538,1.1232,8.07
228.3,16.03,49.964,28.82,273.8,1.27,1.86,0.8,2.39,2.6,0,None,0,0.0053,1.1233,7.94
230.96,18.87,50,26.61,267.7,9.7,6.99,2.83,12.28,11.94,0,Harmonic_Distortion,1,0.01294,1.1236,19.4
228.09,18.35,50.033,28.21,246.6,5.35,3,2.31,6.55,6.99,0,Harmonic_Distortion,1,0.00943,1.1238,14.15
229.49,18.39,49.982,28.42,246.6,6.47,4.49,2.1,8.15,9.59,0,Harmonic_Distortion,1,0.0094,1.124,14.1
232.92,18.41,49.959,28.96,236.4,10.88,5.81,2.03,12.5,14.83,0,Harmonic_Distortion,1,0.01646,1.1243,24.7
229.93,18.79,50.009,28.81,232.5,9.34,5.95,2.71,11.4,9.18,0,Harmonic_Distortion,1,0.01188,1.1246,17.82
230.51,19.01,49.998,28.69,263.4,5.68,2.67,2.63,6.81,5.71,0,Harmonic_Distortion,1,0.00722,1.1247,10.84
228.58,18.3,50.03,27.56,202.4,7.51,4.48,3.01,9.25,7.41,0,Harmonic_Distortion,1,0.01168,1.1249,17.52
233.25,18.22,49.986,26.64,194.5,11.31,4.18,3.44,12.54,10.13,0,Harmonic_Distortion,1,0.01533,1.1252,23
229.19,18.46,49.992,27.83,190.3,6.03,3.88,2.32,7.54,9.2,0,Harmonic_Distortion,1,0.00846,1.1254,12.69
229.66,19.12,49.996,28.91,314.7,9.44,5.12,3.09,11.18,9.41,0,Harmonic_Distortion,1,0.01163,1.1256,17.44
231.98,19.06,50.003,29.2,251.8,6.26,6.68,1.95,9.36,10.82,0,Harmonic_Distortion,1,0.01078,1.1259,16.17
229.73,18.13,49.988,28.62,240.5,7.74,4.04,1.5,8.86,11.43,0,Harmonic_Distortion,1,0.00963,1.126,14.44
230.07,16.06,49.983,28.37,183.7,1.46,1.22,0.87,2.09,2.53,0,None,0,0.00297,1.1261,4.45
229.58,15.99,49.944,28.3,248.7,2.23,1.23,0.46,2.59,2.16,0,None,0,0.00564,1.1262,8.46
229.59,16.13,49.983,27.52,216.9,2.1,0.82,0.68,2.35,2.94,0,None,0,0.00347,1.1263,5.21
229.59,16.13,50.021,27.84,227.9,2.77,1.1,0.45,3.02,3.86,1,None,0,0.00436,1.1264,6.54
230.83,16.06,50.026,29.25,178.1,1.97,0.62,1.08,2.33,2.68,0,None,0,0.00414,1.1265,6.21
229.04,15.9,49.986,27.13,221.4,2.2,1.71,0.54,2.84,3.15,0,None,0,0.00418,1.1265,6.27
228.85,15.69,50.039,29.14,195.8,1.67,0.5,0.32,1.77,1.95,0,None,0,0.00447,1.1266,6.7
229.09,15.37,49.999,27.57,180,1.34,0.49,0.62,1.56,1.88,0,None,0,0.00219,1.1267,3.29
227.9,16.25,49.96,28.85,237.8,2.5,1.37,0.73,2.95,3.17,0,None,0,0.00632,1.1268,9.49
227.61,15.68,49.95,26.64,144.8,2.75,0.71,0.59,2.9,2.8,0,None,0,0.00693,1.1269,10.4
230.45,16.01,50.037,28.2,226.8,2.42,1,0.4,2.65,3.41,0,None,0,0.00477,1.127,7.15
231.41,16.57,49.989,27.12,229.5,2.08,1.23,0.86,2.56,2.11,0,None,0,0.00404,1.1271,6.06
231.31,15.63,49.964,26.54,164.9,1.42,1.47,0.91,2.24,2.53,0,None,0,0.00491,1.1272,7.36
226.43,16.38,49.932,27.82,165.2,2.68,1.11,0.19,2.91,3.18,0,None,0,0.00863,1.1274,12.95
229.63,16.56,49.988,28.42,187,2.35,1.91,0.38,3.05,3.42,0,None,0,0.00388,1.1275,5.83
228.35,15.48,50.012,26.91,205.2,3.21,1.2,0.56,3.48,3.9,0,None,0,0.00516,1.1276,7.74
230.22,15.99,49.979,26.36,185.7,1.31,1.68,0.47,2.18,1.88,0,None,0,0.00336,1.1276,5.05
229.37,15.98,49.968,27.45,207.2,2.52,1.31,0.73,2.93,2.54,0,None,0,0.00492,1.1277,7.38
230.89,15.43,49.984,27.43,258.4,2.33,2.05,1.06,3.28,2.74,0,None,0,0.00468,1.1278,7.03
229.97,15.52,50.037,27.9,165.6,1.79,1.62,0.5,2.47,3.14,0,None,0,0.00436,1.1279,6.53
227.16,16,49.958,28.2,115.3,2.82,1.22,0.99,3.23,3.57,0,None,0,0.00717,1.1281,10.76
228.55,16.73,49.981,27.36,215,2.24,1.45,0.23,2.68,2.25,0,None,0,0.00459,1.1281,6.88
230.01,16.6,50.036,28.86,247.4,1.44,1.1,0.71,1.94,1.98,0,None,0,0.00377,1.1282,5.65
230.14,16.15,50.015,27.52,193.8,1.93,1.09,0.45,2.26,2.22,0,None,0,0.00309,1.1283,4.64
227.89,15.78,50.005,27.04,132.7,1.43,0.68,0.72,1.74,1.52,0,None,0,0.00338,1.1284,5.07
227.7,16.38,49.981,25.99,169.3,1.72,0.88,0.16,1.94,2.34,0,None,0,0.00441,1.1284,6.62
230.08,16.41,50.001,27.04,127.7,2.42,2.02,0.28,3.17,3.76,0,None,0,0.00327,1.1285,4.9
227.89,15.86,49.984,26.95,196.3,2.59,0.72,0.72,2.79,2.87,0,None,0,0.00497,1.1286,7.45
227.5,15.16,49.974,27.96,114.7,2.13,0.94,0.44,2.37,2.52,0,None,0,0.00529,1.1287,7.94
229.33,15.27,49.968,27.53,154.9,1.55,1.16,0.52,2.01,2.04,0,None,0,0.00406,1.1288,6.09
229.27,16.11,50.024,26.19,124.9,2.23,1.18,1.06,2.73,2.94,0,None,0,0.00439,1.1289,6.58
228.68,15.92,49.998,27.24,168.3,2.43,1.35,0.63,2.86,3.33,0,None,0,0.00381,1.129,5.71
228.94,15.92,50.009,27.6,146.8,0.82,1.01,0.83,1.54,1.91,0,None,0,0.0027,1.129,4.05
230.02,15.44,50.005,28.26,166.7,2.07,1.38,0.41,2.52,2.76,0,None,0,0.00276,1.1291,4.14
228.92,15.7,50.013,27.71,158.8,1.89,1.66,0.26,2.52,2.18,0,None,0,0.00389,1.1291,5.84
230.11,15.66,49.992,27.58,116.7,2.57,1.71,0.58,3.14,3.73,0,None,0,0.00359,1.1292,5.39
229.43,16.03,49.986,26.99,179.5,2.23,1.09,0.23,2.5,2.46,0,None,0,0.00359,1.1293,5.38
230.25,15.74,49.976,27.22,150.8,2.29,1.44,0.43,2.74,3.06,0,None,0,0.00413,1.1294,6.19
231.32,15.43,49.958,27.88,111.5,1.71,0.74,0.66,1.98,1.78,0,None,0,0.00496,1.1295,7.44
231.26,15.91,49.966,25.78,239,2,0.91,0.57,2.27,2,0,None,0,0.00478,1.1296,7.16
231.93,16.26,49.989,26.54,166.7,2.57,0.73,0.68,2.75,2.28,0,None,0,0.00456,1.1297,6.84
231.26,15.84,49.952,26.17,139.8,1.96,1.18,0.75,2.41,2.31,0,None,0,0.00563,1.1298,8.45
230.36,16.24,49.959,27.06,200.9,2.1,0.86,0.3,2.29,2.52,0,None,0,0.0046,1.1299,6.9
229.35,15.88,50.031,27.7,216.4,1.08,0.59,0.36,1.28,1.23,0,None,0,0.00327,1.1299,4.91
229.42,14.87,50.007,26.21,135.2,1.96,1.05,0.06,2.22,2.04,0,None,0,0.00294,1.13,4.41
228.68,15.59,49.986,24.74,153.3,0.79,0.51,0.51,1.07,1.39,0,None,0,0.00261,1.13,3.91
230.01,15.35,50.068,26.3,98.3,1.69,1.73,0.78,2.54,3.3,0,None,0,0.00596,1.1302,8.93
231.05,15.89,49.951,27.32,130.4,2.04,0.98,0.97,2.46,2.71,0,None,0,0.00562,1.1303,8.42
228.91,16.74,50.029,26.99,126.7,2.46,1.59,0.65,3,2.89,0,None,0,0.00518,1.1304,7.76
229.94,16.01,49.997,26.87,140.5,1.4,1,0.94,1.96,2.42,0,None,0,0.00217,1.1304,3.25
228.98,16.61,50.024,26.27,144.9,2.22,0.72,0.7,2.44,2.85,0,None,0,0.00428,1.1305,6.42
230.31,15.95,50.003,25.44,152.5,2.88,1.67,0.63,3.39,3.75,0,None,0,0.00376,1.1306,5.64
229.18,15.61,49.944,26.84,138.1,1.62,1.24,0.45,2.08,2.61,0,None,0,0.00543,1.1307,8.14
203.25,15.61,50.003,33.02,31.8,4.79,3.22,0,5.77,5.9,0,Combined_Weather_Electrical,1,0.02336,1.1312,35.04
203.33,16.19,50.01,32.04,35.7,4.91,2.22,0.91,5.46,5.07,0,Combined_Weather_Electrical,1,0.02336,1.1316,35.04
204.9,16.2,49.934,34.63,41.4,5.75,3.87,0.59,6.96,8.93,0,Combined_Weather_Electrical,1,0.02661,1.1322,39.92
204.1,15.46,50.058,32.03,45.1,3.77,4.56,0.95,5.99,7.37,0,Combined_Weather_Electrical,1,0.0258,1.1327,38.7
203.66,15.92,50.009,32.07,66.1,5.67,2.94,0.36,6.4,8.04,0,Combined_Weather_Electrical,1,0.02404,1.1331,36.06
204.58,15.07,50.02,33.61,29.7,6.27,3.76,1.21,7.41,9.33,0,Combined_Weather_Electrical,1,0.025,1.1336,37.49
203.68,15.86,49.965,30.61,42.1,5.31,4.04,0.54,6.69,6.63,0,Combined_Weather_Electrical,1,0.02561,1.1342,38.41
259.02,15.94,50.021,32.14,62.8,4.09,3.75,0.43,5.57,6.85,1,Combined_Weather_Electrical,1,0.02553,1.1347,38.3
202.93,15.64,50.033,34.21,41.9,5.16,1.89,0.55,5.52,6.87,0,Combined_Weather_Electrical,1,0.02481,1.1352,37.21
203.98,15.05,50.008,28.6,7.5,5.33,2.67,0.64,6,6.44,0,Combined_Weather_Electrical,1,0.02334,1.1356,35.02
202.36,15.39,50,34.92,0,7.83,3.28,0.58,8.51,9.47,0,Combined_Weather_Electrical,1,0.02655,1.1362,39.83
203.77,15.37,49.973,33.29,4.2,5.26,4.51,0.47,6.95,7.56,0,Combined_Weather_Electrical,1,0.0254,1.1367,38.09
227.48,15.26,49.994,26.62,0,1.77,1.13,0.15,2.1,1.7,0,None,0,0.00407,1.1368,6.1
231.12,15.33,49.985,25.49,26.7,2.97,1.83,0.4,3.51,3.75,0,None,0,0.00501,1.1369,7.51
231.15,15.16,50.017,26.23,0,2.35,1.37,0.87,2.85,2.34,0,None,0,0.00446,1.1369,6.69
231.18,15.51,49.975,26.16,0,2.59,1.63,0.38,3.09,3.17,0,None,0,0.00513,1.137,7.69
230.04,15.39,50.017,24.36,11.9,1.46,1.35,0.17,2,1.64,0,None,0,0.00287,1.1371,4.31
228.68,15.06,49.975,27.45,21.3,1.68,1.35,0.34,2.18,2.24,0,None,0,0.0043,1.1372,6.45
228.8,0,49.992,26.84,59.7,1.38,1.5,0.58,2.12,2.02,1,None,0,0.00329,1.1373,4.94
232.3,15.1,50.018,25.46,0,2.48,0.97,0.41,2.7,3.2,0,None,0,0.00512,1.1374,7.68
232.15,15.6,49.979,24.86,59.2,2.74,0.98,0.53,2.95,3.07,0,None,0,0.00541,1.1375,8.12
230.18,15.24,50.02,25.99,0,1.64,1.34,0.4,2.16,2.28,0,None,0,0.00325,1.1375,4.88
229.23,15.21,50.017,25.74,53.1,1.78,1.98,0.85,2.79,3.5,0,None,0,0.00413,1.1376,6.19
212.08,15.41,49.992,32.86,21.5,4.24,3.27,0.72,5.4,5.63,0,Combined_Weather_Electrical,1,0.01749,1.138,26.24
209.26,15.09,50.035,31.03,0,4,3.18,1.15,5.23,4.6,0,Combined_Weather_Electrical,1,0.02051,1.1384,30.76
210.52,15.51,50.002,32.68,8.1,4.69,2.98,0.5,5.58,4.78,0,Combined_Weather_Electrical,1,0.0184,1.1387,27.59
212.06,15.33,50.033,32.44,0,7.43,4.31,0.53,8.6,8.2,0,Combined_Weather_Electrical,1,0.02196,1.1392,32.94
209.06,15.2,50.054,31.04,16.4,3.92,2.78,0.9,4.89,4.56,0,Combined_Weather_Electrical,1,0.02123,1.1396,31.85
211.34,15.2,49.993,28.46,0,4.97,3.51,0.7,6.12,7.4,0,Combined_Weather_Electrical,1,0.01865,1.14,27.98
210.92,15.62,50.019,34.08,0,5.7,3.5,0.36,6.7,7.9,0,Combined_Weather_Electrical,1,0.02011,1.1404,30.16
210.15,15.28,49.981,31.79,35.9,6.27,1.9,0.74,6.59,5.46,0,Combined_Weather_Electrical,1,0.02049,1.1408,30.73
208.85,15.42,49.969,32.09,0,5.63,4.02,0.7,6.95,6.26,0,Combined_Weather_Electrical,1,0.0223,1.1412,33.45
209.21,15.23,49.994,28.65,21.7,4.25,3.9,0.15,5.77,5.92,0,Combined_Weather_Electrical,1,0.01962,1.1416,29.44
210.6,15.3,49.959,29.71,0,4.83,3.31,0.44,5.87,4.95,0,Combined_Weather_Electrical,1,0.02056,1.142,30.84
208.26,15.15,49.972,26.62,43.8,7.46,3.89,0.65,8.44,7.45,0,Combined_Weather_Electrical,1,0.02402,1.1425,36.04
210.39,15.22,50.018,30.87,0,4.17,3.87,0.96,5.77,7.24,0,Combined_Weather_Electrical,1,0.01945,1.1429,29.18
230.81,15.47,49.985,24.77,0,1.87,0.98,0.77,2.25,2.41,0,None,0,0.00355,1.143,5.33
231.48,15.2,50.021,26.71,61,2.03,1.61,0.46,2.63,3.15,0,None,0,0.00466,1.1431,6.99
227.9,14.73,50.009,24.52,0,0.91,1.52,0.42,1.82,1.76,0,None,0,0.00364,1.1431,5.46
231.97,14.96,50.056,23.75,64,1.16,0.49,0.8,1.49,1.47,0,None,0,0.00556,1.1433,8.34
232.54,14.93,50.016,24.69,35.7,2.77,1.11,0.01,2.98,3.67,0,None,0,0.00543,1.1434,8.15
230.62,15.25,50.033,23.45,0,1.36,0.77,0.4,1.61,1.82,0,None,0,0.00369,1.1434,5.53
228.44,14.76,50.012,25.6,0,2.75,0.69,0.95,3,3.41,0,None,0,0.00461,1.1435,6.92
229.51,14.98,50.009,23.31,0,1.19,1.41,0.67,1.97,2.2,0,None,0,0.00276,1.1436,4.14
229.93,15.33,50.035,24.96,0,2.4,1.03,0.41,2.64,2.83,0,None,0,0.00443,1.1437,6.65
230.41,15.37,50.02,23.24,46.7,1.81,1.14,0.3,2.16,2.8,0,None,0,0.00343,1.1437,5.15
230.03,15.27,50.006,24.61,63.5,1.9,0.93,0.81,2.26,2.82,0,None,0,0.0026,1.1438,3.9
230.42,15.26,50.006,26.14,0,3.11,1.35,0.62,3.45,3.99,0,None,0,0.00403,1.1439,6.05
229.86,15.31,50.016,25.08,32,1.25,1.47,0.55,2,2.28,0,None,0,0.0029,1.1439,4.35
230.4,15.16,49.98,24.07,30.6,2.36,2.07,0.69,3.21,2.7,0,None,0,0.00448,1.144,6.72
229.31,15.24,49.979,24.7,42.9,2.33,1.13,0.64,2.67,2.78,0,None,0,0.00419,1.1441,6.28
229.49,15.89,50.043,24.71,19.9,4.01,0.62,0.62,4.11,4.31,0,None,0,0.00658,1.1442,9.87
229.14,15.39,50.056,25.04,0,1.35,1,0.27,1.7,1.41,0,None,0,0.00506,1.1443,7.6
232.88,15.82,49.972,23.53,0,1.62,1.54,0.34,2.26,2.67,0,None,0,0.00553,1.1445,8.3
232.2,15,49.98,25.06,0,2.49,0.89,0.79,2.76,2.21,0,None,0,0.00519,1.1446,7.79
230.83,14.99,50.034,22.39,0,1.88,0.61,0.74,2.11,2.14,0,None,0,0.00437,1.1446,6.55
231.99,14.86,50.016,24.02,39.2,1.72,0.9,0.7,2.06,2.58,0,None,0,0.00416,1.1447,6.24
231.2,14.91,50.02,24.1,12.2,2.57,0.99,0.45,2.79,2.71,0,None,0,0.00459,1.1448,6.88
230.27,15.9,50.027,24.96,45.9,1.84,0.77,0.79,2.14,2.34,0,None,0,0.00367,1.1449,5.5
227.74,15.02,49.993,24.44,13.7,1.46,1.29,0.51,2.01,1.92,0,None,0,0.00385,1.145,5.77
229.61,15.64,50.01,23.26,0,2.44,1.17,0.93,2.86,2.54,0,None,0,0.00361,1.145,5.41
229.5,14.71,50.008,23.56,0,2.23,1.52,0.41,2.72,3.17,0,None,0,0.00343,1.1451,5.15
228.3,14.83,49.974,24.47,6,1.81,1.02,0.47,2.13,1.92,0,None,0,0.00453,1.1452,6.79
227.77,15.01,50.009,24.22,0,1.78,1.42,0.56,2.35,1.97,0,None,0,0.00428,1.1453,6.42
230.74,15.07,50.037,23.78,0,1.45,1,0.81,1.94,1.98,0,None,0,0.00428,1.1454,6.42
230.49,15.37,49.99,23.83,0,2.44,0.75,0.59,2.62,3.02,0,None,0,0.00343,1.1454,5.15
228.25,15.27,50.005,24.73,0,1.78,0.98,0.61,2.13,2.32,0,None,0,0.0035,1.1455,5.25
228.88,14.96,50.006,23.73,0,1.54,0.55,0.5,1.71,1.58,0,None,0,0.00275,1.1456,4.12
231.74,15.17,49.991,24.04,26.6,1.23,1.92,0.67,2.37,2.87,0,None,0,0.00393,1.1456,5.9
228.68,15.12,50.02,25.81,7.5,2.24,1.26,0.58,2.63,2.23,0,None,0,0.0045,1.1457,6.76
230.26,15.03,49.98,22.9,64.3,1.69,0.88,0.4,1.95,2.22,0,None,0,0.00314,1.1458,4.71
229.72,14.76,50.04,22.52,0,0.79,1.05,0.63,1.46,1.61,0,None,0,0.00364,1.1459,5.46
230.76,15.58,50.019,24.6,35.2,1.28,0.22,0.64,1.45,1.81,0,None,0,0.00288,1.1459,4.32
228.72,14.52,49.972,23.39,0,1.86,1.77,1.19,2.83,3.01,0,None,0,0.00507,1.146,7.61
230.14,15.68,50.051,23.65,27.8,1.88,1.73,0.45,2.59,3.14,0,None,0,0.00523,1.1461,7.84
230.25,14.96,50.005,23.24,0,1.85,1.24,0.39,2.27,2.06,0,None,0,0.00268,1.1462,4.02
230.35,15.02,49.978,23.63,42.9,1.77,1.33,0.67,2.31,2.48,0,None,0,0.00362,1.1463,5.43
230.12,15.42,50.033,25.08,11.8,1.11,0.69,0.35,1.36,1.45,0,None,0,0.00309,1.1463,4.64
230.52,15.57,50.015,24.41,0,1.48,0.72,0.33,1.68,1.59,0,None,0,0.00275,1.1464,4.13
233.29,15.46,49.947,24.42,0,2.71,0.52,0.24,2.77,2.22,0,None,0,0.00757,1.1465,11.36
233.84,15.18,49.984,22.56,0,2.62,1.14,0.41,2.89,3.38,0,None,0,0.00618,1.1467,9.27
229.04,15.44,50.008,22.74,19.6,2.35,1.62,0.41,2.88,2.88,0,None,0,0.00393,1.1467,5.89
226.52,14.45,49.935,21.35,0,2.29,1.05,0.28,2.54,2.41,0,None,0,0.00804,1.1469,12.07
230.89,14.89,50.003,22.94,0,2.54,1.34,0.54,2.92,2.62,0,None,0,0.00363,1.147,5.45
230.28,14.91,50.005,24.32,15.8,1.33,1.59,0.01,2.07,2.54,0,None,0,0.00249,1.147,3.74
231.59,15.46,49.964,23.94,0,2.02,0.55,0.72,2.21,2.14,0,None,0,0.00503,1.1471,7.54
230.43,15.17,50.008,23.31,53.9,1.33,1.94,0.46,2.39,2.16,0,None,0,0.00308,1.1472,4.62
230.09,15.45,50,23.44,31,1.34,1.66,0.5,2.19,2.33,0,None,0,0.00226,1.1472,3.39
231.69,15.2,49.964,22.87,0,2.22,1.41,0.75,2.73,3.25,0,None,0,0.00562,1.1473,8.44
231.9,14.85,50.028,23.55,8.7,2.57,1.57,0.69,3.09,3.4,0,None,0,0.00571,1.1474,8.56
227.92,14.97,50.025,23.96,11.8,1.88,1.59,0.44,2.5,3.2,0,None,0,0.00512,1.1475,7.67
228.78,15.45,49.991,22.02,16.1,2.99,1.32,0.71,3.34,4.27,0,None,0,0.00458,1.1476,6.87
229.84,14.84,49.994,23.52,0,2.13,1.77,0.99,2.94,3.68,0,None,0,0.00334,1.1477,5.01
230.15,15.14,50.022,23.99,0,1.53,1.02,0.35,1.87,2.03,0,None,0,0.00306,1.1478,4.59
229.66,14.81,49.994,22.88,0,1.35,1.38,0.79,2.09,2.47,0,None,0,0.00261,1.1478,3.91
230.65,15.2,49.942,23.74,51.1,2.61,1.73,0.32,3.15,2.97,0,None,0,0.00647,1.148,9.7
231.49,15.16,50.015,25.39,0,2.08,0.12,0.89,2.26,2.46,0,None,0,0.00397,1.148,5.95
232.58,14.82,49.976,23.02,0,2.41,1.38,0.42,2.8,2.34,0,None,0,0.00571,1.1481,8.56
230.87,14.92,49.988,23.39,35.9,0.41,1.49,0.41,1.6,1.49,0,None,0,0.00275,1.1482,4.12
228.72,15.18,50.044,22.45,16.9,2.15,0.52,0.89,2.38,2.29,0,None,0,0.0054,1.1483,8.1
229.78,14.8,49.996,23.15,0,1.69,1.31,0.78,2.28,2.24,0,None,0,0.00263,1.1484,3.94
229.89,18.23,50,23.34,0,7.22,6.59,2.66,10.13,8.92,0,Harmonic_Distortion,1,0.0102,1.1486,15.31
230.77,18.16,50.015,23.09,0,10.55,3.87,2.38,11.49,9.67,0,Harmonic_Distortion,1,0.01276,1.1488,19.14
230.58,18.42,50.015,22.09,0,8.3,6.95,3.23,11.3,12.31,0,Harmonic_Distortion,1,0.01244,1.1491,18.65
233.08,18.85,49.972,23.03,0,11.11,5.93,1.29,12.66,13.24,0,Harmonic_Distortion,1,0.01604,1.1494,24.06
229.31,15.55,49.998,24,0,2.15,1.64,0.65,2.78,3.04,0,None,0,0.00332,1.1495,4.98
230.58,14.84,50.001,23.16,0,1.57,1.03,0.51,1.95,1.69,0,None,0,0.00238,1.1495,3.57
233.53,21.92,50.008,23.53,0,9.67,3.7,1.93,10.54,13.42,0,Harmonic_Distortion,1,0.01325,1.1498,19.87
229.12,20.78,50.009,22.54,46.1,11.08,7.22,2.05,13.39,13.48,0,Harmonic_Distortion,1,0.01439,1.1501,21.59
230.22,21.45,50.078,23.3,0,9.6,3.54,2.45,10.52,10.78,0,Harmonic_Distortion,1,0.01454,1.1503,21.81
228.58,20.67,49.965,22.88,0,9.09,3.25,1.67,9.8,10.52,0,Harmonic_Distortion,1,0.01249,1.1506,18.73
230.12,20.63,50.029,21.87,16,9.7,4.72,3.36,11.3,12.94,0,Harmonic_Distortion,1,0.01285,1.1509,19.27
228.83,20.66,50.036,22.85,0,6.13,3.45,3.07,7.67,7.62,0,Harmonic_Distortion,1,0.01021,1.1511,15.32
231.57,20.97,50.015,21.77,18.3,8.3,7.89,2.22,11.66,10.16,0,Harmonic_Distortion,1,0.01342,1.1513,20.14
230.22,21.15,49.98,22.02,0,7.92,4.52,3.62,9.8,11.68,0,Harmonic_Distortion,1,0.01092,1.1515,16.39
228.6,21.23,50.05,22.64,0,8.35,4.22,3.28,9.91,9.22,0,Harmonic_Distortion,1,0.01332,1.1518,19.99
231.26,20.69,49.934,22.69,22.9,9.12,4.46,2.07,10.36,10.58,0,Harmonic_Distortion,1,0.01447,1.1521,21.7
230.27,14.92,49.98,21.47,59.7,2.55,1.37,1.07,3.09,3.45,0,None,0,0.00429,1.1522,6.43
231.43,14.9,50.035,23.23,29,2.74,0.47,0.49,2.82,3.62,0,None,0,0.00551,1.1523,8.27
228.28,15.15,49.989,22.81,36.9,2.13,2.12,0.65,3.07,2.51,0,None,0,0.00475,1.1524,7.13
230.55,14.92,50.048,21.76,0,1.66,0.61,0.28,1.79,1.9,0,None,0,0.00455,1.1525,6.82
231.16,14.67,49.955,21.06,0,2.95,1.89,0.77,3.59,4.55,0,None,0,0.00661,1.1526,9.92
159.26,15.33,49.967,22.14,25.8,1.65,1.45,0.65,2.29,2.12,0,Voltage_Sag,1,0.05009,1.1536,75.14
158.39,16,49.984,21.86,35.6,1.32,1.27,0.56,1.91,1.64,0,Voltage_Sag,1,0.04942,1.1546,74.13
159.65,15.11,50.013,22.27,26.7,2.42,1.08,0.45,2.68,2.95,0,Voltage_Sag,1,0.04919,1.1556,73.78
160.98,14.86,49.993,21.86,0,2.27,2.24,0.51,3.23,2.83,0,Voltage_Sag,1,0.04858,1.1566,72.88
160.87,15.09,49.985,20.51,0,1.67,1.44,0.66,2.31,2.86,0,Voltage_Sag,1,0.04813,1.1575,72.19
160.87,15.09,50.043,21.77,0,2.06,1.21,0.36,2.41,2.8,1,Voltage_Sag,1,0.04963,1.1585,74.45
158.36,15.19,50.045,21.8,0,2.27,0.99,0.52,2.53,2.17,0,Voltage_Sag,1,0.05152,1.1595,77.28
229.35,14.81,49.988,22.52,0,2.12,0.94,0.6,2.4,2.61,0,None,0,0.00344,1.1596,5.16
229.3,15.78,49.949,21.42,64.2,2.28,1.22,0.22,2.59,2.11,0,None,0,0.00561,1.1597,8.42
230.67,15.17,49.935,23.29,0,1.7,0.83,0.34,1.92,2.34,0,None,0,0.00559,1.1598,8.39
229.84,14.78,50.007,20.38,12.1,2.32,1.47,0.43,2.78,2.51,0,None,0,0.00324,1.1599,4.86
228.87,15.09,50.02,22.93,55,2.01,0.94,0.99,2.43,2.84,0,None,0,0.00415,1.16,6.23
231.66,14.83,50.002,21.67,0,1.72,1.6,0.39,2.38,2.03,0,None,0,0.00356,1.1601,5.33
230.21,15.76,49.998,22.5,81.4,1.85,1.59,0.59,2.51,2.6,0,None,0,0.00276,1.1601,4.13
230.65,14.93,49.976,21.84,79.7,1.94,1.18,0.34,2.3,2.9,0,None,0,0.00393,1.1602,5.89
227.41,14.83,50.02,22.66,0,1.13,1.43,0.41,1.87,1.57,0,None,0,0.00454,1.1603,6.81
226.36,14.8,50.05,21.4,0,1.62,1.45,0.24,2.19,2.07,0,None,0,0.00708,1.1604,10.61
227.84,15.05,49.933,20.8,27.9,2.04,0.62,0.77,2.26,2.7,0,None,0,0.007,1.1606,10.49
229.28,14.96,49.998,22.78,0,1.19,1.89,0.27,2.25,2.32,0,None,0,0.00284,1.1606,4.26
230.86,14.53,49.971,21.52,0,1.63,1.1,0.83,2.13,2.4,0,None,0,0.00415,1.1607,6.22
226.49,15.07,49.955,21.76,51.2,3.43,1.48,0.72,3.8,4.59,0,None,0,0.00833,1.1609,12.5
232.39,15.19,49.966,22.53,48.7,1.32,1.49,0.58,2.07,2.47,0,None,0,0.00533,1.161,7.99
230.26,14.77,50.011,20.69,6.2,1.77,0.2,0.84,1.97,1.96,0,None,0,0.0027,1.161,4.06
232.04,15.2,50.012,21.95,0,1.5,0.94,1.38,2.24,2.27,0,None,0,0.00418,1.1611,6.27
228.67,15.22,50.044,20.97,0,1.93,1.54,0.72,2.57,2.79,0,None,0,0.00563,1.1612,8.44
155.5,14.94,50,21.31,0,1.51,1.22,0.32,1.97,1.7,0,Voltage_Sag,1,0.05057,1.1622,75.86
155.08,15.04,49.947,21.44,0,1.85,1.48,0.97,2.56,3.16,0,Voltage_Sag,1,0.05406,1.1633,81.09
155.82,14.26,49.993,20.15,0,1.57,1.24,0.65,2.1,1.78,0,Voltage_Sag,1,0.05084,1.1643,76.26
154.76,14.97,49.958,20.69,15,2.63,1.69,1.13,3.33,2.97,0,Voltage_Sag,1,0.05448,1.1654,81.72
155.47,15.44,49.964,22.36,10.7,2.05,1.25,0.47,2.44,3.11,0,Voltage_Sag,1,0.05286,1.1665,79.29
156.11,15.09,50.017,21.96,20.2,1.4,1.77,0.92,2.44,2.29,0,Voltage_Sag,1,0.0515,1.1675,77.25
154.33,14.74,50.006,21.16,0,2.5,0.81,0.6,2.7,2.49,0,Voltage_Sag,1,0.05234,1.1686,78.51
155.24,15.65,50.018,21.38,0,1.43,1.15,1.26,2.22,2.25,0,Voltage_Sag,1,0.05186,1.1696,77.8
153.08,15.61,49.989,20.91,11.1,1.06,0.96,0.53,1.53,1.78,0,Voltage_Sag,1,0.05223,1.1706,78.34
155.7,15.22,50.024,22.2,6.6,2,1.36,1.35,2.77,2.72,0,Voltage_Sag,1,0.05241,1.1717,78.61
156.97,15.53,49.988,20.92,22.4,3.14,1.09,0.71,3.4,4.21,0,Voltage_Sag,1,0.05165,1.1727,77.48
153.73,14.36,50.034,21.24,6.2,0.9,1.11,0.81,1.64,1.44,0,Voltage_Sag,1,0.05306,1.1738,79.59
154.9,15.06,50.01,21.93,27,1.2,0.92,1.03,1.83,1.57,0,Voltage_Sag,1,0.05132,1.1748,76.98
351.86,14.86,49.994,20.36,21.6,2.45,1.02,0.4,2.68,2.25,1,None,0,0.08247,1.1765,123.7
230.05,15.11,50.006,22.2,42.5,1.61,1.2,0.84,2.18,2.07,0,None,0,0.00253,1.1765,3.79
230.25,14.74,49.999,19.7,0,2.37,0.39,0.53,2.46,2.21,0,None,0,0.00264,1.1766,3.97
229.41,14.24,50.048,22.19,0,1.5,0.28,0.64,1.65,1.7,0,None,0,0.00443,1.1767,6.64
229.36,15.19,50.007,20.56,36.4,2.09,1.22,0.62,2.5,3.24,0,None,0,0.00328,1.1767,4.92
229.87,15.35,50,20.63,64.5,3.05,0.09,0.74,3.14,3.87,0,None,0,0.00322,1.1768,4.84
230.06,15.46,49.993,19.28,29.2,1.28,1.12,0.73,1.86,2.32,0,None,0,0.00225,1.1768,3.38
228.23,14.68,50.025,20.4,0,2.61,1.05,0.46,2.85,3.47,0,None,0,0.00527,1.1769,7.91
157.3,14.85,50.021,19.9,18.3,2.41,1.42,0.63,2.86,2.68,0,Voltage_Sag,1,0.05134,1.178,77.01
158.97,14.11,49.992,20.21,0,1.11,0.93,0.02,1.45,1.32,0,Voltage_Sag,1,0.04818,1.1789,72.27
156.93,14.84,49.965,20.55,0,2.34,1.83,0.85,3.08,3.6,0,Voltage_Sag,1,0.05247,1.18,78.71
228.14,15.35,49.973,21.4,27.3,2.04,1.54,1.02,2.76,3.03,0,None,0,0.00532,1.1801,7.98
229.77,14.75,49.994,20.77,0,2.05,0.6,0.65,2.23,2.02,0,None,0,0.00266,1.1801,3.99
228.93,15.68,50.04,20.81,24.2,2.2,1.09,0.2,2.46,3.16,0,None,0,0.00519,1.1802,7.78
227.99,0,49.992,19.66,0,1.79,1.81,0.79,2.66,2.7,1,None,0,0.00435,1.1803,6.52
492.8,15.03,49.982,19.8,22.8,2.04,0.92,0.41,2.28,2.75,1,None,0,0.17456,1.1838,261.84
228.93,14.59,49.947,21.91,0,2.14,1.18,0.65,2.53,2.12,0,None,0,0.00587,1.1839,8.8
229.06,15.07,50.045,19.85,22.8,2.45,1.76,0.77,3.11,2.54,0,None,0,0.00599,1.1841,8.99
230.23,14.55,50.017,21.73,39.8,1.08,0.98,0.74,1.64,1.68,0,None,0,0.00264,1.1841,3.96
227.7,15.31,50.024,20.18,48.8,2.77,1.65,0.87,3.34,2.87,0,None,0,0.00604,1.1842,9.06
227.39,15.46,50.029,20.35,80.5,1.31,0.84,0.64,1.68,2.16,0,None,0,0.00482,1.1843,7.23
231.01,15.41,49.995,21.17,9.8,2.46,0.04,0.64,2.54,3.06,0,None,0,0.00344,1.1844,5.17
175.64,14.7,50.003,21.3,4.6,2.05,1.69,0.78,2.77,2.84,0,Voltage_Sag,1,0.03835,1.1852,57.53
176.74,14.96,50.045,20.16,0,1.23,1.38,0.58,1.94,2.5,0,Voltage_Sag,1,0.0389,1.1859,58.35
175.79,15.06,50.005,19.91,0,2.32,1.4,0.43,2.74,2.52,0,Voltage_Sag,1,0.03837,1.1867,57.55
177.31,15.04,50.018,20.15,0,1.43,0.76,0.71,1.77,2.02,0,Voltage_Sag,1,0.03702,1.1874,55.52
178.37,14.83,50.026,20.43,17.7,2.64,0.79,0.32,2.78,2.25,0,Voltage_Sag,1,0.03775,1.1882,56.63
178.01,14.22,50.019,20.84,0,1.57,1.66,0.58,2.36,2.33,0,Voltage_Sag,1,0.03723,1.1889,55.85
180.65,15.14,49.996,20.1,13.4,1.1,1.3,0.26,1.72,1.45,0,Voltage_Sag,1,0.0341,1.1896,51.15
290.5,14.88,49.999,20.56,0,2.92,1.15,0.46,3.17,3.12,1,Voltage_Sag,1,0.04268,1.1905,64.02
176.8,14.8,50.023,21.35,0,2.11,1.29,0.47,2.52,2.49,0,Voltage_Sag,1,0.03838,1.1912,57.57
228.2,15.18,50.023,20.31,10,2.52,1.8,0.35,3.12,3.08,0,None,0,0.00545,1.1914,8.18
234.06,14.9,50.035,20.22,0,1.49,1.49,0.88,2.28,2.3,0,None,0,0.00668,1.1915,10.02
231.59,14.44,50.017,18.73,0,0.86,1.01,0.85,1.58,1.75,0,None,0,0.00345,1.1916,5.17
230.88,14.21,50.018,17.81,0,3.01,0.64,0.93,3.21,2.87,0,None,0,0.00468,1.1917,7.02
230.11,14.57,49.987,20.19,0,2,1.44,0.55,2.52,2.31,0,None,0,0.00326,1.1917,4.89
230.41,15.61,49.983,19.78,0,2.29,0.83,0.49,2.49,2.79,0,None,0,0.00363,1.1918,5.44
227.78,15.09,50.023,19.41,0,2.39,0.73,0.8,2.63,2.71,0,None,0,0.00525,1.1919,7.87
230.24,15.02,49.983,19.99,16.7,1.8,1.73,0.63,2.57,2.27,0,None,0,0.00359,1.192,5.38
230.11,14.94,49.999,19.72,26.3,2.14,1.55,0.63,2.71,3.24,0,None,0,0.00281,1.192,4.22
228.64,14.89,50.041,20.64,9.3,2.96,1.35,0.04,3.25,4.12,0,None,0,0.00621,1.1921,9.31
229.19,15.4,50.037,19.77,39.8,1.98,0.7,0.79,2.25,2.32,0,None,0,0.0046,1.1922,6.9
232.27,14.8,50.009,19.08,23,2.57,1.92,0.76,3.29,3.64,0,None,0,0.00522,1.1923,7.84
229.81,15.09,49.991,20.44,0,0.81,1.61,0.6,1.9,2.29,0,None,0,0.00247,1.1924,3.7
233.11,14.77,49.996,19.44,0,2.67,1.08,0.8,2.99,3.84,0,None,0,0.0052,1.1925,7.81
227.39,15.53,50.026,20.01,12.5,1.09,0.99,0.75,1.65,2.12,0,None,0,0.00466,1.1926,6.99
229.22,15.17,49.999,19.17,23,2.61,1.23,0.43,2.91,3.67,0,None,0,0.00348,1.1927,5.22
227.68,15.45,49.983,19.01,55.9,2.23,1.01,0.55,2.51,3.03,0,None,0,0.00486,1.1928,7.29
228.19,14.89,50.036,19.56,47.6,1.94,2.08,0.35,2.87,2.91,0,None,0,0.00588,1.1929,8.82
228.76,15.19,50.005,19.48,0,1.94,1.05,0.97,2.41,2.73,0,None,0,0.00349,1.1929,5.23
230.47,18.59,49.983,19.82,0,8.09,5.3,2.32,9.94,11.75,0,Harmonic_Distortion,1,0.01112,1.1932,16.68
230.4,18.85,50.014,19.19,26.8,6.08,3.85,3.09,7.83,6.63,0,Harmonic_Distortion,1,0.00881,1.1933,13.22
228.98,19.42,50.029,17.91,42.7,10.1,3.37,2.92,11.04,9.47,0,Harmonic_Distortion,1,0.01316,1.1936,19.74
226.66,18.46,49.97,19,37.6,7.34,6.57,2.75,10.23,11.8,0,Harmonic_Distortion,1,0.01392,1.1939,20.89
232.22,18.8,49.994,19.96,0,7.5,5.78,1.6,9.6,10.89,0,Harmonic_Distortion,1,0.01135,1.1941,17.03
229.57,18.83,49.993,19.06,0,8.15,3.25,2.94,9.25,11.12,0,Harmonic_Distortion,1,0.0099,1.1943,14.86
228.33,18.86,50.014,19.07,0,7.1,3.63,2.13,8.26,7.37,0,Harmonic_Distortion,1,0.01003,1.1945,15.04
230.41,14.81,50.019,20.02,10.9,2.06,1.18,0.83,2.51,3.19,0,None,0,0.00373,1.1946,5.6
230.31,15.51,49.983,18.64,13.7,1.91,0.73,1.18,2.37,2.18,0,None,0,0.00339,1.1947,5.09
229.52,14.41,49.955,17.94,0,1.4,1.19,0.62,1.94,1.68,0,None,0,0.00449,1.1947,6.74
230.22,15.29,50.031,19.02,0,2.27,1.51,0.54,2.78,2.67,0,None,0,0.00447,1.1948,6.7
228.27,15.3,49.966,18.73,25.2,2.51,1.89,0.74,3.22,3.88,0,None,0,0.00603,1.195,9.05
231.14,15.39,50.008,18.32,0,1.5,0.76,0.55,1.77,1.44,0,None,0,0.00292,1.195,4.38
228.5,14.55,49.996,18.93,44.2,3.17,1.1,0.45,3.39,3.1,0,None,0,0.00456,1.1951,6.84
229.09,14.61,50.005,19.43,0,2.91,0.99,0.37,3.1,3.96,0,None,0,0.00393,1.1952,5.9
230.97,15.5,50.05,19,50.3,2.33,1.31,0.26,2.68,2.17,0,None,0,0.0058,1.1953,8.69
231.81,14.3,50.091,19.23,0,1.26,0.59,0.78,1.6,1.5,0,None,0,0.00733,1.1954,11
232.38,14.44,49.951,20.41,0,2.24,0.83,0.19,2.4,2.31,0,None,0,0.0064,1.1956,9.6
231.58,14.69,50.03,18.65,0,2.17,0.52,0.38,2.26,2.86,0,None,0,0.00477,1.1957,7.16
229.51,14.91,49.995,19.12,0,2.31,0.62,0.67,2.48,3.04,0,None,0,0.00304,1.1957,4.55
227.69,15.3,50.031,18.46,0,2.95,0.94,0.52,3.14,3.24,0,None,0,0.00622,1.1959,9.33
232.11,18.89,50.029,18.17,0,6.2,5.54,2.42,8.66,8.3,0,Harmonic_Distortion,1,0.01147,1.1961,17.21
232.06,18.81,50.042,18.35,13.4,8.54,5.43,2.11,10.34,13.15,0,Harmonic_Distortion,1,0.01379,1.1964,20.69
228.99,19.1,50.009,18.41,0,7.47,3.81,3.62,9.13,8.17,0,Harmonic_Distortion,1,0.01022,1.1966,15.32
231.38,23.62,49.973,19.05,0,15.06,7.12,3.91,17.11,17.77,0,Harmonic_Distortion,1,0.01935,1.1969,29.02
229.5,23.73,50.028,20.61,0,18.55,12.04,5.83,22.87,23.08,0,Harmonic_Distortion,1,0.02459,1.1974,36.88
232.25,23.34,50.004,18.14,15.7,15.06,11.59,5.73,19.85,25.16,0,Harmonic_Distortion,1,0.02149,1.1979,32.24
229.23,22.42,49.993,18.35,0,13.84,8.98,4.59,17.12,20.17,0,Harmonic_Distortion,1,0.01798,1.1982,26.97
232.97,23.34,49.986,18.6,64.4,16.23,8.64,5.17,19.1,19.7,0,Harmonic_Distortion,1,0.02175,1.1987,32.62
231.18,18.79,50.03,18.95,0,11.09,2.88,1.84,11.6,12.8,0,Harmonic_Distortion,1,0.01388,1.1989,20.82
194.98,14.9,50.048,18.81,0,1.91,0.96,0.23,2.15,2.69,0,Voltage_Sag,1,0.02739,1.1995,41.09
192.14,14.88,49.964,19.6,11.1,2.08,1.09,0.47,2.39,2.91,0,Voltage_Sag,1,0.02888,1.2001,43.32
192.14,14.88,50.019,16.61,6.2,1.51,1.34,0.58,2.1,2.33,1,Voltage_Sag,1,0.02772,1.2006,41.58
191.5,14.39,49.989,16.61,0,0.99,1.19,0.37,1.59,2,0,Voltage_Sag,1,0.02725,1.2012,40.88
231.27,14.74,49.956,18.1,0,2.06,1.05,0.84,2.46,2.44,0,None,0,0.00549,1.2013,8.24
231.35,15.15,50.004,19.35,61.5,2.08,0.84,0.55,2.31,2.7,0,None,0,0.00341,1.2013,5.12
233.6,14.85,49.975,17.19,56.6,2.32,1.36,0.7,2.78,2.24,0,None,0,0.00637,1.2015,9.56
230.72,18.82,49.953,16.01,0,8.9,3.21,1.8,9.63,10.51,0,Harmonic_Distortion,1,0.01247,1.2017,18.7
231.09,18.89,49.977,18.85,0,9.58,7.21,3.21,12.41,10.78,0,Harmonic_Distortion,1,0.0143,1.202,21.44
229.29,18.75,49.969,18.56,66.6,6.61,2.92,2.13,7.54,8,0,Harmonic_Distortion,1,0.00954,1.2022,14.31
230.81,18.95,49.981,17.47,0,11.08,5.5,1.8,12.5,11.54,0,Harmonic_Distortion,1,0.014,1.2025,21
229.43,18.37,49.96,17.53,0,7.56,5.61,2.2,9.66,9.57,0,Harmonic_Distortion,1,0.01202,1.2027,18.04
230.17,18.94,49.988,17.52,0,10.34,5.05,2.58,11.8,14.11,0,Harmonic_Distortion,1,0.0125,1.203,18.76
230.26,19.46,49.979,18.35,0,7.87,4.79,3.5,9.86,8.17,0,Harmonic_Distortion,1,0.0111,1.2032,16.64
229.47,18.79,50.011,17.74,0,6.15,5.47,1.56,8.38,8.95,0,Harmonic_Distortion,1,0.00928,1.2034,13.93
230.09,14.65,50.018,18.61,42.1,1.58,0.69,1.18,2.09,1.83,0,None,0,0.00305,1.2034,4.57
229.44,14.66,50.008,15.91,0,1.48,1.16,0.68,2,2.17,0,None,0,0.00276,1.2035,4.13
229.43,14.56,49.993,17.48,9.9,2.84,1.12,0.62,3.12,3.48,0,None,0,0.00384,1.2036,5.76
159.89,15.08,49.992,17.24,7.5,2.41,1.61,0.46,2.94,2.62,0,Voltage_Sag,1,0.04906,1.2045,73.58
158.95,14.75,49.975,17.91,0,2.75,0.39,0.76,2.88,2.31,0,Voltage_Sag,1,0.05047,1.2056,75.71
169.49,8.79,49.976,17.66,0,2.87,0.78,0.55,3.02,2.55,1,Voltage_Sag,1,0.04371,1.2064,65.56
157.26,15.38,50.021,18.71,10.3,0.59,1.9,0.68,2.1,2.4,0,Voltage_Sag,1,0.05059,1.2074,75.89
159.21,14.77,49.947,16.56,4.5,2.21,0.23,0.81,2.36,2.34,0,Voltage_Sag,1,0.05117,1.2085,76.75
230.8,15.02,49.998,18.06,0,1.65,1.53,0.77,2.37,2.34,0,None,0,0.00301,1.2085,4.52
229.4,14.9,49.99,18.44,48.1,2.67,0.92,0.91,2.97,3.4,0,None,0,0.00384,1.2086,5.76
233.13,15.08,50.018,19.46,48.3,1.56,1.3,0.73,2.16,2.26,0,None,0,0.0051,1.2087,7.64
226.57,14.71,49.957,17.56,10.8,1.37,1.77,0.36,2.26,2.53,0,None,0,0.00664,1.2088,9.96
231.18,15.04,50,18.18,0,1.14,1.32,0.08,1.74,2.2,0,None,0,0.00253,1.2089,3.79
231.07,15.15,50.01,16.46,0,1.82,1.77,0.65,2.62,2.76,0,None,0,0.00383,1.209,5.75
230.81,14.98,49.943,15.96,11.5,2.55,1,0.66,2.82,3.15,0,None,0,0.0062,1.2091,9.31
230.26,15.1,49.968,18.53,0,2.15,1.06,1.08,2.63,2.95,0,None,0,0.00442,1.2092,6.62
230.83,15.22,49.997,17.83,37.6,1.28,1.51,0.57,2.06,2.2,0,None,0,0.00274,1.2092,4.11
231.3,15,50.015,18.75,0,3.29,1.02,0.69,3.52,3.98,0,None,0,0.00514,1.2093,7.71
228.91,14.39,50.005,16.69,0,2.39,1.44,0.79,2.9,3.53,0,None,0,0.00388,1.2094,5.83
230.45,15.35,50.017,18.18,7.2,2.47,1.67,0.73,3.07,3.69,0,None,0,0.0042,1.2095,6.3
229.73,15.4,49.968,19.23,0,2.77,1.55,0.81,3.28,2.71,0,None,0,0.00507,1.2096,7.61
184.59,14.73,49.952,18.05,0,1.02,0.57,0.4,1.23,1.57,0,Voltage_Sag,1,0.03323,1.2103,49.84
186.79,14.68,50.003,17.91,0,1.45,1.06,0.36,1.84,2.25,0,Voltage_Sag,1,0.03015,1.2109,45.22
185.23,14.97,49.963,17.68,0,2.49,1.31,0.53,2.87,3.69,0,Voltage_Sag,1,0.03391,1.2115,50.86
184.1,14.88,49.974,16.39,0,1.51,1.1,0.06,1.87,1.68,0,Voltage_Sag,1,0.03311,1.2122,49.66
185.26,14.88,50.028,18.71,9.7,1.83,1.23,0.59,2.29,2.44,0,Voltage_Sag,1,0.03286,1.2129,49.29
184.95,14.38,50.006,17.12,0,1.95,1.32,0.44,2.4,2.44,0,Voltage_Sag,1,0.03206,1.2135,48.09
187.16,14.89,49.983,17.99,0,1.23,0.99,0.68,1.72,1.7,0,Voltage_Sag,1,0.03051,1.2141,45.77
186.1,15.07,49.979,16.31,17.5,1.78,1.12,0.53,2.17,2.18,0,Voltage_Sag,1,0.03185,1.2148,47.77
187.59,14.95,50.019,16.59,0,2.55,0.73,0.35,2.67,3.35,0,Voltage_Sag,1,0.03126,1.2154,46.89
229,15.02,50.006,18.66,21.5,2.44,1.01,0.93,2.8,3.21,0,None,0,0.00377,1.2155,5.65
231.31,14.68,49.964,17.22,0,2.67,0.59,0.62,2.8,2.7,0,None,0,0.00548,1.2156,8.22
234.26,15.13,49.942,18.64,0,2.61,1.25,0.82,3,2.97,0,None,0,0.0087,1.2157,13.05
230.53,14.79,50.056,17.39,0,2.24,1.12,0.65,2.59,2.68,0,None,0,0.00576,1.2159,8.64
231.29,14.68,49.963,15.96,31.3,2.2,0.83,0.72,2.46,2.42,0,None,0,0.00513,1.216,7.7
231.04,14.75,50.016,18.12,0,2.15,1.91,0.26,2.89,2.62,0,None,0,0.00436,1.216,6.54
227.87,14.22,50.045,16.92,0,1.62,1.1,0.92,2.17,2.21,0,None,0,0.00582,1.2162,8.74
230.88,14.74,50.004,17.93,0,1.38,1.31,0.82,2.08,1.74,0,None,0,0.00287,1.2162,4.31
230.46,14.97,49.982,17.37,0,1.59,0.94,0.6,1.94,2.38,0,None,0,0.00314,1.2163,4.71
204.02,14.81,49.957,20.94,0,6.79,2.13,0.67,7.15,8.66,0,Combined_Weather_Electrical,1,0.02623,1.2168,39.34
203.19,15.29,49.957,24.01,10.2,4.41,2.87,0.85,5.33,6.64,0,Combined_Weather_Electrical,1,0.02497,1.2173,37.46
205.29,14.77,50.011,25.62,0,4.3,3.28,0.51,5.44,5.56,0,Combined_Weather_Electrical,1,0.02212,1.2177,33.17
203.07,15.14,50.044,22.2,35.3,7.01,3.73,0.2,7.94,8.94,0,Combined_Weather_Electrical,1,0.02768,1.2183,41.52
144.27,15,49.988,21.72,0,4.86,4.14,0.51,6.4,7.71,0,Combined_Weather_Electrical,1,0.06291,1.2196,94.36
142.39,15.51,49.983,22.69,0,5.96,3.76,0.64,7.08,6.78,0,Combined_Weather_Electrical,1,0.06505,1.2209,97.57
141.15,15.08,50.021,24.83,13.9,7.63,2,0.59,7.91,8.83,0,Combined_Weather_Electrical,1,0.0669,1.2222,100.35
159.6,14.45,49.979,17.35,0,1.99,0.59,0.93,2.28,2.32,0,Voltage_Sag,1,0.04922,1.2232,73.83
159.84,14.97,50.008,16.29,0,2.61,1.78,0.36,3.17,3.13,0,Voltage_Sag,1,0.04934,1.2242,74.01
162.65,15.36,50.001,17.33,2.7,2.31,1.57,0.39,2.82,3.47,0,Voltage_Sag,1,0.04681,1.2251,70.21
159.21,14.7,49.988,17.96,0,2.68,1.46,0.34,3.07,3.41,0,Voltage_Sag,1,0.04985,1.2261,74.78
160.01,14.97,50,16.44,0,2.97,1.03,0.71,3.22,3.58,0,Voltage_Sag,1,0.04889,1.2271,73.33
159.57,15.18,50.053,18.23,0,2.35,0.67,0.22,2.45,2.15,0,Voltage_Sag,1,0.05102,1.2281,76.54
160.65,15.5,50.018,17,34.6,2.06,1.09,0.79,2.46,2.39,0,Voltage_Sag,1,0.04859,1.2291,72.89
159.59,14.75,50.033,16.34,0,2.06,1.16,0.37,2.39,2.92,0,Voltage_Sag,1,0.04995,1.2301,74.93
158.94,14.58,49.972,17.83,0,1.72,0.75,0.41,1.92,1.74,0,Voltage_Sag,1,0.04964,1.2311,74.45
159.93,14.95,50.033,16.78,18.7,1.7,0.61,1.04,2.08,2.68,0,Voltage_Sag,1,0.04943,1.2321,74.14
159.82,15.02,50.019,17.6,7.6,2.54,0.51,0.91,2.75,3.34,0,Voltage_Sag,1,0.04947,1.233,74.21
229.11,15.01,49.955,16.74,0,1.42,1.46,0.63,2.14,1.99,0,None,0,0.00496,1.2331,7.45
229.19,14.85,50.016,16.91,0,2.97,0.72,0.27,3.07,2.62,0,None,0,0.0044,1.2332,6.6
231.78,14.76,49.985,17.34,26.9,1.91,1.32,1.1,2.57,2.28,0,None,0,0.0045,1.2333,6.75
229.52,14.92,49.954,17.16,0,3.72,1.04,0.55,3.9,3.59,0,None,0,0.00653,1.2334,9.8
228.3,14.92,50.004,15.31,0,1.58,1.44,0.66,2.24,2.06,0,None,0,0.00354,1.2335,5.31
229.31,15.1,50.016,15.99,71.5,2.15,1.33,0.83,2.66,2.15,0,None,0,0.00392,1.2336,5.88
230.08,14.53,50.005,17.61,0,1.79,1.11,0.11,2.11,2.44,0,None,0,0.00239,1.2336,3.58
228,14.92,49.997,16.75,59.8,1.52,1.25,0.44,2.02,2.6,0,None,0,0.00349,1.2337,5.24
232.44,15.21,49.99,16.42,51.1,2.64,1.16,0.58,2.94,2.77,0,None,0,0.00503,1.2338,7.54
231.3,14.27,50.074,15.73,0,1.34,0.95,0.63,1.76,1.42,0,None,0,0.00631,1.2339,9.46
232.15,14.23,49.965,15.94,41.3,1.59,1.59,0.27,2.27,2.86,0,None,0,0.00544,1.2341,8.16
230.59,15.11,50.026,15.17,0,2.35,1.03,0.68,2.66,2.4,0,None,0,0.00435,1.2341,6.52
226.86,14.89,50,16.69,0,2.45,1.17,0.61,2.78,2.23,0,None,0,0.00485,1.2342,7.27
232.3,14.9,49.974,16.27,0,1.16,0.63,1.02,1.67,1.52,0,None,0,0.00445,1.2343,6.68
228.7,14.44,49.999,15.96,15.9,2.35,1.31,0.85,2.82,2.4,0,None,0,0.00374,1.2344,5.61
228.83,14.95,49.958,16.66,0,2.08,0.96,0.53,2.35,2.73,0,None,0,0.0052,1.2345,7.8
230.23,14.83,49.982,16.99,0,1.45,1.01,0.55,1.85,1.48,0,None,0,0.0029,1.2346,4.34
232.07,14.53,49.999,18.36,45.7,1.53,0.86,0.85,1.95,1.99,0,None,0,0.00337,1.2346,5.05
231.58,15.1,49.953,15.46,0,0.78,1.15,0.67,1.54,1.61,0,None,0,0.0049,1.2347,7.35
231.36,14.83,50.015,17.58,0,3.03,0.4,0.26,3.07,3.66,0,None,0,0.00471,1.2348,7.07
229.53,14.76,49.971,17.42,28.1,2.61,1.47,1.12,3.2,3.4,0,None,0,0.00495,1.2349,7.43
229.51,0,49.956,16,7.9,1.23,1.18,0.35,1.74,1.5,1,None,0,0.00424,1.235,6.36
230.52,14.13,49.968,16.77,0,2.48,1.01,1.22,2.94,2.98,0,None,0,0.0049,1.2351,7.35
229.8,14.96,50.065,16.23,17.1,1.66,0.58,0.71,1.89,2.4,0,None,0,0.00528,1.2352,7.92
231.33,14.88,49.941,16.73,15.7,2.55,1.37,0.44,2.93,2.69,0,None,0,0.00677,1.2353,10.15
231.25,14.73,50.013,17.77,0,1.7,0.95,0.01,1.95,1.85,0,None,0,0.00341,1.2354,5.12
230.89,15.28,49.977,17.03,35.7,1.78,1.72,0.79,2.6,3.22,0,None,0,0.00431,1.2355,6.46
226.21,14.33,49.989,16.94,0,1.83,1.39,0.21,2.31,2.75,0,None,0,0.0053,1.2356,7.96
187.49,14.58,50.018,21.65,5.7,6.21,3.74,0.69,7.29,6.9,0,Combined_Weather_Electrical,1,0.03592,1.2363,53.87
187.2,14.41,50.017,21.17,0,5.3,3.55,1.08,6.47,7.47,0,Combined_Weather_Electrical,1,0.03522,1.237,52.83
187.54,14.7,49.98,19.89,6.9,6.89,2.89,0.32,7.48,6.3,0,Combined_Weather_Electrical,1,0.0362,1.2378,54.3
186.41,15.1,49.959,20.8,33,6.25,2.9,0.78,6.93,7.43,0,Combined_Weather_Electrical,1,0.0374,1.2385,56.1
185.71,0,50.019,22.38,0,7.39,3.95,0.4,8.39,10.37,1,Combined_Weather_Electrical,1,0.03821,1.2393,57.31
187.9,14.58,50.017,20.92,0,3.68,3.87,0.88,5.41,6.61,0,Combined_Weather_Electrical,1,0.0337,1.2399,50.55
186.9,14.46,49.991,24.5,0,4.51,3.22,0.62,5.57,5.02,0,Combined_Weather_Electrical,1,0.03411,1.2406,51.17
188.03,15.21,50.013,19.78,2.2,5.17,4.74,0.6,7.04,7.51,0,Combined_Weather_Electrical,1,0.03507,1.2413,52.61
186.51,15.41,49.987,22.01,0,5.22,2.19,0.9,5.73,5.72,0,Combined_Weather_Electrical,1,0.03476,1.242,52.14
189.06,14.81,49.975,23.08,7.1,6.12,2.22,0.76,6.56,7.09,0,Combined_Weather_Electrical,1,0.0345,1.2427,51.75
188.55,14.57,50,22.65,14.3,3.36,2.66,0.4,4.31,3.61,0,Combined_Weather_Electrical,1,0.03134,1.2433,47.02
230.45,15.21,50.016,15.59,21.4,1.36,0.77,1.05,1.88,2.43,0,None,0,0.00295,1.2434,4.42
229.68,14.31,50.009,16.92,0,2.25,1.73,0.22,2.85,3.08,0,None,0,0.00352,1.2435,5.28
231.28,14.72,50.015,15.29,39.8,3.46,0.79,0.67,3.61,3.1,0,None,0,0.00521,1.2436,7.81
230.59,14.59,49.977,15.05,37.5,2.73,0.7,0.39,2.85,3.19,0,None,0,0.00437,1.2437,6.56
230.36,14.48,50.047,15.81,33.2,2.95,1.13,0.23,3.17,2.54,0,None,0,0.00577,1.2438,8.66
231.56,14.72,49.99,16.89,14.9,2.2,0.69,0.32,2.33,1.87,0,None,0,0.00386,1.2438,5.8
232.14,14.48,49.996,16.13,8.8,2.2,1.82,0.59,2.92,2.6,0,None,0,0.00449,1.2439,6.74
228.12,14.86,49.96,15.91,41.3,1.38,1.11,0.69,1.9,1.78,0,None,0,0.0051,1.244,7.65
228.42,15.03,49.994,16.3,76.9,2.57,0.09,0.86,2.71,2.53,0,None,0,0.00403,1.2441,6.05
228.83,14.46,50.016,14.86,0,1.96,1.28,0.97,2.53,2.59,0,None,0,0.00409,1.2442,6.14
227.75,14.79,50.023,16.64,43.1,2.42,1.42,0.67,2.88,3.04,0,None,0,0.0055,1.2443,8.24
229.91,14.66,50.047,16.54,0,2.02,1.03,0.49,2.32,2.34,0,None,0,0.00472,1.2444,7.08
230.9,14.94,50.016,15.89,0,2.17,0.66,0.86,2.42,2.39,0,None,0,0.00379,1.2445,5.69
229.97,14.71,50.008,17.01,0,1.95,1.16,0.45,2.31,2.62,0,None,0,0.00275,1.2445,4.12
229.2,14.91,49.987,15.3,0,2.13,1.01,0.2,2.37,2.19,0,None,0,0.00356,1.2446,5.34
231.69,14.93,49.98,17.09,0,2.6,0.81,0.83,2.85,3.17,0,None,0,0.00494,1.2447,7.41
230.21,14.89,50.029,16.3,0,1.24,0.77,0.93,1.73,2.22,0,None,0,0.00333,1.2448,4.99
230.51,15.11,50.029,15.9,0,1.1,1.26,0.39,1.72,1.78,0,None,0,0.00349,1.2448,5.23
231.73,14.37,49.968,16.14,0,2.26,1.56,1.09,2.95,3.12,0,None,0,0.0057,1.245,8.54
229.82,14.56,50.022,16.06,0,2.86,1.38,0.75,3.27,3.8,0,None,0,0.00447,1.245,6.71
233.09,15.28,50.02,17.11,0,3.02,0.51,0.71,3.14,3.31,0,None,0,0.00613,1.2452,9.2
229.33,14.59,49.967,15.26,0,1.27,1.45,0.47,1.98,1.73,0,None,0,0.00409,1.2452,6.13
233,13.83,50.016,15.5,0,1.76,1.51,0.85,2.47,2.73,0,None,0,0.00523,1.2454,7.85
228.54,14.74,49.969,16.93,14.5,1.11,1.76,0.22,2.09,2.21,0,None,0,0.00462,1.2454,6.93
230.78,14.72,49.927,15.62,0,1.67,0.82,0.52,1.93,2.46,0,None,0,0.00608,1.2456,9.12
229.04,14.13,49.995,16.81,43,2.67,1.18,0.42,2.95,2.5,0,None,0,0.00382,1.2456,5.73
231.68,15.21,50.008,17.44,9,1.99,1.43,0.27,2.47,2.63,0,None,0,0.00395,1.2457,5.92
229.28,14.57,49.997,15.75,24.3,1.78,0.99,0.82,2.19,2.43,0,None,0,0.00283,1.2458,4.25
230.44,15.05,50.086,16.6,56.4,2.33,1.42,0.69,2.81,3.12,0,None,0,0.0074,1.2459,11.09
229.02,14.59,50.011,15.13,0,1.52,1.19,0.8,2.09,1.74,0,None,0,0.0033,1.246,4.95
231.41,14.35,50.004,16.64,0,2.96,0.86,0.53,3.12,3.01,0,None,0,0.00426,1.2461,6.39
229.02,14.53,50.013,16.19,34.9,2,0.9,0.85,2.35,2.19,0,None,0,0.00364,1.2462,5.46
232.53,14.52,49.987,16.4,20.4,1.76,1.7,0.62,2.52,2.88,0,None,0,0.00483,1.2462,7.25
228.51,15,50.028,15.5,0,2.35,0.8,0.48,2.53,2.96,0,None,0,0.0049,1.2463,7.35
227.98,14.81,50.011,14.68,55.7,2.56,0.73,0.44,2.7,2.44,0,None,0,0.00456,1.2464,6.84
231.43,14.56,50.009,16.4,0,2.96,1.34,0.1,3.25,3.94,0,None,0,0.00465,1.2465,6.98
229.11,14.34,49.981,14.34,0,1.87,1.19,0.89,2.39,2.49,0,None,0,0.00391,1.2466,5.86
229.99,15.05,49.953,15.73,0,2.65,0.68,0.86,2.87,2.67,0,None,0,0.00522,1.2467,7.83
229.52,15.18,49.985,16.73,0,2.06,0.99,1.33,2.65,2.51,0,None,0,0.00371,1.2468,5.57
228.03,15.06,50.008,16.12,0,1.63,0.87,0.52,1.92,1.79,0,None,0,0.00363,1.2469,5.45
229.88,15.15,49.987,17.52,55.9,1.53,0.94,0.43,1.85,2.04,0,None,0,0.00259,1.2469,3.89
231.9,14.9,50.009,16.77,17.8,1.34,2.21,0.17,2.59,2.76,0,None,0,0.00427,1.247,6.4
231.5,14.31,49.993,15.42,0,1.55,1.08,0.84,2.07,2.63,0,None,0,0.0034,1.2471,5.1
157.31,14.62,50.013,15.96,0,2.67,0.85,0.78,2.91,2.72,0,Voltage_Sag,1,0.05096,1.2481,76.44
158.21,14.54,49.971,15.9,3.5,2.42,2.01,0.99,3.3,3.17,0,Voltage_Sag,1,0.05159,1.2491,77.38
155.98,14.21,50.006,14.66,8,1.26,1.56,0.37,2.03,1.63,0,Voltage_Sag,1,0.05059,1.2501,75.89
156.74,15.07,49.981,15.17,6.5,0.95,1.49,0.78,1.93,1.83,0,Voltage_Sag,1,0.05067,1.2511,76.01
157.48,14.46,49.954,15.47,0,1.33,0.87,0.47,1.66,1.53,0,Voltage_Sag,1,0.05126,1.2522,76.9
156.94,15.02,49.995,14.28,3.5,1.53,1.68,0.94,2.46,2.46,0,Voltage_Sag,1,0.05036,1.2532,75.53
156.82,15.04,50.046,15.94,5.1,1.82,1.53,0.73,2.48,2.6,0,Voltage_Sag,1,0.05252,1.2542,78.78
155.84,14.85,49.956,15.7,0,2.7,1.26,0.21,2.99,3.39,0,Voltage_Sag,1,0.05354,1.2553,80.31
154.94,14.84,50.004,14.55,1.8,1.67,0.51,0.57,1.84,1.65,0,Voltage_Sag,1,0.05097,1.2563,76.46
157.91,14.53,50.024,16.21,0,3.01,1.19,0.11,3.24,3.49,0,Voltage_Sag,1,0.05145,1.2573,77.18
157.32,15.36,50.069,16.45,5.2,0.99,1.89,0.31,2.16,2.51,0,Voltage_Sag,1,0.05301,1.2584,79.51
157.99,14.82,49.985,16.06,7.1,1.79,1.29,0.32,2.23,2.05,0,Voltage_Sag,1,0.04993,1.2594,74.89
156.62,14.89,49.981,15.61,8,2.47,1.05,0.44,2.72,2.65,0,Voltage_Sag,1,0.05152,1.2604,77.29
156.34,14.52,49.965,16.34,0,2.51,1.11,0.53,2.79,2.52,0,Voltage_Sag,1,0.05258,1.2615,78.88
230.01,14.49,50.034,16.4,12.4,1.8,1.14,0.64,2.22,1.9,0,None,0,0.00394,1.2616,5.91
231.28,15.08,49.974,16.1,57,2.6,0.88,0.63,2.82,3.32,0,None,0,0.00495,1.2617,7.43
229.65,14.95,49.989,15.19,56.6,2.49,1.18,0.59,2.82,2.59,0,None,0,0.0036,1.2617,5.4
231.2,14.47,49.945,16.07,0,1.59,1.78,0.68,2.48,2.44,0,None,0,0.00604,1.2619,9.06
228.49,14.33,50.027,16.8,5.6,2.19,1.73,0.29,2.81,2.59,0,None,0,0.00512,1.262,7.67
229.76,14.46,50.035,15.36,44.4,2.42,0.9,0.62,2.66,2.18,0,None,0,0.00455,1.262,6.83
229.89,15.13,50.025,17.51,0,1.63,1.71,0.96,2.55,2.97,0,None,0,0.00389,1.2621,5.83
231.84,14.49,49.952,15.41,0,3.02,1.5,0.56,3.42,3.83,0,None,0,0.00702,1.2623,10.54
230.31,14.8,50.018,15.85,53.4,1.5,1.45,0.72,2.21,2.29,0,None,0,0.00332,1.2623,4.99
232.62,15.26,49.95,15.29,39,2.09,1.37,0.7,2.59,2.95,0,None,0,0.00681,1.2625,10.22
227.98,14.42,50.002,16,14.8,1.25,0.83,0.82,1.71,2.09,0,None,0,0.00311,1.2625,4.67
230.19,14.4,50.006,14.42,0,2.06,1.04,0.67,2.4,2.67,0,None,0,0.00284,1.2626,4.26
230.27,14.44,50.009,15.38,0,1.36,1.53,0.81,2.2,2.76,0,None,0,0.00284,1.2626,4.27
230.93,15.13,50.016,14.94,0,1.82,0.72,0.73,2.09,1.88,0,None,0,0.0035,1.2627,5.25
228.78,15.35,50,15.92,13.2,1.05,0.78,0.76,1.52,1.88,0,None,0,0.00232,1.2628,3.48
232.53,14.96,49.941,16.6,0,2.48,1.32,0.71,2.9,3.1,0,None,0,0.00749,1.2629,11.24
230.02,0,50.016,16.32,0,2.21,0.88,0.35,2.41,2.94,1,None,0,0.00322,1.263,4.84
228.37,14.42,50.003,13.91,0,2.65,1.53,0.31,3.08,3.61,0,None,0,0.00429,1.2631,6.43
229.98,15.55,49.973,17.43,48.9,1.79,0.9,0.51,2.07,1.71,0,None,0,0.00344,1.2631,5.16
229.53,14.78,49.953,16.03,0,2.68,1.3,0.99,3.14,3.82,0,None,0,0.0058,1.2632,8.7
234.17,14.94,50.046,15.18,6.3,2.02,1.33,0.56,2.49,2.41,0,None,0,0.00752,1.2634,11.28
231.57,14.66,50.037,15.92,0,2.07,1.01,0.68,2.4,2.43,0,None,0,0.00527,1.2635,7.91
230.07,14.62,50.021,15.93,0,3.27,1.1,0.11,3.45,2.78,0,None,0,0.00456,1.2636,6.84
229.83,15.16,49.98,15.26,0,1.71,0.93,0.65,2.05,2.42,0,None,0,0.00317,1.2637,4.76
231.43,14.86,49.924,15.95,0,2.74,1.19,0.62,3.05,3.15,0,None,0,0.00775,1.2638,11.63
231.5,15.1,50.023,15.3,0,2.29,0.82,0.07,2.43,3.09,0,None,0,0.00455,1.2639,6.83
225.63,14.81,50.011,15.47,14.7,1.66,1.11,0.67,2.11,1.98,0,None,0,0.0055,1.264,8.25
230.96,14.41,49.989,15.24,0,1.21,1.5,0.19,1.94,2.03,0,None,0,0.00313,1.2641,4.69
230.04,14.74,50.034,14.64,69.9,1.38,0.75,0.42,1.62,1.63,0,None,0,0.00334,1.2641,5.01
228.03,14.89,50.025,15.91,41.1,2.68,1.01,0.85,2.98,3.57,0,None,0,0.00554,1.2643,8.31
231.32,14.65,50.005,16.26,32.3,3.04,1.41,0.64,3.41,3.64,0,None,0,0.00454,1.2643,6.8
233.37,14.38,50.001,16.2,0,2.05,0.37,0.49,2.14,2.21,0,None,0,0.00439,1.2644,6.59
230.84,15.32,50.002,16.44,60.6,2.09,1.94,0.47,2.89,3.68,0,None,0,0.00351,1.2645,5.26
231.65,14.54,50.02,16.05,0,2.47,1.62,0.5,2.99,2.96,0,None,0,0.00509,1.2646,7.63
232.71,14.71,49.974,15.36,0,2.04,0.58,0.64,2.22,2.32,0,None,0,0.00527,1.2647,7.91
228.75,14.84,50.013,16.46,6.8,2.66,0.36,0.3,2.7,2.91,0,None,0,0.00415,1.2648,6.23
186.02,14.57,49.972,17.93,13.6,6.79,3.39,0.88,7.64,6.32,0,Combined_Weather_Electrical,1,0.0377,1.2655,56.55
189.11,15.19,50.04,20.22,12.4,4.17,2.09,0.31,4.68,4.97,0,Combined_Weather_Electrical,1,0.03335,1.2662,50.02
188,14.32,50.016,18.52,0,5.45,4.34,0.17,6.97,6.75,0,Combined_Weather_Electrical,1,0.03516,1.2669,52.74
186.62,14.81,49.979,20.23,0,6.4,2.89,0.85,7.07,7.96,0,Combined_Weather_Electrical,1,0.0364,1.2676,54.6
229.88,14.9,50.002,16.55,25.6,0.1,1.25,0.49,1.35,1.51,0,None,0,0.00154,1.2677,2.32
231.09,14.81,49.974,16.19,28.6,2.74,0.97,0.62,2.97,3.44,0,None,0,0.00496,1.2678,7.45
229.78,14.34,50.045,16.66,0,1.91,1.84,0.76,2.76,2.76,0,None,0,0.00516,1.2679,7.74
228.82,14.92,50.049,15.1,0,1.76,1.5,0.42,2.35,2,0,None,0,0.00556,1.268,8.33
229.66,14.93,50.021,16.08,0,0.83,1.44,0.63,1.78,1.81,0,None,0,0.00304,1.2681,4.56
229.97,14.58,50.047,15.7,24.9,1.62,1.68,0.76,2.45,2.64,0,None,0,0.00481,1.2681,7.21
227.11,15.23,50.005,16.48,72.2,1.54,0.79,1.01,2,1.63,0,None,0,0.00412,1.2682,6.18
201.92,14.8,50.023,20.59,0,6.23,2.73,0.47,6.82,7.32,0,Combined_Weather_Electrical,1,0.02628,1.2688,39.42
200.33,14.29,50.037,23.11,0,5.97,3.71,0.48,7.04,7.04,0,Combined_Weather_Electrical,1,0.02823,1.2693,42.34
202.97,14.46,50,23.75,0,5.78,4.22,0.74,7.19,7.47,0,Combined_Weather_Electrical,1,0.02482,1.2698,37.24
200.05,15.28,50.002,23.47,19.2,4.85,3.03,0.65,5.75,5.47,0,Combined_Weather_Electrical,1,0.02539,1.2703,38.09
203.44,14.76,50.028,22.44,0,3.56,2.52,0.57,4.4,4.6,0,Combined_Weather_Electrical,1,0.02312,1.2708,34.68
201.57,14.52,50.019,20.22,0,5.59,4.2,1,7.07,8.77,0,Combined_Weather_Electrical,1,0.02658,1.2713,39.87
201.39,14.48,49.977,19.82,7.9,6.8,2.03,0.18,7.1,8.48,0,Combined_Weather_Electrical,1,0.02689,1.2719,40.34
202.49,14.44,49.934,18.03,0,5.06,2.8,0.24,5.78,6.41,0,Combined_Weather_Electrical,1,0.027,1.2724,40.5
200.96,14.57,49.995,20.77,0,6.04,2.24,0.18,6.44,7.17,0,Combined_Weather_Electrical,1,0.02564,1.2729,38.47
202.47,14.46,49.937,22.13,0,5,2.82,0.9,5.81,7.25,0,Combined_Weather_Electrical,1,0.02691,1.2734,40.37
201.14,14.46,49.97,23.37,24.6,4.94,3.35,0.73,6.01,6.25,0,Combined_Weather_Electrical,1,0.02632,1.274,39.48
201.37,15.02,49.974,20.02,5.4,4.89,2.43,0.26,5.46,5.84,0,Combined_Weather_Electrical,1,0.02545,1.2745,38.17
202.64,14.97,49.983,22.05,0,5.7,3.83,0.57,6.89,8.48,0,Combined_Weather_Electrical,1,0.02559,1.275,38.38
228.29,14.22,50.025,14.08,0,2.44,1.09,0.59,2.74,3.23,0,None,0,0.00509,1.2751,7.63
228.1,14.84,50.031,16.95,11.7,2.27,0.83,0.05,2.42,2.46,0,None,0,0.00521,1.2752,7.82
230.37,14.42,50.015,14.99,11.2,1.33,1.22,0.65,1.92,1.83,0,None,0,0.00292,1.2753,4.38
229.96,14.71,50.019,16.87,11.7,2.18,1.07,0.31,2.44,2.59,0,None,0,0.00342,1.2753,5.13
230.25,14.63,50.02,16.63,0,2.51,0.54,0.78,2.69,2.31,0,None,0,0.00383,1.2754,5.75
230.49,14.67,49.925,15.16,34.8,1.57,1.12,0.31,1.95,2.22,0,None,0,0.00602,1.2755,9.02
230.09,15.25,50,14.98,0,2.18,0.7,0.65,2.38,2.46,0,None,0,0.00245,1.2756,3.68
230.91,14.58,49.946,16.17,0,1.67,1.56,0.92,2.46,2.7,0,None,0,0.00575,1.2757,8.63
230.15,14.42,50.015,15.22,0,3.2,1.04,0.84,3.47,4.24,0,None,0,0.00433,1.2758,6.49
226.99,14.47,49.937,15.98,0,1.2,2.21,0.73,2.62,2.56,0,None,0,0.00772,1.2759,11.58
227.38,15.31,49.995,15.52,81.1,2.69,1.59,0.58,3.18,3.33,0,None,0,0.00516,1.276,7.74
232.89,14.27,50.016,14.49,34.5,1,1.15,0.22,1.54,1.66,0,None,0,0.00424,1.2761,6.37
230,14.38,49.966,14.13,0,3.08,1.43,0.49,3.43,3.22,0,None,0,0.0051,1.2762,7.66
231.43,15.14,50.029,16.11,0,1.32,0.36,0.54,1.47,1.38,0,None,0,0.00384,1.2763,5.76
229.48,14.75,50.015,15.48,0,2.11,1.58,0.53,2.69,2.86,0,None,0,0.00379,1.2764,5.69
229.91,14.98,50.011,15.49,61.7,1.02,0.87,0.22,1.36,1.26,0,None,0,0.00199,1.2764,2.98
229.32,15.36,50.021,16.5,0,1.19,1.24,0.71,1.86,2.28,0,None,0,0.00335,1.2765,5.02
233.7,14.82,49.989,16.89,0,2.54,0.91,0.3,2.71,3.52,0,None,0,0.00566,1.2766,8.5
230.38,14.47,50.005,15.74,0,2.62,0.95,0.99,2.95,2.67,0,None,0,0.00343,1.2767,5.14
229.2,14.73,50,15.69,33.1,2.14,1.13,0.64,2.5,2.72,0,None,0,0.00304,1.2767,4.56
187.87,14.38,50,16.37,0,2.44,1.23,0.84,2.86,2.5,0,Voltage_Sag,1,0.03036,1.2773,45.54
192.36,15.02,49.98,14.89,0,2.63,1.19,0.84,3,2.68,0,Voltage_Sag,1,0.02856,1.2779,42.84
189.71,14.88,49.963,16.17,0,1.59,1.2,1.12,2.28,2.7,0,Voltage_Sag,1,0.03042,1.2785,45.63
154.13,15.06,49.99,24.14,0,4.47,3.05,0.65,5.46,4.91,0,Combined_Weather_Electrical,1,0.05544,1.2796,83.17
154.24,15.09,49.988,23.17,0,4.84,3.17,0.5,5.81,6.82,0,Combined_Weather_Electrical,1,0.05581,1.2807,83.71
152.92,14.73,49.978,20.75,6.4,5.18,3.87,0.51,6.49,6.5,0,Combined_Weather_Electrical,1,0.05786,1.2819,86.79
154.05,14.39,50.026,21.68,0,6.47,3.53,0.97,7.44,7.73,0,Combined_Weather_Electrical,1,0.05824,1.2831,87.36
152.78,14.65,49.965,21.1,0,5.53,3.56,0.27,6.58,6.12,0,Combined_Weather_Electrical,1,0.05871,1.2842,88.06
152.39,14.44,49.995,21.68,0,5.2,3.42,0.38,6.24,6.7,0,Combined_Weather_Electrical,1,0.05711,1.2854,85.66
154.55,14.77,50.035,23.84,0,5.32,2.51,0.66,5.92,5.72,0,Combined_Weather_Electrical,1,0.05688,1.2865,85.31
153.22,15.22,50.027,20.63,3.3,5.68,2.36,0.56,6.17,5.48,0,Combined_Weather_Electrical,1,0.05761,1.2877,86.41
153.9,14.63,50.036,20.11,0,7.31,3.06,0.84,7.96,6.93,0,Combined_Weather_Electrical,1,0.05942,1.2888,89.13
153.79,14.8,49.982,19.2,1.9,4.4,3.8,0.27,5.82,7.56,0,Combined_Weather_Electrical,1,0.05641,1.29,84.61
154.02,14.72,50.024,20.06,0,7.43,2.94,0.58,8.01,7.8,0,Combined_Weather_Electrical,1,0.05874,1.2912,88.11
183.87,14.99,49.968,19.4,3.2,4.96,2.41,0.55,5.54,6.66,0,Combined_Weather_Electrical,1,0.03722,1.2919,55.83
185.05,14.68,49.992,20.24,10.7,5.34,2.59,0.33,5.94,5.77,0,Combined_Weather_Electrical,1,0.03567,1.2926,53.51
185.36,14.06,49.995,22.75,0,5.27,3.06,0.82,6.15,6.83,0,Combined_Weather_Electrical,1,0.03553,1.2933,53.3
228.75,14.93,49.983,15.2,31.3,2.2,1.04,0.58,2.5,3.05,0,None,0,0.00418,1.2934,6.26
230.64,14.95,49.989,15.06,0,1.64,1.18,0.57,2.1,2.41,0,None,0,0.00306,1.2935,4.59
231.78,14.95,49.985,14.9,41.8,1.33,0.34,0.39,1.43,1.2,0,None,0,0.00333,1.2935,5
232.02,14.54,49.971,16.68,0,2.68,1.57,0.51,3.14,2.82,0,None,0,0.00593,1.2937,8.9
229.49,14.48,50.026,17.11,15.2,2.21,0.45,0.34,2.29,2.83,0,None,0,0.0039,1.2937,5.85
230.44,14.93,49.995,17.65,0,3,0.57,0.82,3.16,3.28,0,None,0,0.00372,1.2938,5.58
230.67,14.79,50.006,16.86,0,0.78,0.79,0.86,1.41,1.55,0,None,0,0.00214,1.2938,3.22
230.93,14.76,50.005,17.12,10.4,2.55,1.16,1.02,2.98,2.42,0,None,0,0.00383,1.2939,5.75
228.68,15.32,50.002,15.74,21.5,1.84,0.55,0.71,2.05,2.14,0,None,0,0.00299,1.294,4.49
232.73,14.38,50.003,15.29,0,1.79,0.78,0.52,2.02,2.05,0,None,0,0.00394,1.2941,5.9
231.39,15.51,49.991,16.91,57.3,1.54,1.66,0.48,2.32,2.65,0,None,0,0.00368,1.2941,5.52
180.72,14.74,50.043,16.57,0,2.54,1.16,0.72,2.88,2.7,0,Voltage_Sag,1,0.03715,1.2949,55.73
181.01,14.17,50.023,16.34,0,2.37,1.37,0.65,2.81,3.3,0,Voltage_Sag,1,0.0359,1.2956,53.86
180.23,14.67,50.001,16.57,0,1.31,0.71,0.56,1.59,1.81,0,Voltage_Sag,1,0.03408,1.2963,51.12
178.4,15.08,49.987,16.53,8.5,2.1,1.18,0.53,2.47,2.6,0,Voltage_Sag,1,0.03679,1.297,55.18
179.44,14.91,49.996,17.31,32.6,2.42,1.15,0.89,2.83,2.79,0,Voltage_Sag,1,0.03598,1.2977,53.97
177.67,14.32,50.013,17.34,0,2.11,0.88,0.49,2.34,2.22,0,Voltage_Sag,1,0.03709,1.2985,55.64
180.09,14.69,50.045,16.75,0,2.66,1.18,0.94,3.06,3.27,0,Voltage_Sag,1,0.03786,1.2992,56.79
179.4,14.49,49.959,17,0,1.83,0.44,0.65,1.99,2.16,0,Voltage_Sag,1,0.03704,1.3,55.57
179.55,14.88,50.02,16.75,0,0.65,1.38,0.51,1.6,1.64,0,Voltage_Sag,1,0.03549,1.3007,53.24
181.01,14.97,50.034,15.98,5.6,2.11,1.04,0.4,2.39,2.29,0,Voltage_Sag,1,0.03603,1.3014,54.04
179.07,14.69,49.955,16.97,32.9,2.11,1.1,0.56,2.44,3.03,0,Voltage_Sag,1,0.03789,1.3022,56.83
179.31,14.45,49.995,15.26,0,2.19,1.54,0.73,2.77,2.65,0,Voltage_Sag,1,0.0361,1.3029,54.16
230.03,15.16,49.968,17.23,41.8,2.66,1.37,0.51,3.04,3.45,0,None,0,0.00466,1.303,6.99
227.24,14.51,50.013,15.45,23.4,0.83,1.07,0.81,1.58,1.98,0,None,0,0.00403,1.3031,6.04
229.6,14.41,49.989,16.64,0,1.86,0.75,0.49,2.06,2.32,0,None,0,0.00286,1.3031,4.29
226.27,14.33,49.996,15.75,0,1.45,1.73,0.57,2.33,2.29,0,None,0,0.00495,1.3032,7.43
229.12,14.89,49.988,16.89,11,1.28,0.66,0.28,1.46,1.39,0,None,0,0.00265,1.3033,3.98
231.28,14.81,50.022,16.43,0,1.96,1.45,0.74,2.55,3.12,0,None,0,0.00446,1.3034,6.69
230.67,14.66,50.007,15.19,51.8,2.42,0.56,0.53,2.54,2.66,0,None,0,0.00332,1.3034,4.98
229.11,14.74,50.007,16.82,0,2.18,1.57,0.99,2.86,3.14,0,None,0,0.00379,1.3035,5.69
230.06,15.35,50.005,16.04,47.8,1.59,1.6,0.78,2.39,2.62,0,None,0,0.00267,1.3036,4
228.39,14.47,50.017,17.22,0,1.91,0.43,0.62,2.06,2.2,0,None,0,0.00397,1.3036,5.95
230,14.18,49.992,16.53,10.8,2.56,1.38,0.91,3.04,3.85,0,None,0,0.00344,1.3037,5.16
234.4,14.91,50.051,16.86,8.4,2.41,1.35,0.7,2.85,3.6,0,None,0,0.00827,1.3039,12.4
232.77,14.66,49.963,15.79,0,1.67,1.48,0.85,2.39,1.96,0,None,0,0.00605,1.304,9.07
230.08,14.49,49.948,16.1,0,1.63,1.35,0.38,2.15,2.26,0,None,0,0.00479,1.3041,7.18
230.24,14.97,49.946,16.22,15.7,0.97,0.82,0.72,1.46,1.58,0,None,0,0.00432,1.3042,6.49
228.53,15.02,49.938,17.29,0,1.74,1.11,0.73,2.19,2.77,0,None,0,0.00627,1.3043,9.4
228.8,14.14,50.02,17.96,0,0.96,1.87,0.21,2.11,1.76,0,None,0,0.0039,1.3044,5.85
228.8,14.14,50.017,15.99,49.7,3.24,0.76,0.98,3.47,4.14,1,None,0,0.00508,1.3045,7.62
229.21,15.59,50.036,17.51,29.1,1.49,1.33,0.31,2.02,2.26,0,None,0,0.00434,1.3046,6.52
231.36,14.82,49.968,14.93,0,2.67,1.66,0.28,3.15,3.68,0,None,0,0.00562,1.3047,8.43
232.35,15.16,50.022,15.73,66.6,3.09,0.8,0.11,3.2,3.02,0,None,0,0.00585,1.3048,8.77
230.5,15.05,50.002,15.93,0,2.13,0.63,0.72,2.34,2.74,0,None,0,0.00275,1.3048,4.12
230.15,14.9,50.005,15.63,52.9,1.94,0.69,0.19,2.07,1.95,0,None,0,0.00242,1.3049,3.63
227.48,14.94,50.019,15.46,7,1.21,1.36,0.47,1.88,2.14,0,None,0,0.00446,1.305,6.69
231.12,14.97,49.977,17.08,0,1.7,0.69,0.81,2,2.39,0,None,0,0.00387,1.3051,5.8
228.28,15.19,50.078,16.59,73.9,2.96,1.15,0.65,3.24,3.86,0,None,0,0.00824,1.3052,12.36
229.37,14.82,50.04,17.08,39.6,2.21,1.75,0.44,2.85,3.06,0,None,0,0.00526,1.3053,7.89
231.44,14.82,49.984,17.35,0,2.02,1.18,0.2,2.35,2.36,0,None,0,0.00408,1.3054,6.12
231.54,14.69,49.967,17.03,29.1,2.79,0.89,0.57,2.98,2.75,0,None,0,0.00562,1.3055,8.44
229.3,14.77,49.997,17.36,0,2.42,1.25,0.81,2.84,2.32,0,None,0,0.00343,1.3056,5.14
229.39,14.52,50.005,16.79,33.2,1.91,1.17,0.78,2.37,1.96,0,None,0,0.00305,1.3057,4.57
228.95,14.46,50.032,15.92,0,2.13,1.38,1.05,2.75,2.77,0,None,0,0.00503,1.3058,7.54
228.2,0,49.965,17.73,0,1.54,1.85,0.44,2.44,2.07,1,None,0,0.00537,1.3059,8.05
229.05,14.6,50.009,16.43,39.2,1.66,1.36,0.27,2.16,1.85,0,None,0,0.00321,1.3059,4.82
227.58,14.56,49.954,16.17,0,1.88,2.01,0.68,2.83,2.54,0,None,0,0.00671,1.3061,10.06
231.02,14.72,50.013,16.8,8.3,2.33,1.38,0.65,2.79,2.9,0,None,0,0.00411,1.3061,6.17
230.59,14.83,49.997,16.23,0,1.25,0.89,0.6,1.65,1.81,0,None,0,0.0022,1.3062,3.3
230.84,15.31,50.058,16.64,73.9,2.05,2.12,0.41,2.97,3.41,0,None,0,0.00642,1.3063,9.64
228.57,18.25,49.954,17.27,47.6,5.77,6.41,1.51,8.75,9.13,0,Harmonic_Distortion,1,0.01201,1.3066,18.01
228.21,18.68,50.041,17.29,0,9.55,5.66,1.44,11.19,12.67,0,Harmonic_Distortion,1,0.01442,1.3068,21.62
230.08,18.48,49.949,16.31,0,8.48,6.77,2.25,11.08,13.64,0,Harmonic_Distortion,1,0.01369,1.3071,20.53
230.1,18.54,49.96,16.66,41.2,6.87,5.72,3.11,9.46,9.34,0,Harmonic_Distortion,1,0.01152,1.3073,17.28
229.78,18.68,49.95,17.93,79.3,9.69,3.94,3.26,10.96,12.54,0,Harmonic_Distortion,1,0.01362,1.3076,20.43
196.84,0,50.008,24.46,20.1,12.35,6.38,3.49,14.33,16.19,1,Harmonic_Distortion,1,0.03634,1.3083,54.51
199.41,0,49.965,22.05,45.7,12.33,6.82,3.13,14.44,16.14,1,Harmonic_Distortion,1,0.03615,1.3091,54.22
197.76,15.17,49.96,21.12,0,4.46,3.54,0.79,5.75,6.28,0,Combined_Weather_Electrical,1,0.0288,1.3096,43.2
199.74,15.2,50.006,25.37,0,5.94,1.56,0.61,6.18,7.18,0,Combined_Weather_Electrical,1,0.02621,1.3102,39.32
198.84,14.72,50.014,23.77,0,4.64,2.69,0.61,5.4,6.53,0,Combined_Weather_Electrical,1,0.0264,1.3107,39.59
199.4,15.03,50.001,21.23,9.3,5.27,3.28,0.13,6.21,6.18,0,Combined_Weather_Electrical,1,0.02622,1.3112,39.33
195.83,15.19,49.995,21.56,3.7,6.89,4.01,0.44,7.98,9,0,Combined_Weather_Electrical,1,0.03051,1.3118,45.77
197.97,14.55,50.055,23.49,0,5.16,4.39,0.45,6.79,6.27,0,Combined_Weather_Electrical,1,0.03042,1.3124,45.63
197.97,14.55,50.004,23.08,17,4.37,2.79,0.57,5.22,6.15,1,Combined_Weather_Electrical,1,0.02633,1.313,39.49
195.07,15,50.024,25.77,25.9,5.58,3.37,0.37,6.53,8.1,0,Combined_Weather_Electrical,1,0.03052,1.3136,45.78
199.13,15.05,50.004,22.63,0,5.55,2.28,0.83,6.06,7.15,0,Combined_Weather_Electrical,1,0.0264,1.3141,39.61
196.83,15,49.967,19.62,0,4.75,3.57,0.38,5.95,6.23,0,Combined_Weather_Electrical,1,0.02923,1.3147,43.85
195.85,14.86,50.016,21.02,17.3,4.13,3.05,0.88,5.2,4.51,0,Combined_Weather_Electrical,1,0.0283,1.3153,42.45
229.38,14.29,49.98,16.84,0,1.85,0.21,0.36,1.9,2.35,0,None,0,0.00329,1.3153,4.93
228.81,14.85,49.997,17.54,0,3.71,1.63,0.45,4.08,4.93,0,None,0,0.00499,1.3154,7.49
228.96,14.64,50.009,17.14,40.7,2.13,1.82,0.43,2.84,3.26,0,None,0,0.00397,1.3155,5.96
229.67,14.31,49.942,17.23,0,0.86,1.4,0.48,1.71,2.1,0,None,0,0.00484,1.3156,7.26
232.6,14.42,49.952,18.04,0,0.71,0.93,0.89,1.47,1.57,0,None,0,0.00558,1.3157,8.37
229,14.88,50.027,16.62,13.1,2.44,0.74,0.52,2.6,3.37,0,None,0,0.00462,1.3158,6.92
232.49,15.26,49.98,19.03,0,3.49,2.14,0.52,4.13,5.03,0,None,0,0.00675,1.3159,10.12
231.27,14.84,49.982,16.04,31.3,1.83,0.84,0.41,2.06,1.81,0,None,0,0.00381,1.316,5.72
230.59,14.82,50.005,17.04,0,1.8,1.81,0.54,2.6,2.61,0,None,0,0.00324,1.3161,4.86
231.12,15.37,49.988,17.83,56.3,2.26,1.36,0.65,2.71,2.4,0,None,0,0.00402,1.3162,6.04
230.02,14.34,50.013,18.03,0,1.52,2.02,0.55,2.59,2.36,0,None,0,0.00323,1.3162,4.84
231.93,15.04,49.998,17.5,26.9,0.47,1.07,0.56,1.3,1.37,0,None,0,0.00264,1.3163,3.95
230.85,14.89,50.006,17.56,29.8,2.62,0.56,0.85,2.81,2.76,0,None,0,0.00367,1.3163,5.5
227.5,14.97,49.979,17.95,0,1.63,1.2,0.67,2.13,2.68,0,None,0,0.00481,1.3164,7.22
230.44,14.63,50.006,17.46,0,2.63,0.61,0.31,2.72,2.17,0,None,0,0.0033,1.3165,4.95
231.18,14.65,50.033,18.79,14.4,1.54,2.27,0.58,2.81,2.26,0,None,0,0.00523,1.3166,7.85
229.57,14.86,49.983,18.36,0,2.07,1.45,0.47,2.57,3.24,0,None,0,0.00371,1.3167,5.56
230.19,15.4,50.027,18.41,22.2,2.51,1.51,0.73,3.02,2.78,0,None,0,0.00452,1.3168,6.78
229.08,15.01,49.998,16.97,0,2.64,1.51,0.63,3.11,2.49,0,None,0,0.00378,1.3169,5.68
227.93,14.63,50.022,17.7,0,2.14,0.92,0.88,2.49,2.54,0,None,0,0.00494,1.317,7.41
227.67,14.7,50.004,17.54,80.3,2.11,1.15,0.41,2.44,2.19,0,None,0,0.00415,1.317,6.22
227.69,14.25,49.999,17,0,2.37,1.24,0.55,2.73,2.26,0,None,0,0.00429,1.3171,6.43
231,15.32,50.01,18.12,29.4,2.28,1.98,0.33,3.04,3.23,0,None,0,0.00421,1.3172,6.32
226.26,14.48,50.036,17.42,0,1.23,0.74,0.59,1.55,1.35,0,None,0,0.0058,1.3173,8.7
229,14.72,50.007,18.4,0,1.24,0.91,0.22,1.55,1.89,0,None,0,0.00256,1.3174,3.83
228.85,15.15,50.014,17.05,0,0.73,1.05,0.68,1.45,1.38,0,None,0,0.00292,1.3174,4.38
229.58,14.38,49.989,19.3,0,2.46,0.93,0.59,2.69,2.45,0,None,0,0.00352,1.3175,5.28
227.22,15.3,50.047,17.23,22.8,1.76,0.62,0.64,1.97,2.31,0,None,0,0.00615,1.3176,9.22
230.61,14.95,50.019,18.15,55.6,2.49,0.12,0.8,2.62,3.21,0,None,0,0.00397,1.3177,5.96
228.09,17.01,50.002,18.63,18.8,8.57,4.13,3.6,10.17,8.61,0,Harmonic_Distortion,1,0.01153,1.3179,17.3
231.7,17.18,49.996,17.57,0,7.74,6.78,2.98,10.72,9.38,0,Harmonic_Distortion,1,0.01201,1.3182,18.01
229.07,17.08,50.029,18.73,0,9.01,3.46,1.6,9.78,10.15,0,Harmonic_Distortion,1,0.01186,1.3184,17.79
229.86,17.49,49.982,17.09,20.7,8.45,4.24,2.27,9.72,10.65,0,Harmonic_Distortion,1,0.01073,1.3186,16.09
230.01,17.54,49.947,19.26,86.3,8.05,6.34,3.02,10.68,8.99,0,Harmonic_Distortion,1,0.01335,1.3189,20.03
230.37,16.63,50.002,18.13,0,9.95,5.43,2.38,11.58,11.44,0,Harmonic_Distortion,1,0.01193,1.3191,17.89
230.06,17.2,50.036,17.67,0,11.33,6.53,2.88,13.39,16.72,0,Harmonic_Distortion,1,0.01521,1.3194,22.82
229.36,16.81,50.048,17.93,0,9.88,5.11,3.21,11.58,14.34,0,Harmonic_Distortion,1,0.01439,1.3197,21.58
230.51,17.41,49.997,18.84,0,7.94,5.53,3.36,10.25,9.79,0,Harmonic_Distortion,1,0.01074,1.3199,16.11
230.7,16.86,50.001,17.75,0,8.83,6.33,2.68,11.19,10.22,0,Harmonic_Distortion,1,0.01171,1.3202,17.56
228.85,17.18,50.016,17.65,16.2,7.52,6.91,2.5,10.51,11.48,0,Harmonic_Distortion,1,0.01204,1.3204,18.06
230.64,14.86,49.992,18.09,0,1.16,1.35,1.31,2.21,1.88,0,None,0,0.00303,1.3205,4.54
231.79,14.7,50.015,17.35,0,2.73,1.13,0.94,3.1,2.85,0,None,0,0.00505,1.3206,7.57
231.06,15.08,49.997,19.78,30.1,2.46,1.04,0.49,2.72,2.4,0,None,0,0.00353,1.3206,5.3
231.4,15,50.03,17.89,0,2.71,1.65,1.17,3.38,3.06,0,None,0,0.00581,1.3208,8.72
230.26,14.5,50.022,19.04,0,2.49,0.68,0.61,2.65,2.4,0,None,0,0.0039,1.3208,5.85
228.6,15.04,50.024,18.57,58.7,1.86,1.79,0.68,2.67,2.98,0,None,0,0.00481,1.3209,7.21
244.65,20.11,49.994,17.64,0,3.22,1.09,0.53,3.44,3.59,1,None,0,0.0133,1.3212,19.95
230.48,14.9,50.058,18.45,0,2.2,0.67,0.53,2.36,2.91,0,None,0,0.00557,1.3213,8.35
231.41,14.81,50.015,19.1,10.8,1.74,0.98,0.04,2,2.33,0,None,0,0.00365,1.3214,5.47
234.18,14.71,50.007,18.35,46,2.3,0.85,0.8,2.58,2.71,0,None,0,0.00568,1.3215,8.52
231.47,14.97,49.977,19.48,0,2.58,0.97,0.53,2.81,2.68,0,None,0,0.00491,1.3216,7.37
228.24,15.29,49.997,19.37,16.3,2.06,0.96,0.55,2.34,2.84,0,None,0,0.00363,1.3217,5.44
228.85,14.82,50.003,19.32,23.2,2.24,0.95,0.67,2.52,2.11,0,None,0,0.00344,1.3217,5.16
233.42,14.53,49.976,18.24,0,2.05,1.08,0.5,2.37,2.7,0,None,0,0.00578,1.3219,8.67
229.68,14.97,49.991,17.77,31.9,1.6,1.17,0.67,2.1,1.8,0,None,0,0.00274,1.3219,4.12
230.07,14.55,49.995,18.17,35.1,1.51,1.51,0.9,2.31,2.47,0,None,0,0.00261,1.322,3.91
228.56,14.64,50.002,18.85,0,1.16,1.1,0.7,1.75,2.18,0,None,0,0.00277,1.322,4.15
232.35,15.42,49.947,19.15,50.1,2.91,1.33,0.56,3.25,2.99,0,None,0,0.00742,1.3222,11.14
230.75,14.95,49.996,17.01,45.5,1.87,1.2,0.57,2.29,1.92,0,None,0,0.00298,1.3222,4.48
228.84,14.27,49.989,18.76,0,0.06,1.42,0.65,1.56,1.51,0,None,0,0.00288,1.3223,4.32
228.51,14.31,49.999,18.92,0,2.24,1.22,0.39,2.58,2.68,0,None,0,0.00358,1.3224,5.37
230.46,14.88,50.031,18.6,0,2.23,0.94,0.65,2.5,2.91,0,None,0,0.00436,1.3224,6.53
230.07,15.15,50.062,19.89,0,0.88,0.83,0.77,1.44,1.17,0,None,0,0.00456,1.3225,6.84
231.25,14.47,50.02,19.22,22.8,1.5,1.28,0.62,2.07,1.79,0,None,0,0.0039,1.3226,5.85
230.82,15.03,49.963,19.96,0,1.47,1.71,0.49,2.31,2.32,0,None,0,0.0047,1.3227,7.05
229.6,15.24,49.99,18.76,0,1.55,1.11,0.53,1.98,1.68,0,None,0,0.00276,1.3228,4.14
229.18,15.66,50.018,19.71,50.7,2.73,0.92,0.76,2.98,3.81,0,None,0,0.0044,1.3229,6.61
229.18,15.66,50.014,20.3,7.6,1.91,1.1,0.32,2.23,2.35,1,None,0,0.00348,1.3229,5.23
229.17,15.06,50.03,20.07,0,1.74,0.98,0.4,2.04,2.01,0,None,0,0.00406,1.323,6.08
229.8,14.31,49.997,18.17,34.3,2.67,0.93,0.2,2.84,3.66,0,None,0,0.00311,1.3231,4.67
230.02,15.72,49.989,18.87,61,2.3,0.62,0.61,2.46,2.76,0,None,0,0.00302,1.3231,4.53
186.47,14.67,50.053,26.2,0,3.44,3.81,0.82,5.2,5.5,0,Combined_Weather_Electrical,1,0.03622,1.3238,54.33
188.34,14.67,50.002,25.75,6.2,3.7,3.92,0.93,5.47,5.04,0,Combined_Weather_Electrical,1,0.03273,1.3245,49.09
187.11,14.81,49.969,25.94,0,4.6,1.93,0.99,5.09,4.71,0,Combined_Weather_Electrical,1,0.03458,1.3252,51.87
186.54,15.36,50.044,26.34,7.1,4.41,3.21,0.43,5.47,5.37,0,Combined_Weather_Electrical,1,0.03603,1.3259,54.04
187.14,15.55,49.955,26.12,1.8,7.99,3.73,0.66,8.84,10.39,0,Combined_Weather_Electrical,1,0.03904,1.3267,58.56
187.86,14.92,49.895,22.62,9.1,4.08,1.89,0.5,4.52,5.46,0,Combined_Weather_Electrical,1,0.03724,1.3274,55.86
187.67,15.22,50.023,25.61,0,5.96,1.88,1.01,6.33,5.67,0,Combined_Weather_Electrical,1,0.03509,1.3281,52.64
230.63,14.86,50.027,18.9,0,1.33,1.12,0.93,1.97,2.38,0,None,0,0.00375,1.3282,5.62
231.35,14.56,50.012,19.38,0,2.56,0.66,0.64,2.72,2.62,0,None,0,0.00422,1.3283,6.33
231.96,15.36,49.961,19.12,16.3,1.61,1.14,0.45,2.03,1.82,0,None,0,0.00526,1.3284,7.88
230.43,14.89,49.998,20.31,40.6,2.23,0.92,0.26,2.42,2.18,0,None,0,0.00279,1.3285,4.19
228.4,15.22,49.992,17.15,0,1.31,0.83,0.24,1.57,1.62,0,None,0,0.00303,1.3285,4.55
229.6,15.43,49.984,19.44,41.1,2.04,1.35,0.14,2.45,2.9,0,None,0,0.00352,1.3286,5.28
228.49,15.05,50.042,19.4,0,1.62,0.94,0.24,1.89,2.05,0,None,0,0.00499,1.3287,7.48
232.55,15.46,49.969,19.15,14.5,1.81,1.01,1.07,2.33,2.41,0,None,0,0.00556,1.3288,8.35
232.98,15.62,50.009,20.92,0,1.52,1.72,0.28,2.31,1.87,0,None,0,0.00473,1.3289,7.1
230.98,14.82,50.036,18.86,7.3,2.62,0.83,0.33,2.76,2.99,0,None,0,0.00519,1.329,7.79
231.29,14.81,50.011,20.22,35.7,1.71,1.83,0.37,2.53,2.87,0,None,0,0.00394,1.3291,5.91
230.38,14.34,50.037,19.91,0,1.91,1.06,1.25,2.52,2.14,0,None,0,0.00463,1.3292,6.94
230.55,15.61,50.017,20.67,0,1.94,0.75,0.58,2.16,2.76,0,None,0,0.00337,1.3292,5.05
227.6,14.76,50.013,19.16,7.4,2.97,0.98,0.85,3.24,2.74,0,None,0,0.00544,1.3294,8.17
229.89,15.58,50.011,19.13,96.1,2.53,1.23,0.64,2.89,3.31,0,None,0,0.00351,1.3294,5.27
228.68,14.71,50.018,20.63,0,2.47,1.7,0.1,3,3.19,0,None,0,0.00479,1.3295,7.18
230.42,15.69,49.988,20.12,81.6,1.05,1.52,0.98,2.09,2.6,0,None,0,0.00295,1.3296,4.42
229.91,14.94,49.961,18.57,80.2,1.61,1.23,0.7,2.14,2.15,0,None,0,0.00415,1.3297,6.22
232.92,14.51,50.029,19.41,0,2.71,1.7,0.57,3.25,3.43,0,None,0,0.00659,1.3298,9.88
231.37,14.85,50.035,20.18,0,1.3,0.45,1.04,1.72,1.85,0,None,0,0.00436,1.3299,6.54
230.43,14.77,50.008,20.57,0,2.05,1.3,0.51,2.48,3.07,0,None,0,0.00314,1.3299,4.71
229.6,15.05,49.984,19.39,0,1.36,1.32,0.56,1.98,2.38,0,None,0,0.00306,1.33,4.6
232.51,14.77,49.953,17.63,0,1.42,1.33,0.51,2.01,1.89,0,None,0,0.00599,1.3301,8.98
229.96,15.11,50.003,20.41,0,3.01,0.56,0.87,3.18,4.06,0,None,0,0.00334,1.3302,5.01
230.5,15,49.96,19.05,59.9,2.43,0.79,0.8,2.68,3.15,0,None,0,0.00503,1.3303,7.54
230.06,14.62,49.955,18.44,0,2.59,1.13,0.67,2.91,2.34,0,None,0,0.00518,1.3304,7.77
229.39,14.62,49.999,17.82,0,2.47,1.65,0.34,2.99,2.66,0,None,0,0.00341,1.3305,5.12
230.05,15.55,49.977,20.77,0,1.92,1.97,0.51,2.79,3.43,0,None,0,0.00397,1.3305,5.96
227.06,15.04,50.01,20.25,15,1.59,0.93,0.34,1.87,2.1,0,None,0,0.00431,1.3306,6.46
227.68,14.35,49.995,20,10.6,1.76,0.68,0.89,2.08,1.94,0,None,0,0.00384,1.3307,5.76
230.52,14.81,49.982,21.32,0,1.88,1.53,0.21,2.43,2.16,0,None,0,0.00369,1.3308,5.53
232.35,14.97,49.949,20.75,0,3.07,2.25,1,3.93,3.43,0,None,0,0.00802,1.3309,12.03
230.52,15.53,49.974,21.57,0,1.2,1.64,0.92,2.23,2.14,0,None,0,0.00385,1.331,5.78
228.92,15.25,49.976,19.19,20.1,1.67,0.9,0.37,1.93,2.41,0,None,0,0.00386,1.3311,5.79
227.84,14.64,49.963,20.31,0,1.45,2.34,0.5,2.8,2.73,0,None,0,0.00605,1.3312,9.08
231.18,15.63,49.99,19.08,12.6,2.63,1.47,0.42,3.05,3.45,0,None,0,0.00431,1.3313,6.46
229.15,14.94,49.966,20.22,8.6,3.11,0.88,0.71,3.31,2.83,0,None,0,0.00559,1.3314,8.38
360.39,15.47,49.995,20.23,44.9,2.19,1.97,0.95,3.1,3.3,1,None,0,0.08838,1.3332,132.56
230.58,14.71,50.007,20.97,27.1,2.23,0.85,0.9,2.55,2.48,0,None,0,0.0033,1.3332,4.94
230.72,14.24,49.975,20.53,7.7,2.05,0.95,0.49,2.32,2.04,0,None,0,0.00402,1.3333,6.04
230.05,14.77,50.013,21.03,60.7,2.26,1.49,0.91,2.86,3.43,0,None,0,0.00353,1.3334,5.3
230.58,14.05,49.959,21.12,16.8,2.46,1.19,0.89,2.88,3.48,0,None,0,0.0053,1.3335,7.94
229.82,15.86,49.967,22.32,52.2,2.26,1.21,0.55,2.62,2.5,0,None,0,0.00441,1.3336,6.61
229.05,15.08,49.997,20.37,24.3,2.3,1.22,0.6,2.67,3.01,0,None,0,0.00346,1.3337,5.19
228.55,14.62,50.021,19.91,0,2.47,1.65,0.99,3.12,3.11,0,None,0,0.0051,1.3338,7.65
228.55,14.62,50.026,20.89,52.2,0.93,0.27,0.86,1.3,1.07,1,None,0,0.00354,1.3338,5.32
229.73,14.98,50.048,20.08,5.4,2,1.31,0.91,2.56,2.6,0,None,0,0.00516,1.3339,7.73
232.28,19.76,49.989,21.94,0,10.78,6.99,2.49,13.09,14.24,0,Harmonic_Distortion,1,0.01514,1.3342,22.71
231.1,19.96,49.996,20.56,11.3,7.28,4.66,2.37,8.96,8.51,0,Harmonic_Distortion,1,0.00987,1.3344,14.8
230.34,19.3,49.969,20.37,0,9.37,3.73,3.18,10.57,13.47,0,Harmonic_Distortion,1,0.01234,1.3347,18.52
228.9,19.12,49.962,20.48,9.1,9.33,3.6,3.24,10.52,11.35,0,Harmonic_Distortion,1,0.01311,1.3349,19.67
231.5,19.81,50.007,21.46,0,7.57,5.33,2.27,9.53,9.4,0,Harmonic_Distortion,1,0.01085,1.3352,16.28
229.82,20.02,49.977,20.79,51,9.43,5.76,2.08,11.24,13.13,0,Harmonic_Distortion,1,0.01252,1.3354,18.79
232.36,19.46,50.037,20.44,0,8.76,6.07,3.41,11.2,10.86,0,Harmonic_Distortion,1,0.01458,1.3357,21.88
228.53,20.39,49.956,22.32,0,6.31,5.77,3.07,9.09,7.38,0,Harmonic_Distortion,1,0.01224,1.3359,18.36
228.88,14.79,50.015,20.33,0,1.9,0.64,0.69,2.12,1.71,0,None,0,0.00358,1.336,5.38
228.73,14.73,49.97,21.08,10.8,1.55,1.53,0.82,2.33,2.21,0,None,0,0.00466,1.3361,7
227.78,15.14,49.975,21.6,7.5,2.95,1.72,0.36,3.44,3.02,0,None,0,0.00612,1.3362,9.18
228.59,14.75,50.016,19.81,15.5,1.95,1.61,0.88,2.68,2.62,0,None,0,0.00441,1.3363,6.61
230.15,15.13,49.98,21.53,0,1.81,0.81,0.49,2.05,2.42,0,None,0,0.00316,1.3364,4.74
228.93,14.67,49.985,20.34,0,2.45,0.85,0.47,2.63,2.52,0,None,0,0.00411,1.3365,6.16
224.22,14.97,49.976,21.87,25,3.29,1.86,0.88,3.89,4.2,0,None,0,0.00888,1.3366,13.31
231.61,15.73,50.054,20.48,59.4,2.24,0.72,0.44,2.4,3.02,0,None,0,0.00612,1.3368,9.19
227.47,14.87,49.981,21.84,0,1.77,1.39,0.25,2.27,2.61,0,None,0,0.00484,1.3369,7.26
230.88,15.02,50.002,22.2,63.6,2.42,0.49,0.79,2.59,2.8,0,None,0,0.00324,1.3369,4.86
230.05,15.4,49.994,22.04,11.4,1.06,1.08,0.57,1.61,1.99,0,None,0,0.00195,1.337,2.92
233.18,14.66,50.007,21.58,0,2.03,1.43,0.9,2.64,2.55,0,None,0,0.00505,1.3371,7.57
231.5,14.75,49.982,21.23,0,3.2,1.19,0.81,3.5,3.15,0,None,0,0.0054,1.3372,8.1
235.66,14.03,49.994,20.99,60.2,2.09,1.41,0.16,2.53,2.97,1,None,0,0.00652,1.3373,9.78
228.95,15.94,50.012,22.66,156.4,2.06,0.71,0.93,2.37,1.97,0,None,0,0.00365,1.3374,5.48
232.25,15.66,49.974,20.96,87.3,2.01,0.87,1.07,2.44,2.47,0,None,0,0.00521,1.3375,7.81
227.79,15.07,50.033,20.72,88.6,1.76,1.39,0.86,2.4,2.27,0,None,0,0.00548,1.3376,8.22
230.29,15.83,50.036,22.12,160.9,2.19,1.48,0.87,2.78,3.57,0,None,0,0.00475,1.3377,7.12
229.8,15,50.018,20.98,47.3,2.47,1.29,0.54,2.83,2.8,0,None,0,0.00387,1.3378,5.81
229.49,15.02,50.002,20.89,63.2,1.8,1.58,0.48,2.44,2.76,0,None,0,0.00288,1.3378,4.33
230.53,15.79,49.91,20.53,124.9,0.51,0.54,0.65,0.99,0.92,0,None,0,0.00582,1.3379,8.73
230.28,15.36,50.013,21.33,138.8,2.28,1.01,0.83,2.63,3.4,0,None,0,0.00345,1.338,5.18
230.69,15.66,49.988,21.69,148,3.28,1.93,0.82,3.89,3.47,0,None,0,0.00493,1.3381,7.39
230.21,15.52,49.993,21.98,118,1.77,1.71,0.49,2.51,3.15,0,None,0,0.00302,1.3382,4.53
230.63,15.64,49.943,22.58,232.8,1.12,1.45,0.47,1.89,1.93,0,None,0,0.00515,1.3383,7.72
230.14,15.8,50.015,22.28,124,2.41,1.14,0.23,2.67,2.71,0,None,0,0.0035,1.3383,5.25
229.01,15.66,49.957,21.74,125.5,3.05,1.61,0.76,3.53,4.06,0,None,0,0.00635,1.3385,9.52
230.01,14.81,50.004,21.77,104.4,2.32,1.37,0.5,2.74,2.32,0,None,0,0.00292,1.3385,4.38
228.93,15.67,50.027,22.37,142.8,3.03,0.59,0.52,3.14,3.37,0,None,0,0.00519,1.3386,7.79
228.83,15.47,49.986,23.01,164.1,2.48,1.6,1.03,3.12,2.84,0,None,0,0.00459,1.3387,6.89
229.5,16.09,50.036,22.13,189.2,2.42,0.85,0.75,2.68,2.35,0,None,0,0.00483,1.3388,7.25
229.82,14.88,49.978,21.69,83.1,1.69,1.5,0.68,2.36,2.93,0,None,0,0.0036,1.3389,5.4
230.05,17.9,50.018,21.3,134.5,10.73,4.81,2.47,12.01,15.6,0,Harmonic_Distortion,1,0.01295,1.3392,19.42
231.37,18.27,49.961,20.97,163.8,10.66,6.65,2.84,12.88,16.56,0,Harmonic_Distortion,1,0.01574,1.3395,23.61
229.25,18.3,50.031,22.7,171.1,10.87,5.25,1.44,12.16,14.72,0,Harmonic_Distortion,1,0.01419,1.3397,21.29
230.3,18.44,50.026,22.66,149.6,9.67,5.51,2.36,11.37,14.33,0,Harmonic_Distortion,1,0.01288,1.34,19.32
230.18,17.75,50.014,22.69,172.7,10.74,5.06,2.33,12.1,15.27,0,Harmonic_Distortion,1,0.01292,1.3403,19.38
229.09,18.59,49.988,22.16,120.4,9.18,3.11,3.12,10.18,9.04,0,Harmonic_Distortion,1,0.01136,1.3405,17.05
230.11,18.71,49.958,23.43,216.7,11.04,5.71,1.6,12.53,10.56,0,Harmonic_Distortion,1,0.01471,1.3408,22.06
231.5,18.82,49.988,21.95,195.9,5.99,5.95,3.11,9,7.77,0,Harmonic_Distortion,1,0.01057,1.341,15.85
230.28,18.3,50.033,23.14,104.1,10.66,5.57,2.98,12.39,10.92,0,Harmonic_Distortion,1,0.01424,1.3413,21.36
230.34,18,50.004,22.37,116.7,7.37,2.34,2.53,8.14,9.85,0,Harmonic_Distortion,1,0.00855,1.3415,12.83
228.94,17.55,49.953,21.95,119.6,8.29,4.58,3.42,10.07,12.79,0,Harmonic_Distortion,1,0.01309,1.3417,19.63
232.95,18.18,49.966,22.95,190.4,7.4,7.8,1.99,10.94,10.68,0,Harmonic_Distortion,1,0.01455,1.342,21.83
229.03,15.97,50.038,22.84,113.7,1.77,1.25,0.74,2.29,1.87,0,None,0,0.00481,1.3421,7.21
227.5,16.07,50.015,22.83,153.6,1.14,1.58,0.02,1.95,1.86,0,None,0,0.00431,1.3422,6.47
231.29,15.59,49.963,22.64,186.9,2.43,1.08,0.71,2.75,3.17,0,None,0,0.00544,1.3423,8.16
229.83,14.86,49.947,22.58,167.9,1.31,0.8,0.53,1.62,2.06,0,None,0,0.00438,1.3424,6.57
229.55,15.8,49.981,24.56,182.8,2.89,1.01,0.7,3.14,3.22,0,None,0,0.00438,1.3425,6.56
229.18,15.52,49.944,23.63,131.7,2,1.25,0.31,2.38,2.3,0,None,0,0.00569,1.3426,8.53
232.81,15.79,49.995,23.3,200,2.04,1.02,0.7,2.38,2.68,0,None,0,0.00445,1.3427,6.67
230.53,15.81,50.074,22.84,153.6,0.81,1.97,0.92,2.32,2.1,0,None,0,0.00634,1.3428,9.52
230.82,16.01,49.952,23.59,167,2.09,0.95,0.65,2.38,2.82,0,None,0,0.00532,1.3429,7.98
230.24,16.12,49.994,23.24,191.5,1.95,0.78,0.42,2.14,2.16,0,None,0,0.00258,1.343,3.87
230.41,15.93,50.039,22.88,188,1.22,1.52,0.43,2,2.58,0,None,0,0.00423,1.343,6.35
232.1,15.24,50.022,22.65,186.8,2.05,1.57,0.74,2.69,3.41,0,None,0,0.00518,1.3431,7.77
229.62,15.57,49.996,22.86,157.8,1.76,1.21,0.74,2.26,2.56,0,None,0,0.00273,1.3432,4.1
227.81,16.32,49.996,20.43,177.9,1.87,0.96,0.69,2.21,2.49,0,None,0,0.00386,1.3433,5.78
231.3,15.94,49.965,23.17,191.9,2.02,0.44,0.59,2.15,1.85,0,None,0,0.00473,1.3434,7.09
230.75,15.7,49.992,22.64,138.9,1.72,1.69,0.65,2.49,2.35,0,None,0,0.00338,1.3434,5.07
230.16,15.93,50.007,24.34,177.4,2.15,1.55,0.58,2.71,3.34,0,None,0,0.00318,1.3435,4.77
230.71,16.03,50.033,23.12,213.5,1.95,1.02,0.5,2.26,2.22,0,None,0,0.00438,1.3436,6.56
229.44,14.89,49.981,22.19,149,2.28,1.22,0.79,2.71,2.74,0,None,0,0.004,1.3437,6
230.03,15.98,49.994,23.13,248.4,1.68,1.11,0.68,2.13,2.59,0,None,0,0.00243,1.3437,3.65
229.8,16.03,49.972,22.37,255,1.36,1.85,0.92,2.48,2.51,0,None,0,0.00403,1.3438,6.04
229.11,16.09,50.007,23.62,156.5,1.57,0.78,0.88,1.97,2.41,0,None,0,0.00288,1.3439,4.33
231.78,16.14,50.024,23.51,262.8,2.87,0.95,0.67,3.09,2.58,0,None,0,0.00543,1.344,8.15
227.88,15.43,50.019,24.08,204.9,2.57,0.91,0.75,2.83,3.24,0,None,0,0.00516,1.3441,7.74
233.54,16.08,49.965,22.72,229.5,2.73,1.32,0.36,3.05,2.54,0,None,0,0.00712,1.3442,10.68
231.32,15.61,50.004,23.41,195.1,2.77,1.22,0.58,3.08,3.68,0,None,0,0.00416,1.3443,6.24
227.33,15.67,49.98,22.33,254.1,1.72,1.28,0.69,2.25,2.42,0,None,0,0.00501,1.3444,7.51
229.66,15.79,50.03,24.02,235.6,2.18,0.85,0.2,2.35,2.53,0,None,0,0.00408,1.3445,6.12
229.75,16.01,49.995,23.9,189,2.05,1.79,0.71,2.81,2.78,0,None,0,0.00322,1.3445,4.83
230.59,16.18,49.954,23.92,177.2,2.4,1.02,0.36,2.63,3.29,0,None,0,0.00529,1.3447,7.94
228.52,15.89,49.993,23.56,167.6,1.83,1.68,0.39,2.51,2.65,0,None,0,0.00381,1.3447,5.71
230.05,16.23,50.014,23.93,235.8,2.06,2.46,0.47,3.24,3.01,0,None,0,0.00396,1.3448,5.93
229.82,16.3,50.007,24.91,253.5,2.04,0.85,0.59,2.29,2.78,0,None,0,0.00278,1.3449,4.16
228.89,16.14,49.985,23.44,258.9,2.32,1.34,0.27,2.69,3.43,0,None,0,0.00418,1.3449,6.27
228.68,16.22,49.982,23.81,230.5,2.39,1.15,0.81,2.78,2.56,0,None,0,0.00451,1.345,6.77
231.38,15.08,49.97,22.87,191.2,2.06,2.01,0.64,2.95,3.25,0,None,0,0.00533,1.3451,7.99
227.46,15.94,49.988,23.08,212.6,2.07,1.09,1.08,2.58,2.82,0,None,0,0.00483,1.3452,7.25
230.72,15.93,49.974,23.88,288.3,2.14,1.3,0.68,2.59,2.86,0,None,0,0.00434,1.3453,6.51
231.2,16.39,50.029,24.72,225.2,2.99,1.29,0.74,3.34,3.61,0,None,0,0.00557,1.3454,8.36
229.67,16.05,49.973,23.67,252.7,0.96,1.16,0.39,1.56,1.32,0,None,0,0.00312,1.3455,4.68
230.08,15.92,50.004,23.72,206.3,1.42,1.5,0.3,2.09,2.1,0,None,0,0.00232,1.3455,3.48
231.75,15.69,50.002,23.62,265.2,2.4,1.24,0.75,2.81,3.63,0,None,0,0.00403,1.3456,6.04
228.94,16.33,50.028,23.55,235.9,2.16,1.39,0.33,2.59,2.19,0,None,0,0.0047,1.3457,7.05
229.1,16.49,50.033,24.25,298.5,2.16,1.29,0.76,2.62,2.98,0,None,0,0.00485,1.3458,7.27
229.26,16.37,50.021,22.86,290,2.4,0.96,1.03,2.78,3.47,0,None,0,0.00431,1.3459,6.46
231.75,15.88,50.011,25.11,241.7,2.13,1.09,0.84,2.53,2.28,0,None,0,0.0042,1.346,6.31
231.94,15.88,49.969,23.59,259,1.66,1.42,0.74,2.31,2.78,0,None,0,0.00515,1.3461,7.72
227.91,16.18,49.968,24.74,244.5,2.38,1.42,0.67,2.85,2.62,0,None,0,0.00582,1.3462,8.73
231.51,15.7,49.975,23.18,212.3,2.01,1.7,0.5,2.68,2.19,0,None,0,0.00493,1.3463,7.4
194.13,16.22,50.023,30.5,149.3,5.42,4.88,0.57,7.31,7.76,0,Combined_Weather_Electrical,1,0.03184,1.3469,47.75
195.06,15.62,50.002,28.73,177.5,5.34,2.15,0.46,5.78,6.67,0,Combined_Weather_Electrical,1,0.02867,1.3475,43.01
193.58,16.14,50.026,27.76,182.3,5.17,3.93,0.27,6.5,5.84,0,Combined_Weather_Electrical,1,0.03156,1.3481,47.33
193.04,16.76,50.03,30.13,179.5,6.66,2.54,0.61,7.15,5.98,0,Combined_Weather_Electrical,1,0.03276,1.3488,49.14
193.04,16.76,49.978,30.09,169.8,7.18,2.54,0.88,7.67,8.26,1,Combined_Weather_Electrical,1,0.03286,1.3495,49.29
193.98,16.41,50.001,28.27,202.5,6.79,3.28,0.28,7.55,6.6,0,Combined_Weather_Electrical,1,0.03109,1.3501,46.63
195.93,16.87,50,28.66,182.2,5.38,3.84,0.95,6.67,5.95,0,Combined_Weather_Electrical,1,0.02892,1.3507,43.37
231.44,15.74,49.99,25.3,317.8,3.54,0.77,0.9,3.73,4.3,0,None,0,0.00516,1.3508,7.74
230.23,15.8,49.984,25.15,221.4,1.91,1.05,0.7,2.29,2.53,0,None,0,0.00324,1.3508,4.87
228.24,15.56,50.036,24.56,138.1,1.72,1.01,0.7,2.12,2.69,0,None,0,0.00504,1.3509,7.56
229.13,16.58,50.002,23.8,309,2.52,0.6,0.55,2.64,2.54,0,None,0,0.00329,1.351,4.94
227.85,16.39,50,25.13,243.4,1.85,1.19,0.61,2.28,2.07,0,None,0,0.0037,1.3511,5.56
229.68,16.05,49.976,24.67,294.6,2.01,0.74,0.48,2.19,2.47,0,None,0,0.00361,1.3511,5.41
231.39,16.52,50.02,22.83,293.7,1.41,1.26,0.61,1.99,2.56,0,None,0,0.00391,1.3512,5.86
229.99,16.53,49.97,25.35,372,2.36,1.31,0.63,2.78,2.99,0,None,0,0.00429,1.3513,6.43
231.53,16.81,50.014,24.74,327.3,1.12,1.36,1.07,2.06,1.95,0,None,0,0.00374,1.3514,5.61
230.51,16.16,50.014,25.75,320.7,1.94,1.38,0.74,2.49,3.13,0,None,0,0.00355,1.3514,5.32
229.4,20.74,49.988,23.95,350.3,7.65,5.43,3.26,9.93,10.97,0,Harmonic_Distortion,1,0.01094,1.3517,16.41
230.13,20.41,50.01,22.32,334.3,9.17,3.99,2.2,10.24,9.28,0,Harmonic_Distortion,1,0.0108,1.3519,16.2
230.71,21.02,50.006,25.12,304.1,8.17,6.75,2.08,10.8,13.77,0,Harmonic_Distortion,1,0.01154,1.3521,17.32
230.21,20.75,49.999,25.16,368.1,7.94,4.97,2.49,9.69,9.08,0,Harmonic_Distortion,1,0.00989,1.3523,14.83
230.23,20.41,50,23.61,283.7,6.47,5.98,3.09,9.34,11.66,0,Harmonic_Distortion,1,0.0095,1.3525,14.25
228.85,20.96,50.002,24.22,343.8,7.8,6.04,2.93,10.3,11.4,0,Harmonic_Distortion,1,0.01114,1.3527,16.71
229.35,20.8,50.004,27.24,271.8,11.13,3.6,3.09,12.1,12.72,0,Harmonic_Distortion,1,0.01272,1.353,19.07
233.39,21.14,50.002,24.83,344.8,8.16,5.5,3.2,10.35,10,0,Harmonic_Distortion,1,0.01265,1.3532,18.97
231.84,20.96,49.967,25.69,347.2,5.77,4.72,1.47,7.6,6.53,0,Harmonic_Distortion,1,0.01045,1.3534,15.68
227.79,20.96,49.995,24.62,409.4,10.7,6.57,3.47,13.03,12.02,0,Harmonic_Distortion,1,0.0147,1.3537,22.04
226.45,20.28,50.008,23.5,282.7,5.79,6.58,2.86,9.22,8.9,0,Harmonic_Distortion,1,0.01193,1.354,17.9
230.11,16.46,50.003,25.07,324.2,0.56,1.17,0.53,1.4,1.32,0,None,0,0.00162,1.354,2.44
231.34,16.76,50.029,25.03,384.1,1.85,1.41,0.61,2.41,2.02,0,None,0,0.00471,1.3541,7.07
252.98,2.16,50.019,24.96,367.5,1.67,1.47,0.65,2.32,2.53,1,None,0,0.01823,1.3545,27.35
388.6,16.62,49.974,25.22,364.3,2.61,0.99,0.41,2.82,2.92,1,None,0,0.10756,1.3566,161.33
230.09,16.01,49.995,25.56,321.8,2.09,0.8,0.25,2.26,1.92,0,None,0,0.00256,1.3567,3.85
229.76,16.72,49.991,25.26,339.4,2.99,1.14,0.93,3.33,3.44,0,None,0,0.00396,1.3567,5.94
231.13,16.84,50,24.41,415.8,1.67,0.25,0.85,1.89,1.59,0,None,0,0.00264,1.3568,3.95
229.2,16.96,50,25.84,367,2.29,1.23,0.69,2.69,3.41,0,None,0,0.00322,1.3569,4.83
229.57,16.64,50.018,23.93,387,1.85,1.04,0.83,2.28,2.12,0,None,0,0.00347,1.3569,5.21
231.01,16.05,50.005,23.88,370.5,2.83,1.54,1.08,3.4,3.95,0,None,0,0.00432,1.357,6.48
229.95,16.42,50.037,26.15,330.8,1.88,0.41,0.47,1.98,1.83,0,None,0,0.00385,1.3571,5.78
232.86,16.81,50.007,26,418.5,2.51,1.2,0.32,2.8,2.91,0,None,0,0.00503,1.3572,7.55
231.04,17.02,49.975,25.58,404.4,1.35,1.83,0.77,2.4,3.04,0,None,0,0.00433,1.3573,6.49
230.94,16.42,49.986,24.54,479.5,1.75,1.47,0.23,2.3,2.84,0,None,0,0.00361,1.3574,5.42
229.93,16.57,50.018,25.13,349.8,1.95,1.59,0.61,2.59,3.08,0,None,0,0.00354,1.3574,5.32
231.31,17.04,49.952,25.52,426.4,2.76,1.34,0.53,3.11,3.72,0,None,0,0.00639,1.3576,9.58
229.52,16.3,49.96,24.49,344.2,0.68,0.54,0.77,1.16,1.4,0,None,0,0.00349,1.3576,5.24
230.42,16.81,50,25.21,406.1,1.8,1.27,0.48,2.25,2.64,0,None,0,0.00255,1.3577,3.82
228.63,16.8,50.029,26.35,442,1.78,1.36,0.9,2.42,3.02,0,None,0,0.00474,1.3578,7.11
231.56,16.32,50.039,27.01,323.2,0.75,0.77,0.41,1.15,1.12,0,None,0,0.00413,1.3579,6.2
230.44,16.66,49.993,25.57,401,1.72,1.15,0.78,2.21,2.35,0,None,0,0.00282,1.3579,4.23
232.97,16.57,50.032,26.54,389.9,1.08,0.04,0.43,1.16,1.3,0,None,0,0.00469,1.358,7.04
233.59,16.88,50.002,24.44,387.5,0.6,1.07,0.74,1.43,1.28,0,None,0,0.00388,1.3581,5.82
231.14,16.74,49.954,26.53,434.2,1.84,1.03,0.35,2.14,2.25,0,None,0,0.00518,1.3582,7.77
230.1,16.77,50,25.39,466.8,1.82,1.76,0.59,2.6,2.24,0,None,0,0.00268,1.3582,4.02
228.58,17.43,49.981,26.32,419.8,1.85,0.96,0.93,2.28,2.53,0,None,0,0.00414,1.3583,6.21
231.36,17.23,50.028,25.91,436.6,2.15,1.09,0.63,2.49,2.12,0,None,0,0.00476,1.3584,7.13
230.32,16.45,49.999,27.2,436.2,1.47,1.17,0.9,2.08,2.19,0,None,0,0.00233,1.3585,3.49
230.81,16.68,49.962,25.47,434.9,3.07,0.96,0.59,3.28,3.38,0,None,0,0.00572,1.3586,8.58
154.84,16.89,49.955,26.71,81.8,1.98,1.49,0.47,2.52,2.16,0,Voltage_Sag,1,0.05379,1.3597,80.68
152.29,17.24,49.999,26.02,100.6,2.77,0.4,0.64,2.87,2.93,0,Voltage_Sag,1,0.05358,1.3607,80.38
152.19,16.59,49.927,26.15,94.6,0.99,1.65,0.75,2.07,2.36,0,Voltage_Sag,1,0.05645,1.3619,84.67
152.88,17.41,49.984,26.16,96.1,1.5,1.2,0.12,1.92,2.11,0,Voltage_Sag,1,0.05299,1.3629,79.49
153.94,17.11,50.007,25.66,86.8,2.41,1.72,0.73,3.05,3.14,0,Voltage_Sag,1,0.05301,1.364,79.51
230.83,17.11,49.968,26.36,436.2,1.86,0.1,0.37,1.9,1.87,0,None,0,0.00403,1.3641,6.05
228.66,17.43,50.03,26.36,450.8,1.36,0.23,0.3,1.41,1.17,0,None,0,0.00377,1.3641,5.66
231.13,16.97,50.036,26.64,399.8,0.9,1.08,0.73,1.59,2.03,0,None,0,0.00411,1.3642,6.17
228.2,16.95,49.969,26.54,397,2.44,1.4,0.93,2.97,2.97,0,None,0,0.00567,1.3643,8.5
228.74,17.5,49.991,27.15,443.8,2.39,0.98,0.65,2.66,2.69,0,None,0,0.00393,1.3644,5.9
229.83,17.56,50.03,27.28,492,2.15,1.43,0.26,2.59,2.24,0,None,0,0.0042,1.3645,6.3
229.17,16.73,50,25.74,448.4,1.7,1.59,0.43,2.37,2.53,0,None,0,0.00291,1.3645,4.37
231.33,17.2,49.958,27.3,437.1,1.33,1.47,0.5,2.04,2.63,0,None,0,0.005,1.3646,7.51
230.43,16.78,49.996,25.69,448.6,1.97,1.24,0.65,2.42,2.24,0,None,0,0.00291,1.3647,4.37
232.65,17.27,49.974,27.15,466.4,1.21,1.24,0.58,1.83,1.75,0,None,0,0.00483,1.3648,7.25
229.63,17.3,50.033,27.2,473.8,1.55,0.95,0.72,1.96,1.8,0,None,0,0.00386,1.3649,5.79
229.82,17.06,50.018,25.21,578,2.76,1.18,0.85,3.12,3.84,0,None,0,0.00414,1.365,6.22
231.82,17.35,49.991,26.85,536.9,0.89,0.79,0.69,1.37,1.43,0,None,0,0.00303,1.365,4.54
229.86,17.46,50.004,26.43,539.1,2.41,0.89,0.82,2.69,3.26,0,None,0,0.003,1.3651,4.49
232.24,17.27,49.961,26.23,548.3,2.9,1.41,0.53,3.26,4,0,None,0,0.00669,1.3652,10.03
230.81,17.25,49.977,27.95,465,2.49,1.01,1.42,3.04,3.57,0,None,0,0.0047,1.3653,7.05
226.47,17.3,50.047,26.38,459.5,2.24,0.9,0.74,2.53,2.35,0,None,0,0.00716,1.3655,10.74
231.77,17.08,50.002,26.29,467.5,1.72,1.38,0.77,2.34,1.91,0,None,0,0.00357,1.3655,5.35
231.37,17.59,50.028,27.03,568.6,1.61,1.35,1.04,2.35,2.05,0,None,0,0.00463,1.3656,6.95
231.43,17.68,50.007,27.55,496.8,0.65,1.11,0.62,1.43,1.65,0,None,0,0.00271,1.3657,4.07
227.13,17.28,50.039,26.92,472.1,2.02,1.14,0.44,2.36,2.76,0,None,0,0.0062,1.3658,9.31
229.01,17.39,49.94,28,508.3,1.76,1.37,0.93,2.41,2.85,0,None,0,0.00606,1.3659,9.09
229.12,0,49.994,27.53,519.5,1.58,1.59,0.94,2.43,2.24,1,None,0,0.00329,1.366,4.93
228.74,17.54,50.049,25.39,543.2,1.99,1.28,0.64,2.45,2.15,0,None,0,0.00574,1.3661,8.61
232.61,17.52,50.029,26.74,546,2.04,0.72,1.04,2.4,3.03,0,None,0,0.00554,1.3662,8.31
229.98,17.65,50.04,26.75,506.3,1.62,1.11,0.58,2.05,2.32,0,None,0,0.00405,1.3663,6.07
229.98,17.65,50,27.61,570.3,2.97,1.04,0.83,3.25,3.81,1,None,0,0.00327,1.3664,4.91
230.83,16.7,49.984,25.16,520.8,2.44,0.78,0.98,2.74,2.32,0,None,0,0.00409,1.3664,6.13
230.85,17.03,49.969,29.33,543.6,2.54,1.4,0.62,2.96,2.98,0,None,0,0.00506,1.3665,7.59
225,17.83,49.967,27.75,580.8,1.94,1.43,0.71,2.51,2.09,0,None,0,0.00742,1.3667,11.13
229.03,17.23,50.024,27.48,531.1,2.31,1.49,0.86,2.88,3.25,0,None,0,0.00472,1.3668,7.08
227.88,17.6,50.015,28.34,537.5,1.46,0.8,0.51,1.74,1.82,0,None,0,0.0039,1.3669,5.84
230.6,17.75,49.998,29.3,587.4,2.4,1.26,0.4,2.74,2.81,0,None,0,0.00323,1.3669,4.85
229.57,17.39,50.015,28.15,533,1.88,1.2,0.93,2.41,3.02,0,None,0,0.00346,1.367,5.19
230.02,17.5,50.004,28.24,555.4,1.39,1.32,0.68,2.03,2.38,0,None,0,0.00226,1.367,3.39
226.88,17.41,50.029,27.62,596.5,1.99,1.25,0.47,2.4,3.07,0,None,0,0.00587,1.3672,8.81
229.54,17.91,50.029,27.44,659.9,1.82,1.19,0.62,2.27,1.87,0,None,0,0.004,1.3672,6
231.67,17.51,49.968,27.2,605.5,3.39,1.15,0.73,3.66,4.05,0,None,0,0.00635,1.3674,9.52
232.11,17.55,50.008,26.95,603.7,2.26,1.64,0.21,2.8,3.13,0,None,0,0.00459,1.3675,6.89
231.08,17.6,49.95,27.09,609.5,2.95,0.86,0.78,3.17,2.58,0,None,0,0.00637,1.3676,9.56
413.63,17.36,50.004,26.59,548.9,2.68,1.13,0.7,2.99,3.57,1,None,0,0.12295,1.37,184.43
231.89,17.96,50.018,27.64,599.9,2.02,1.63,1.01,2.79,2.45,0,None,0,0.00493,1.3701,7.39
231.09,17.57,49.961,26.39,597.6,1.73,0.88,0.55,2.02,2.32,0,None,0,0.0047,1.3702,7.04
229.82,18.06,49.988,27.92,615.2,0.96,0.9,0.94,1.61,1.32,0,None,0,0.00235,1.3703,3.53
226.96,18.19,50,27.77,610.5,1.48,1.49,0.59,2.18,2.41,0,None,0,0.00418,1.3704,6.27
231.43,18.05,50.007,27.95,624.5,2.4,0.63,0.63,2.56,2.71,0,None,0,0.00384,1.3704,5.76
229.11,17.83,49.992,27.44,600.4,1.82,1.46,0.67,2.43,2.53,0,None,0,0.00343,1.3705,5.14
230.52,17.99,49.965,30.35,618.7,2.23,1,1.12,2.69,2.64,0,None,0,0.00478,1.3706,7.18
230.1,17.89,49.998,29.01,570.8,0.78,1.36,0.29,1.6,1.61,0,None,0,0.00175,1.3706,2.62
232.31,17.72,49.95,26.96,610.6,2.27,0.71,0.72,2.49,2.58,0,None,0,0.00647,1.3708,9.71
229.81,18.33,49.993,28.17,682.5,2.66,1.67,0.61,3.2,3.04,0,None,0,0.00367,1.3708,5.51
229.98,18.03,49.987,27.53,643.1,0.93,0.71,0.59,1.32,1.67,0,None,0,0.00199,1.3709,2.99
232.37,17.69,49.996,27.23,633.1,2.22,1.49,0.75,2.78,3.56,0,None,0,0.00452,1.371,6.79
229.01,18.37,49.983,27,713.2,2.81,0.73,0.88,3.03,2.88,0,None,0,0.00451,1.3711,6.77
231.22,17.7,49.955,28.45,586.5,3.01,1.92,0.73,3.64,4.33,0,None,0,0.0067,1.3712,10.05
229.7,17.65,49.989,27.59,600,1.7,1.17,0.91,2.25,2.65,0,None,0,0.003,1.3713,4.5
228.5,18.07,50.028,28.94,716.4,2.47,1.98,0.54,3.21,3.97,0,None,0,0.00559,1.3714,8.38
230,18.01,50.038,28.99,653.2,2.86,0.87,0.59,3.05,2.44,0,None,0,0.00494,1.3715,7.41
231.04,18.25,50.073,29.32,645.2,2.24,1.02,0.35,2.49,2.41,0,None,0,0.00682,1.3716,10.24
232.03,0,50.051,27.57,610.4,2.77,1.68,1.1,3.42,2.99,1,None,0,0.00728,1.3717,10.93
232.21,18.16,49.964,28.66,679.7,1.98,0.63,0.55,2.15,2.14,0,None,0,0.00539,1.3719,8.08
229.56,18.27,49.988,28.82,687.1,2.24,0.92,0.53,2.47,2.69,0,None,0,0.00338,1.3719,5.06
228.52,18.18,49.999,27.96,625,1.63,1.4,0.75,2.27,2.85,0,None,0,0.00327,1.372,4.91
229.52,17.91,49.997,27.76,666.6,1.9,0.79,0.88,2.24,2.73,0,None,0,0.00268,1.372,4.02
228.23,17.7,50.002,29.69,662.3,2.26,1.41,0.43,2.7,2.83,0,None,0,0.00396,1.3721,5.94
229.67,18.48,50.072,28.61,689.4,1.58,1.27,0.9,2.22,1.8,0,None,0,0.00604,1.3722,9.06
229.49,17.74,49.968,28.97,637.9,1.87,0.59,0.52,2.03,1.93,0,None,0,0.00398,1.3723,5.98
231.09,18.03,49.979,27.83,736.2,2.46,1.59,0.96,3.08,2.63,0,None,0,0.00486,1.3724,7.29
226.69,17.64,50.049,27.54,726.2,3.23,0.7,0.46,3.34,3.76,0,None,0,0.00796,1.3726,11.94
228.9,18.19,49.982,28.09,678.4,0.77,1.51,0.78,1.87,2.14,0,None,0,0.00351,1.3726,5.26
228.91,17.59,50.012,28.48,687.7,3.19,1.25,0.61,3.48,3.91,0,None,0,0.00478,1.3727,7.17
231.78,17.84,50.031,27.75,694.4,1.84,1.02,0.32,2.13,2,0,None,0,0.00484,1.3728,7.27
228.33,18.2,50.015,28.63,672.1,2.58,0.76,0.25,2.7,3.4,0,None,0,0.00452,1.3729,6.78
230.34,18.24,50.006,27.31,688.9,2.7,1.33,0.41,3.04,3.32,0,None,0,0.00355,1.373,5.32
229.81,17.89,50.028,27.8,699.2,2.94,0.85,0.85,3.17,3.49,0,None,0,0.00471,1.3731,7.06
231.56,18.43,49.973,29.26,778,1.56,1.68,0.11,2.3,2.78,0,None,0,0.00466,1.3732,6.99
230.89,18.12,49.985,29.23,754.7,1.86,1.7,0.68,2.61,2.18,0,None,0,0.00394,1.3733,5.91
230.18,18.19,50.016,28.46,757.6,1.97,1.86,0.66,2.79,2.52,0,None,0,0.00371,1.3733,5.56
229.17,18.33,49.938,27.99,738.4,1.79,1.31,0.18,2.22,2.43,0,None,0,0.00587,1.3735,8.8
227.22,17.88,50.042,28.01,682.3,2.79,1.04,0.4,3,3.32,0,None,0,0.00694,1.3736,10.41
230.37,18.17,50.009,28.56,728.7,1.95,1.08,0.4,2.27,2.34,0,None,0,0.00297,1.3737,4.45
230.8,18.02,50.005,29.4,772.5,1.03,1.05,0.61,1.59,1.9,0,None,0,0.00234,1.3737,3.51
227.64,18.47,49.951,29.66,686.7,1.62,1.3,0.97,2.29,2.23,0,None,0,0.00628,1.3738,9.42
228.15,18.54,49.961,28.55,765.8,1.05,1.37,0.87,1.94,1.56,0,None,0,0.00507,1.3739,7.61
230.38,18.89,49.988,28.05,836.5,1.86,1.69,0.51,2.57,2.49,0,None,0,0.00341,1.374,5.12
230.51,18.91,50.024,29.21,789.4,2.4,1.21,0.39,2.72,3.49,0,None,0,0.00426,1.3741,6.39
228.51,18.3,49.938,28.37,806.8,1.61,0.64,0.21,1.74,2.07,0,None,0,0.00583,1.3742,8.74
229.14,18.27,50.024,28.64,762.3,1.76,1.04,0.51,2.1,2.02,0,None,0,0.00385,1.3743,5.77
227.25,18.02,49.989,30.14,795.5,1.84,1.82,0.38,2.61,2.38,0,None,0,0.00495,1.3744,7.42
232.07,19.26,49.993,29.77,731.4,2.08,0.58,0.59,2.24,2.7,0,None,0,0.00392,1.3745,5.89
182.64,18.5,50.008,33.44,527.3,5.82,3.65,0.6,6.9,6.21,0,Combined_Weather_Electrical,1,0.03816,1.3752,57.25
184.85,18.79,50.008,35.99,525.6,5.69,3.85,0.48,6.89,7.51,0,Combined_Weather_Electrical,1,0.03674,1.376,55.11
184.16,18.12,49.979,36.77,518.1,7.77,2.53,0.49,8.19,8.63,0,Combined_Weather_Electrical,1,0.03915,1.3767,58.72
185.75,19,50.019,37.24,547.5,6.02,2.44,0.43,6.51,6.59,0,Combined_Weather_Electrical,1,0.03631,1.3775,54.46
183.25,18.92,49.93,32.4,500.4,6.28,3.71,0.47,7.31,7.41,0,Combined_Weather_Electrical,1,0.04128,1.3783,61.92
184.28,18.49,49.986,36.57,511.8,5.71,2.34,0.96,6.24,7.19,0,Combined_Weather_Electrical,1,0.03674,1.379,55.11
182.16,18.26,50.005,34.34,521.4,5.72,2.4,0.73,6.25,5.32,0,Combined_Weather_Electrical,1,0.03768,1.3798,56.52
181.87,18.37,49.99,36.91,493.7,5.76,2.06,0.73,6.16,6.15,0,Combined_Weather_Electrical,1,0.03807,1.3805,57.1
184.92,17.9,49.945,34.73,529.1,4.01,3.23,0.85,5.22,6.7,0,Combined_Weather_Electrical,1,0.03736,1.3813,56.04
182.06,18.27,50.023,36.02,479.6,5.74,3.57,0.83,6.81,8.1,0,Combined_Weather_Electrical,1,0.03922,1.3821,58.82
183.93,19.02,49.963,35.68,555,6.67,2.12,0.96,7.07,5.73,0,Combined_Weather_Electrical,1,0.03899,1.3829,58.48
231.52,18.58,49.998,29.78,800.1,1.7,1.17,0.75,2.2,2.25,0,None,0,0.00329,1.3829,4.93
231.12,18.39,50.005,29.05,780.5,3.56,0.26,0.65,3.63,3.12,0,None,0,0.00459,1.383,6.88
229,18.6,50.001,29.12,771.1,2.31,1.76,0.45,2.93,3.06,0,None,0,0.00361,1.3831,5.42
227.62,18.76,50.035,29.69,798.1,3.2,0.7,0.39,3.3,2.81,0,None,0,0.00661,1.3832,9.91
230.76,18.18,49.998,28.5,838.1,2.9,1.13,0.82,3.21,3.2,0,None,0,0.00379,1.3833,5.69
232.01,18.74,50.013,29.44,835.5,1.62,1.41,0.57,2.22,2.38,0,None,0,0.00418,1.3834,6.26
229.01,19.31,49.998,30.46,788.4,2.02,1.72,0.26,2.67,2.63,0,None,0,0.0034,1.3834,5.1
228.8,18.04,50.018,27.85,785.8,1.74,0.88,0.08,1.95,2.13,0,None,0,0.00366,1.3835,5.49
229.21,18.81,50.042,30.86,848.9,1.9,0.2,1.14,2.23,2.88,0,None,0,0.00483,1.3836,7.24
230.86,19.2,50.004,30.55,796.7,1.41,1.63,0.35,2.19,2.02,0,None,0,0.00295,1.3837,4.43
231.84,19.02,50.023,29.31,830.9,1.74,0.7,0.43,1.92,2.08,0,None,0,0.00429,1.3838,6.44
228.14,18.6,50.044,30.14,836.4,2.22,1.34,0.91,2.75,2.84,0,None,0,0.00614,1.3839,9.21
227.75,18.84,50.041,29.73,846.8,2.2,1.37,0.3,2.61,3.14,0,None,0,0.00611,1.384,9.16
233.51,18.92,49.988,30.74,871.6,2.15,0.1,0.73,2.28,2.18,0,None,0,0.00514,1.3841,7.71
229.73,18.36,50.031,30.56,789.6,1.96,0.55,1.06,2.3,2.57,0,None,0,0.00403,1.3842,6.04
230.38,18.38,50.007,28.68,766.5,2.52,1.02,1.13,2.94,3.37,0,None,0,0.00356,1.3843,5.34
228.96,18.62,50.034,30.3,823.1,1.85,0.17,0.49,1.92,2.47,0,None,0,0.00427,1.3843,6.4
230.73,21.56,50.017,29.69,920.7,7.15,6.53,3.06,10.16,8.9,0,Harmonic_Distortion,1,0.01149,1.3846,17.24
231.44,21.34,50.008,29.94,932.3,5.89,4.58,2.56,7.89,10.25,0,Harmonic_Distortion,1,0.00924,1.3848,13.86
230.45,21.1,50.013,29.31,927.5,9.61,3.91,3.54,10.96,12.72,0,Harmonic_Distortion,1,0.0119,1.385,17.86
232.61,21.28,50.008,31.32,849.3,10.83,4.11,2.85,11.93,12.27,0,Harmonic_Distortion,1,0.01402,1.3853,21.03
229.51,21.57,50.009,30.78,788.5,9.45,4.98,1.28,10.76,10.03,0,Harmonic_Distortion,1,0.01152,1.3855,17.28
229.61,20.85,49.995,29.38,768.7,7.45,2.74,2.7,8.38,9.34,0,Harmonic_Distortion,1,0.00888,1.3857,13.32
230.35,21.01,49.992,28.92,840.6,10.4,4.64,3.41,11.88,10.35,0,Harmonic_Distortion,1,0.01249,1.3859,18.73
230.7,19.05,50.053,29.71,859.9,2.55,1.5,0.94,3.11,3.96,0,None,0,0.00621,1.3861,9.31
230.34,19.06,50.014,30.39,922.5,0.95,1.81,0.93,2.25,2,0,None,0,0.00318,1.3861,4.78
228.07,19.6,49.983,30.25,907.9,2.38,0.81,0.5,2.56,3.04,0,None,0,0.00468,1.3862,7.02
230.47,18.99,49.992,31.09,884.9,1.73,1.3,0.57,2.24,2.18,0,None,0,0.00296,1.3863,4.44
229.44,19.02,50.032,30.74,842.8,2.68,1.52,0.82,3.19,2.89,0,None,0,0.00514,1.3864,7.71
229.13,18.59,49.978,30.91,842.5,0.9,1.3,0.85,1.79,2.15,0,None,0,0.00346,1.3864,5.19
227.94,23.45,49.956,30.41,893.7,3.47,1.1,0.02,3.64,4.52,1,None,0,0.0072,1.3866,10.8
228.56,19.09,49.958,29.06,913.9,1.47,0.94,0.82,1.93,1.55,0,None,0,0.00498,1.3867,7.47
228.3,19,49.948,30.04,904.2,2.86,1.99,1.01,3.63,4.67,0,None,0,0.00733,1.3868,11
226.08,18.7,49.961,31.07,849.7,1.96,1.24,0.66,2.41,2.44,0,None,0,0.00692,1.387,10.38
232.62,18.9,49.965,30.2,919.5,1.51,1.36,0.84,2.19,1.86,0,None,0,0.00567,1.3871,8.51
230.83,19.17,50.042,30.67,913,2.16,1.33,0.92,2.7,2.77,0,None,0,0.00532,1.3872,7.98
229.82,19.01,49.999,30.03,855.5,2.62,0.88,0.66,2.84,2.44,0,None,0,0.00302,1.3873,4.53
229,18.81,49.989,29.48,869.4,1.07,1.22,0.8,1.81,1.68,0,None,0,0.00301,1.3873,4.51
225.69,19.22,49.957,30.23,930.7,2.42,1.07,0.6,2.72,2.93,0,None,0,0.00769,1.3875,11.54
228.91,19,49.996,30.6,896.1,1.99,1.06,0.59,2.33,2.29,0,None,0,0.00326,1.3875,4.89
231.07,19.31,49.948,29.85,971.4,2.35,1.33,0.43,2.73,2.5,0,None,0,0.00604,1.3877,9.05
231.41,19.07,49.989,30.2,930.2,2.01,0.83,0.64,2.27,2.04,0,None,0,0.00374,1.3877,5.61
230.96,18.96,50.062,29.66,892.9,1.66,0.72,1.07,2.1,2.35,0,None,0,0.00582,1.3878,8.74
230.24,19.93,50.02,31.33,914.2,1.33,1.4,0.37,1.97,2.47,0,None,0,0.00312,1.3879,4.68
231.96,19.18,49.994,30.22,919.4,2.4,0.99,0.75,2.71,2.24,0,None,0,0.0043,1.388,6.44
229.51,19.24,50.021,31.64,889.9,2.4,1.06,0.68,2.71,2.5,0,None,0,0.00408,1.3881,6.12
231.63,19.16,49.984,31.72,884.7,2.4,0.43,0.97,2.62,2.97,0,None,0,0.00446,1.3882,6.7
229.42,19.15,49.976,30.45,951.4,2.26,1.59,1.02,2.94,3.8,0,None,0,0.00452,1.3883,6.77
228.68,19.61,50.051,29.73,959.3,2.57,1.41,0.37,2.95,3.37,0,None,0,0.00637,1.3884,9.55
228.49,19.06,49.966,28.89,951.7,2.84,1.48,0.46,3.24,2.68,0,None,0,0.00594,1.3885,8.91
228.4,19.65,49.989,29.4,990.3,0.87,1.35,0.47,1.68,1.49,0,None,0,0.00325,1.3886,4.88
230.99,18.91,50.009,29.5,910,0.59,0.59,0.48,0.97,0.94,0,None,0,0.00207,1.3886,3.11
228.89,19.2,49.972,31.72,1000.7,3.03,1.29,0.5,3.33,2.93,0,None,0,0.00546,1.3887,8.19
228.45,19.14,50.02,30.73,899.7,1.2,0.96,0.69,1.68,1.5,0,None,0,0.00366,1.3888,5.5
231.07,18.71,49.991,30.97,897.2,1.35,0.81,0.39,1.62,1.52,0,None,0,0.00278,1.3888,4.17
230.49,18.98,50.02,28.9,869.2,1.83,1.4,0.42,2.34,2.31,0,None,0,0.00366,1.3889,5.49
231.44,18.72,50.018,29.74,923.7,1.01,1.86,0.4,2.16,2.15,0,None,0,0.00398,1.389,5.97
230.77,19.07,49.993,31.43,923.2,1.77,1.8,0.72,2.62,2.76,0,None,0,0.00349,1.3891,5.24
228.87,18.88,50.051,30.97,966.3,1.43,1.45,0.58,2.12,2.68,0,None,0,0.00542,1.3892,8.13
230.11,20.11,49.98,30.64,956.8,1.86,1.19,0.54,2.27,2.95,0,None,0,0.00334,1.3892,5.02
230.19,18.57,50.04,31.23,901.1,2.17,1.11,0.39,2.47,2,0,None,0,0.00461,1.3893,6.92
228.62,19.25,50.035,32.1,934.9,1.79,0.84,0.2,1.99,2.08,0,None,0,0.00465,1.3894,6.98
228.34,19.52,50.053,30.63,937.5,1.76,1.09,1.01,2.31,2.71,0,None,0,0.00604,1.3895,9.06
228.98,19.29,50.005,30.88,883,2.15,1.56,0.53,2.71,2.27,0,None,0,0.00364,1.3896,5.46
233.05,19.37,49.976,31,916.5,2.63,1.93,1.28,3.5,4.45,0,None,0,0.00668,1.3898,10.01
229.38,19.15,50.062,32.78,926.5,2.96,0.87,0.79,3.19,4.05,0,None,0,0.00671,1.3899,10.06
231.85,19.83,49.99,29.2,1016.3,1.87,0.4,1.06,2.18,1.98,0,None,0,0.00389,1.39,5.84
229.3,19.62,49.976,31.45,968.3,3.09,0.99,0.85,3.36,4.01,0,None,0,0.00504,1.3901,7.55
231.33,19.46,49.994,30.83,988.6,2.53,1.56,0.64,3.04,3.31,0,None,0,0.00419,1.3902,6.29
231.35,19.16,49.971,31.39,903.7,1.26,2.03,0.45,2.43,1.99,0,None,0,0.00479,1.3902,7.18
231.43,19.38,50.016,30.43,1013,1.24,1.72,0.36,2.16,2.04,0,None,0,0.00388,1.3903,5.81
230.58,19.25,49.982,30.93,1018.7,1.65,1.71,0.88,2.54,2.37,0,None,0,0.00383,1.3904,5.74
232.07,19.4,49.991,31.56,888.2,2.87,0.86,0.67,3.07,3.8,0,None,0,0.00484,1.3905,7.27
230.57,19.73,50.029,33.5,941.3,1.7,0.87,0.75,2.05,2.56,0,None,0,0.00387,1.3906,5.81
232.57,19.18,50.019,31.67,990.7,0.86,0.67,0.8,1.36,1.11,0,None,0,0.00397,1.3907,5.95
227.57,19.36,50,30.36,998,1.86,0.93,0.69,2.19,2.57,0,None,0,0.0038,1.3907,5.7
